targetname,datetime_jd,datetime_str,M1,x,k1,y,z,vx,vy,vz,lighttime,range,range_rate
ATLAS (C/2025 N1),2461131.5,A.D. 2026-Apr-01 00:00:00.0000,12.5,-11.46573852553954,4.5,4.486377861082487,0.141459723154781,-0.002458704077224111,0.02927100081323141,-0.002090225345205825,0.07111414204768333,12.31303200278988,0.01293068558147169
ATLAS (C/2025 N1),2461138.5,A.D. 2026-Apr-08 00:00:00.0000,12.5,-11.48279445617795,4.5,4.691068578152337,0.1268364257888563,-0.002415447779581615,0.02921284824617363,-0.002087861115617841,0.0716436184132023,12.40470799360735,0.01326196054770942
ATLAS (C/2025 N1),2461145.5,A.D. 2026-Apr-15 00:00:00.0000,12.5,-11.49955659539445,4.5,4.895361644544488,0.1122321792085055,-0.002373228490415482,0.02915742356499527,-0.002084950558106577,0.0721863466423611,12.498678473487,0.01358489300518042
ATLAS (C/2025 N1),2461152.5,A.D. 2026-Apr-22 00:00:00.0000,12.5,-11.51602226363905,4.5,5.099290997085696,0.09764194523956554,-0.002332248579515699,0.02910911255592708,-0.00208382798893469,0.07274197618493411,12.59488274653875,0.01390172474494608
ATLAS (C/2025 N1),2461159.5,A.D. 2026-Apr-29 00:00:00.0000,12.5,-11.53221662630246,4.5,5.302891385402776,0.08306204197107901,-0.002294352907851433,0.0290625516000203,-0.002081707035852497,0.07331032126426304,12.69328864653138,0.0142123624109198
ATLAS (C/2025 N1),2461166.5,A.D. 2026-May-06 00:00:00.0000,12.5,-11.54813987395605,4.5,5.506179070711852,0.06849469139465986,-0.002255631811197865,0.02902079923754845,-0.002080712765912343,0.07389103309130698,12.79383578251449,0.01451476745637095
ATLAS (C/2025 N1),2461173.5,A.D. 2026-May-13 00:00:00.0000,12.5,-11.56380726392622,4.5,5.709188813175012,0.05393304489665841,-0.002220945171216781,0.02898173121206253,-0.002079403839709231,0.07448389868600137,12.89648727813304,0.01481276295052186
ATLAS (C/2025 N1),2461180.5,A.D. 2026-May-20 00:00:00.0000,12.5,-11.57922687324992,4.5,5.91192810772589,0.03938269285554987,-0.002184571056378849,0.02894483277550945,-0.00207820316357449,0.07508861084532344,13.00118994283251,0.01510119996461255
ATLAS (C/2025 N1),2461187.5,A.D. 2026-May-27 00:00:00.0000,12.5,-11.59440101733472,4.5,6.114427302456058,0.0248360858934899,-0.002151644509489785,0.02891197960161269,-0.002077673437317348,0.07570490144932415,13.1078973530828,0.01538581055569108
ATLAS (C/2025 N1),2461194.5,A.D. 2026-Jun-03 00:00:00.0000,12.5,-11.6093462609218,4.5,6.316693977092071,0.01029814558106165,-0.002117873697284556,0.02887915472651029,-0.002076260147805871,0.07633252634020321,13.21656723427126,0.01566114154416279
ATLAS (C/2025 N1),2461201.5,A.D. 2026-Jun-10 00:00:00.0000,12.5,-11.62405526442545,4.5,6.518748575220103,-0.004235817428579595,-0.002085659644654362,0.02885108384365345,-0.002076243663857501,0.07697116329087933,13.32714379450828,0.01593181423826209
ATLAS (C/2025 N1),2461208.5,A.D. 2026-Jun-17 00:00:00.0000,12.5,-11.63854799826053,4.5,6.720604820252296,-0.01876484174366081,-0.002054447292562107,0.02882224195430518,-0.002074898719555994,0.07762062020170393,13.43959377277075,0.01619488062355299
ATLAS (C/2025 N1),2461215.5,A.D. 2026-Jun-24 00:00:00.0000,12.5,-11.65281523744825,4.5,6.922271125331137,-0.03328860340097881,-0.002022573419733789,0.02879745495328317,-0.002074946107562459,0.07828055149236436,13.55385733368239,0.016451518696039
ATLAS (C/2025 N1),2461222.5,A.D. 2026-Jul-01 00:00:00.0000,12.5,-11.66687245916422,4.5,7.123768120042177,-0.04781103933917987,-0.001993455528685596,0.02877273180648799,-0.002074042090827028,0.07895078023954051,13.66990384391992,0.01670288435754607
ATLAS (C/2025 N1),2461229.5,A.D. 2026-Jul-08 00:00:00.0000,12.5,-11.68071665680497,4.5,7.32509519058085,-0.06232735055018841,-0.001962176932826433,0.02875018609705342,-0.00207381784023304,0.07963098310662732,13.78767731948563,0.01694605500608834
ATLAS (C/2025 N1),2461236.5,A.D. 2026-Jul-15 00:00:00.0000,12.5,-11.69435283572045,4.5,7.526275411521772,-0.07684449206249291,-0.001934180673776085,0.02872941402036675,-0.002073569201788188,0.08032095694024179,13.90714258546164,0.01718568817997191
ATLAS (C/2025 N1),2461243.5,A.D. 2026-Jul-22 00:00:00.0000,12.5,-11.70778823204114,4.5,7.727306063934451,-0.09135620574383933,-0.001904112368161348,0.02870862563827582,-0.002072947855848314,0.08102043812678959,14.028253998569,0.01741646950747073
ATLAS (C/2025 N1),2461250.5,A.D. 2026-Jul-29 00:00:00.0000,12.5,-11.72101670378154,4.5,7.928205773335406,-0.1058688447870466,-0.001876269081985064,0.02869119072505821,-0.002073301779346152,0.08172917350595946,14.15096772545861,0.01764408965586783
ATLAS (C/2025 N1),2461257.5,A.D. 2026-Aug-05 00:00:00.0000,12.5,-11.73405363285944,4.5,8.128976850732638,-0.1203784637876668,-0.001847840422394213,0.02867226906825388,-0.002072447412520462,0.08244696962063598,14.27525027006927,0.01786366917192515
ATLAS (C/2025 N1),2461264.5,A.D. 2026-Aug-12 00:00:00.0000,12.5,-11.74688686333984,4.5,8.32962826666826,-0.1348875162868758,-0.001819619515486682,0.02865710916123886,-0.002073046092530856,0.08317353058911833,14.40105040207259,0.01807906728069639
ATLAS (C/2025 N1),2461271.5,A.D. 2026-Aug-19 00:00:00.0000,12.5,-11.75953287749648,4.5,8.53017092328865,-0.149396811025117,-0.001792887039408301,0.02864053956274447,-0.002072328947978548,0.08390871103546783,14.52834295040506,0.01828851453563708
ATLAS (C/2025 N1),2461278.5,A.D. 2026-Aug-26 00:00:00.0000,12.5,-11.7719817406321,4.5,8.730603604055519,-0.1639037222379734,-0.001764369322093403,0.02862668824756698,-0.002072777720726402,0.08465220737065764,14.65707535025614,0.01849196517972867
ATLAS (C/2025 N1),2461285.5,A.D. 2026-Sep-02 00:00:00.0000,12.5,-11.78424317729909,4.5,8.930943942968488,-0.1784135579956402,-0.001738754836994573,0.02861282960698285,-0.002072541901937199,0.08540388030408522,14.78722348420563,0.01869176163899642
ATLAS (C/2025 N1),2461292.5,A.D. 2026-Sep-09 00:00:00.0000,12.5,-11.79631622255575,4.5,9.131185201512675,-0.192920278741278,-0.001710577011176281,0.02859971232600666,-0.002072574865342965,0.08616346305962062,14.91874116139849,0.01888414149548434
ATLAS (C/2025 N1),2461299.5,A.D. 2026-Sep-16 00:00:00.0000,12.5,-11.80819955528831,4.5,9.33134556468727,-0.2074308726547474,-0.001685182908845793,0.02858852212341562,-0.00207297358252637,0.08693078246841002,15.05159839857715,0.01907427678501335
ATLAS (C/2025 N1),2461306.5,A.D. 2026-Sep-23 00:00:00.0000,12.5,-11.81990276358267,4.5,9.531420067365808,-0.2219394407619113,-0.001657997438288646,0.02857611622462781,-0.002072591492749572,0.0877056390940685,15.18576066440199,0.01925674534144126
ATLAS (C/2025 N1),2461313.5,A.D. 2026-Sep-30 00:00:00.0000,12.5,-11.8314151582001,4.5,9.731420595981518,-0.2364509089467745,-0.001632098406348452,0.02856692697245829,-0.002073425573872896,0.0884878094594177,15.32118926499905,0.01943694275548916
ATLAS (C/2025 N1),2461320.5,A.D. 2026-Oct-07 00:00:00.0000,12.5,-11.84275236493601,4.5,9.931349863611432,-0.2509629719733746,-0.001606339587362178,0.02855571805592012,-0.00207290402195153,0.08927716132797807,15.45786130433166,0.01961076792920441
ATLAS (C/2025 N1),2461327.5,A.D. 2026-Oct-14 00:00:00.0000,12.5,-11.85390110755727,4.5,10.1312097140165,-0.2654758542905202,-0.001579700877287615,0.02854763017010083,-0.002073794752229833,0.09007343653044105,15.59573208176972,0.01978093666179662
ATLAS (C/2025 N1),2461334.5,A.D. 2026-Oct-21 00:00:00.0000,12.5,-11.86487507239858,4.5,10.33101184523473,-0.279992280180723,-0.001555200701618537,0.02853820208897337,-0.00207350929252384,0.09087653974291975,15.73478509249384,0.01994697293988539
ATLAS (C/2025 N1),2461341.5,A.D. 2026-Oct-28 00:00:00.0000,12.5,-11.87566648544726,4.5,10.53074965808775,-0.2945077633846749,-0.001528275354764623,0.02853047942380928,-0.002074087002453164,0.0916862175653254,15.87497646163875,0.0201075863226621
ATLAS (C/2025 N1),2461348.5,A.D. 2026-Nov-04 00:00:00.0000,12.5,-11.88628011735005,4.5,10.73043978365975,-0.3090286323108511,-0.001504312129066277,0.02852321295960094,-0.002074356142149447,0.09250236681629206,16.01628832390472,0.02026613927813648
ATLAS (C/2025 N1),2461355.5,A.D. 2026-Nov-11 00:00:00.0000,12.5,-11.89671867135038,4.5,10.93007329849709,-0.3235483213451604,-0.001477794007673873,0.02851558059442948,-0.002074454354505166,0.09332478143706417,16.15868500132424,0.02041808920756161
ATLAS (C/2025 N1),2461362.5,A.D. 2026-Nov-18 00:00:00.0000,12.5,-11.90697593603717,4.5,11.12966478674769,-0.3380733404861898,-0.001453532118123616,0.02851023569532651,-0.002075279719202559,0.09415331535742857,16.30214120262388,0.02056896274006332
ATLAS (C/2025 N1),2461369.5,A.D. 2026-Nov-25 00:00:00.0000,12.5,-11.9170640936846,4.5,11.32921018159548,-0.3525988201243396,-0.001428094402687677,0.02850300501302524,-0.002075031258977951,0.09498783193460555,16.44663326883975,0.02071347218201597
ATLAS (C/2025 N1),2461376.5,A.D. 2026-Dec-02 00:00:00.0000,12.5,-11.92696996112717,4.5,11.52871593436608,-0.367127895010515,-0.001402965428848089,0.02849887456424622,-0.002076139784284438,0.09582813504814644,16.59212724276882,0.02085632297728818
ATLAS (C/2025 N1),2461383.5,A.D. 2026-Dec-09 00:00:00.0000,12.5,-11.93670886002009,4.5,11.72818714764999,-0.381660229254612,-0.00137883776552714,0.02849264225728983,-0.002075862475154358,0.09667414751375701,16.73860976036478,0.02099446159961995
ATLAS (C/2025 N1),2461390.5,A.D. 2026-Dec-16 00:00:00.0000,12.5,-11.9462684272086,4.5,11.92762040166696,-0.3961938969679008,-0.001352980811843918,0.02848891258059122,-0.002076853585785274,0.09752564733266351,16.88604238373153,0.02112933483644708
ATLAS (C/2025 N1),2461397.5,A.D. 2026-Dec-23 00:00:00.0000,12.5,-11.95565899160978,4.5,12.12702892873631,-0.4107333555503694,-0.001329751432126894,0.0284843226543687,-0.002076950681671773,0.09838257949834171,17.03441558878462,0.02126174100579982
ATLAS (C/2025 N1),2461404.5,A.D. 2026-Dec-30 00:00:00.0000,12.5,-11.96487635866021,4.5,12.32640310639241,-0.4252727697129224,-0.001303758301186529,0.02848045021682382,-0.002077512583752892,0.09924473923873209,17.18369392034104,0.02138913368300363
ATLAS (C/2025 N1),2461411.5,A.D. 2027-Jan-06 00:00:00.0000,12.5,-11.97392048764486,4.5,12.52575860464758,-0.439818979608195,-0.001280645183626275,0.02847766778016993,-0.002078175016180686,0.1001120492917456,17.33386400088473,0.02151584647458945
ATLAS (C/2025 N1),2461418.5,A.D. 2027-Jan-13 00:00:00.0000,12.5,-11.98279803625935,4.5,12.72508659252093,-0.4543655699694127,-0.001255293800177009,0.02847369146897577,-0.002078276983001757,0.1009843600812775,17.48489993211601,0.02163675060251162
ATLAS (C/2025 N1),2461425.5,A.D. 2027-Jan-20 00:00:00.0000,12.5,-11.99149901301084,4.5,12.92439800152231,-0.468918011635969,-0.001231475826244842,0.02847230590776101,-0.002079398120903468,0.1018615441695039,17.63677964885966,0.02175735761290323
ATLAS (C/2025 N1),2461432.5,A.D. 2027-Jan-27 00:00:00.0000,12.5,-12.0000375085921,4.5,13.12369129281944,-0.4834729885622723,-0.001207313855508855,0.02846867130925925,-0.002079236984369016,0.1027435199248318,17.7894890170435,0.02187286660545366
ATLAS (C/2025 N1),2461439.5,A.D. 2027-Feb-03 00:00:00.0000,12.5,-12.00839946269028,4.5,13.32296799720595,-0.4980315982239756,-0.001182543294891938,0.02846793200079397,-0.002080475834626397,0.1036301126073476,17.94299778138937,0.02198706965089079
ATLAS (C/2025 N1),2461446.5,A.D. 2027-Feb-10 00:00:00.0000,12.5,-12.01659882589566,4.5,13.52223614401632,-0.5125955365341746,-0.001159528920090547,0.02846536680632214,-0.002080449098083262,0.1045212886289236,18.09730012629323,0.02209807163895779
ATLAS (C/2025 N1),2461453.5,A.D. 2027-Feb-17 00:00:00.0000,12.5,-12.02462566740045,4.5,13.72148836183716,-0.5271609605081087,-0.001134143555003519,0.02846453463648638,-0.002081407029656551,0.1054168585065822,18.25236324379455,0.02220592827114761
ATLAS (C/2025 N1),2461460.5,A.D. 2027-Feb-24 00:00:00.0000,12.5,-12.03248626551216,4.5,13.92073908883819,-0.5417336904281671,-0.001111716295740066,0.02846353822011896,-0.002081845027598259,0.1063167946845497,18.40818236275899,0.02231279534625535
ATLAS (C/2025 N1),2461467.5,A.D. 2027-Mar-03 00:00:00.0000,12.5,-12.0401806548585,4.5,14.1199774185402,-0.5563071248826821,-0.001086457965518825,0.02846236588414889,-0.002082337268920086,0.1072209369003819,18.56472973460453,0.02241495237200346
ATLAS (C/2025 N1),2461474.5,A.D. 2027-Mar-10 00:00:00.0000,12.5,-12.04770425516553,4.5,14.31921738816204,-0.5708880108319423,-0.001063714550428555,0.02846288829217872,-0.002083318467524621,0.1081292223574962,18.72199448643994,0.02251741635258738
ATLAS (C/2025 N1),2461481.5,A.D. 2027-Mar-17 00:00:00.0000,12.5,-12.0550672787938,4.5,14.51845188425418,-0.5854707434197584,-0.001039347300487677,0.02846157778121897,-0.002083387703953166,0.1090415518038103,18.87995943329988,0.02261483734942729
ATLAS (C/2025 N1),2461488.5,A.D. 2027-Mar-24 00:00:00.0000,12.5,-12.06225708282859,4.5,14.71768786856647,-0.6000592733022924,-0.001015696715883528,0.02846307126674526,-0.002084704479519334,0.1099578080741445,19.03860428866237,0.02271243906794296
ATLAS (C/2025 N1),2461495.5,A.D. 2027-Mar-31 00:00:00.0000,12.5,-12.06928857514812,4.5,14.916927129885,-0.6146521692447067,-0.0009925395622948504,0.02846225735048272,-0.002084659970151423,0.1108779549309949,19.1979227781981,0.0228061135092584
ATLAS (C/2025 N1),2461502.5,A.D. 2027-Apr-07 00:00:00.0000,12.5,-12.07614836537247,4.5,15.11616677579988,-0.6292484225895327,-0.0009679583966833332,0.02846390145365968,-0.002085904184968778,0.1118018344797728,19.35788756330648,0.02289851313278624
ATLAS (C/2025 N1),2461509.5,A.D. 2027-Apr-14 00:00:00.0000,12.5,-12.08284788690114,4.5,15.3154175869197,-0.6438516272316007,-0.0009457921278815578,0.02846427194335004,-0.002086135420515321,0.1127294444305495,19.51849824749869,0.0229891270080933
ATLAS (C/2025 N1),2461516.5,A.D. 2027-Apr-21 00:00:00.0000,12.5,-12.08938074220357,4.5,15.51466945430922,-0.6584563960152169,-0.0009208212161428907,0.02846555718778945,-0.002087002294674841,0.1136606247853469,19.67972712798354,0.02307654297921657
ATLAS (C/2025 N1),2461523.5,A.D. 2027-Apr-28 00:00:00.0000,12.5,-12.09574875430734,4.5,15.71393717288383,-0.6730693829130672,-0.0008988442439023654,0.02846740946041816,-0.00208775087153202,0.1145953631545417,19.8415720595643,0.02316411611389924
ATLAS (C/2025 N1),2461530.5,A.D. 2027-May-05 00:00:00.0000,12.5,-12.10195631211007,4.5,15.91321008878393,-0.6876838785947539,-0.0008743139434755963,0.02846826073992217,-0.00208812800648419,0.115533540163671,20.0040123731934,0.02324725092418721
ATLAS (C/2025 N1),2461537.5,A.D. 2027-May-12 00:00:00.0000,12.5,-12.10799482374999,4.5,16.11249972701274,-0.7023059164744587,-0.0008517147659996623,0.02847136808727714,-0.002089367709282901,0.116475097375094,20.16703795070702,0.02333138088825741
ATLAS (C/2025 N1),2461544.5,A.D. 2027-May-19 00:00:00.0000,12.5,-12.11387722894504,4.5,16.31180178783968,-0.7169312434174668,-0.0008282225104461895,0.02847222036135358,-0.00208942790737255,0.1174199792773529,20.33063918059418,0.02341117624112198
ATLAS (C/2025 N1),2461551.5,A.D. 2027-May-26 00:00:00.0000,12.5,-12.11958952713013,4.5,16.51111905042526,-0.7315619513332313,-0.0008046061096372708,0.02847584676282329,-0.002090826250911612,0.1183680731547418,20.49479654673539,0.02349128763374685
ATLAS (C/2025 N1),2461558.5,A.D. 2027-Jun-02 00:00:00.0000,12.5,-12.12514610976702,4.5,16.71045687849736,-0.7461986550981109,-0.0007823286617108686,0.02847742062792511,-0.00209093285411273,0.1193193782013051,20.65950990958373,0.02356865250712653
ATLAS (C/2025 N1),2461565.5,A.D. 2027-Jun-09 00:00:00.0000,12.5,-12.13053562048636,4.5,16.90980860741431,-0.7608383441360089,-0.0007579118588069566,0.02848087138710382,-0.002092119383316223,0.1202737508881625,20.824754417884,0.02364453936384639
ATLAS (C/2025 N1),2461572.5,A.D. 2027-Jun-16 00:00:00.0000,12.5,-12.13576604200736,4.5,17.1091871416767,-0.7754861898564535,-0.0007363332468713508,0.02848371722011226,-0.002092614740441903,0.1212312088547766,20.99053312581441,0.02371983633145893
ATLAS (C/2025 N1),2461579.5,A.D. 2027-Jun-23 00:00:00.0000,12.5,-12.14083520509179,4.5,17.30858096651995,-0.7901357965278398,-0.000711856291366414,0.02848662594387496,-0.002093335551830274,0.1221916203920924,21.15682322865906,0.02379183374787141
ATLAS (C/2025 N1),2461586.5,A.D. 2027-Jun-30 00:00:00.0000,12.5,-12.14574039701597,4.5,17.50800414895275,-0.804794025695186,-0.0006901240939074204,0.02849086973256874,-0.002094378221316134,0.1231549775130135,21.32362334349505,0.02386488770946671
ATLAS (C/2025 N1),2461593.5,A.D. 2027-Jul-07 00:00:00.0000,12.5,-12.15049006690698,4.5,17.70744759498433,-0.8194546971463194,-0.0006663228929912365,0.02849339380990075,-0.002094647342534949,0.1241211987577515,21.49091936599728,0.02393373160211231
ATLAS (C/2025 N1),2461600.5,A.D. 2027-Jul-14 00:00:00.0000,12.5,-12.15507249961838,4.5,17.90691954704455,-0.834122584974177,-0.0006437396933125529,0.02849853144900915,-0.002096051618510143,0.1250902228759437,21.65870069099413,0.02400393190344375
ATLAS (C/2025 N1),2461607.5,A.D. 2027-Jul-21 00:00:00.0000,12.5,-12.15950219092754,4.5,18.10641920446113,-0.8487952003444046,-0.0006211233905863582,0.02850128815712377,-0.002096142740632604,0.1260620314654872,21.82696413226031,0.02407059521345245
ATLAS (C/2025 N1),2461614.5,A.D. 2027-Jul-28 00:00:00.0000,12.5,-12.16376517239432,4.5,18.30594514436693,-0.8634725749329173,-0.0005975050349473351,0.02850658422940069,-0.00209755301079708,0.1270365130538407,21.99569038892359,0.02413741274780601
ATLAS (C/2025 N1),2461621.5,A.D. 2027-Aug-04 00:00:00.0000,12.5,-12.16787404773126,4.5,18.50550607573788,-0.8781573286020459,-0.000575948867060003,0.02851025832102811,-0.00209783509020324,0.1280136927514781,22.16488380872774,0.02420256590293465
ATLAS (C/2025 N1),2461628.5,A.D. 2027-Aug-11 00:00:00.0000,12.5,-12.17182058857954,4.5,18.70509246412482,-0.8928447573659919,-0.0005518026018253292,0.02851511048246777,-0.002098895815253393,0.1289934411475177,22.3345219848732,0.02426594170947543
ATLAS (C/2025 N1),2461635.5,A.D. 2027-Aug-18 00:00:00.0000,12.5,-12.17560862168098,4.5,18.90471835822706,-0.9075411252826197,-0.0005306230624821352,0.02852015675958646,-0.002099677518938059,0.1299757851785767,22.50460958129064,0.02432975926675706
ATLAS (C/2025 N1),2461642.5,A.D. 2027-Aug-25 00:00:00.0000,12.5,-12.17924048938091,4.5,19.10437218553978,-0.9222396454037509,-0.0005066928166251914,0.02852440702823765,-0.002100238052220466,0.1309606214622907,22.67512869787856,0.02439011271214898
ATLAS (C/2025 N1),2461649.5,A.D. 2027-Sep-01 00:00:00.0000,12.5,-12.18270926150694,4.5,19.30406623913796,-0.9369467673702815,-0.000485060613602837,0.02853064395168851,-0.002101513157020307,0.131947938192307,22.84607729043038,0.02445215395079844
ATLAS (C/2025 N1),2461656.5,A.D. 2027-Sep-08 00:00:00.0000,12.5,-12.18602669993007,4.5,19.5037940728686,-0.951657429581408,-0.00046207124761028,0.02853468475912915,-0.00210171074201117,0.1329376890276901,23.01744733526179,0.02451034332617385
ATLAS (C/2025 N1),2461663.5,A.D. 2027-Sep-15 00:00:00.0000,12.5,-12.18917915359184,4.5,19.70356006249241,-0.9663746878416908,-0.0004394211281592713,0.02854148221762043,-0.002103216086317277,0.1339298054752359,23.18922697314219,0.02456992151791963
ATLAS (C/2025 N1),2461670.5,A.D. 2027-Sep-22 00:00:00.0000,12.5,-12.19218139263572,4.5,19.90336720653631,-0.9810980665915554,-0.0004176301082772114,0.02854597531314922,-0.002103369657809107,0.1349242998498931,23.36141833633881,0.02462677798852508
ATLAS (C/2025 N1),2461677.5,A.D. 2027-Sep-29 00:00:00.0000,12.5,-12.19502082398462,4.5,20.10321020925906,-0.995825543139914,-0.0003941087611157205,0.02855259665119285,-0.002104715006097522,0.1359210614344947,23.53400225476844,0.02468347456260812
ATLAS (C/2025 N1),2461684.5,A.D. 2027-Oct-06 00:00:00.0000,12.5,-12.19770713084207,4.5,20.30310046407569,-1.010561485398721,-0.0003731391873906368,0.02855823454668592,-0.002105222978311887,0.1369201318626038,23.70698593705909,0.02473952641731932
ATLAS (C/2025 N1),2461691.5,A.D. 2027-Oct-13 00:00:00.0000,12.5,-12.20023605534524,4.5,20.50302665214938,-1.02529994632808,-0.0003493476958070276,0.02856422426824454,-0.002106115573583694,0.1379213974402399,23.88034969770824,0.02479337964072624
ATLAS (C/2025 N1),2461698.5,A.D. 2027-Oct-20 00:00:00.0000,12.5,-12.20260694221117,4.5,20.70300284451262,-1.040047712833668,-0.0003284327525372213,0.02857119698481334,-0.002107154351418021,0.1389248853398778,24.0540982414841,0.02484852449246434
ATLAS (C/2025 N1),2461705.5,A.D. 2027-Oct-27 00:00:00.0000,12.5,-12.20482642990998,4.5,20.90301866574296,-1.054798250336849,-0.0003051795861591262,0.02857666558182119,-0.002107575148492473,0.1399305207033826,24.22821860710237,0.02490015111316356
ATLAS (C/2025 N1),2461712.5,A.D. 2027-Nov-03 00:00:00.0000,12.5,-12.20688407165927,4.5,21.10308364484636,-1.069556990544642,-0.0002835078371218408,0.02858459527310664,-0.002109033830690285,0.1409382817676621,24.40270702640044,0.02495377187136337
ATLAS (C/2025 N1),2461719.5,A.D. 2027-Nov-10 00:00:00.0000,12.5,-12.20879387654936,4.5,21.30319480843382,-1.08432049432629,-0.0002613642331892139,0.02859004277972781,-0.002109186441583092,0.1419481544725393,24.57756106493414,0.02500399553190239
ATLAS (C/2025 N1),2461726.5,A.D. 2027-Nov-17 00:00:00.0000,12.5,-12.21054155743138,4.5,21.50335243523533,-1.099089821420439,-0.0002386926898349379,0.02859820146760442,-0.00211071846827618,0.1429600613541279,24.75276731024735,0.0250554466735548
ATLAS (C/2025 N1),2461733.5,A.D. 2027-Nov-24 00:00:00.0000,12.5,-12.21214083167667,4.5,21.70356319603469,-1.113866547172655,-0.0002176505100530853,0.02860439573761575,-0.002111004751523768,0.1439740386095552,24.92833202967833,0.02510503575149563
ATLAS (C/2025 N1),2461740.5,A.D. 2027-Dec-01 00:00:00.0000,12.5,-12.21358175246086,4.5,21.90381859081245,-1.128646789709057,-0.0001943028919874017,0.02861208349894666,-0.002112220105258411,0.1449899782648174,25.10423652810789,0.02515396038656933
ATLAS (C/2025 N1),2461747.5,A.D. 2027-Dec-08 00:00:00.0000,12.5,-12.21487021799304,4.5,22.10413179157424,-1.143436265428144,-0.0001738207693346315,0.02861953697026226,-0.002112961225368108,0.1460079298307509,25.28048937807163,0.02520320086004019
ATLAS (C/2025 N1),2461754.5,A.D. 2027-Dec-15 00:00:00.0000,12.5,-12.21600636861199,4.5,22.30449088132147,-1.1582283365548,-0.000150537293543748,0.02862655297496481,-0.002113686594123438,0.1470277977004682,25.45707402575009,0.02524986906932572
ATLAS (C/2025 N1),2461761.5,A.D. 2027-Dec-22 00:00:00.0000,12.5,-12.21698520101951,4.5,22.50490876008982,-1.173029670139231,-0.0001297252267638768,0.02863523301179007,-0.002114955814396309,0.1480496017949691,25.63399392035748,0.02529840123103601
ATLAS (C/2025 N1),2461768.5,A.D. 2027-Dec-29 00:00:00.0000,12.5,-12.21781705919146,4.5,22.7053773886043,-1.18783461783263,-0.0001072625221639425,0.02864182668282271,-0.002115245056871377,0.1490732961310633,25.8112411001512,0.02534347560317476
ATLAS (C/2025 N1),2461775.5,A.D. 2028-Jan-05 00:00:00.0000,12.5,-12.2184889629453,4.5,22.90590275598057,-1.202647083592201,-8.554349430189178e-05,0.02865119163769576,-0.002116822815608048,0.1500988450554979,25.98880939196191,0.02539063650706395
ATLAS (C/2025 N1),2461782.5,A.D. 2028-Jan-12 00:00:00.0000,12.5,-12.2190158826324,4.5,23.10648575684924,-1.217465569663168,-6.423635839554554e-05,0.02865805212490318,-0.002117000649194576,0.1511262628836575,26.16670127442156,0.02543496586551136
ATLAS (C/2025 N1),2461789.5,A.D. 2028-Jan-19 00:00:00.0000,12.5,-12.21938428223106,4.5,23.30712269389592,-1.232289051435525,-4.158346680095927e-05,0.02866729573306015,-0.00211847497791626,0.1521554639390824,26.34490191311104,0.02548010537477902
ATLAS (C/2025 N1),2461796.5,A.D. 2028-Jan-26 00:00:00.0000,12.5,-12.21960553842258,4.5,23.50782344290907,-1.247121026205969,-2.12373610491184e-05,0.02867513847432459,-0.002118932129329994,0.1531865011328921,26.52342046930671,0.02552431615014002
ATLAS (C/2025 N1),2461803.5,A.D. 2028-Feb-02 00:00:00.0000,12.5,-12.21967331149397,4.5,23.70857722604239,-1.261956114803002,1.803951151063299e-06,0.02868376639698657,-0.002119998016279202,0.154219272516098,26.70223929108835,0.02556731606217164
ATLAS (C/2025 N1),2461810.5,A.D. 2028-Feb-09 00:00:00.0000,12.5,-12.21958924463907,4.5,23.90939790317329,-1.276800847256925,2.196744591480976e-05,0.02869290456426513,-0.002120976332407924,0.1552538276693269,26.88136696307541,0.02561140973161373
ATLAS (C/2025 N1),2461817.5,A.D. 2028-Feb-16 00:00:00.0000,12.5,-12.21935790881558,4.5,24.11027423939736,-1.291648536306967,4.458703825854794e-05,0.02870085361637489,-0.002121522913212539,0.1562900921358056,27.06079059347724,0.025652646258973
ATLAS (C/2025 N1),2461824.5,A.D. 2028-Feb-23 00:00:00.0000,12.5,-12.21897045280099,4.5,24.31121685886293,-1.306505097738506,6.535428719467639e-05,0.02871105605008505,-0.002122985245610453,0.1573280727705311,27.24051136919977,0.02569613431022632
ATLAS (C/2025 N1),2461831.5,A.D. 2028-Mar-01 00:00:00.0000,12.5,-12.21844001205266,4.5,24.51222091216625,-1.321366290875538,8.697275013452488e-05,0.02871879713958052,-0.002123200346064849,0.1583677519537259,27.42052623947308,0.02573635340510191
ATLAS (C/2025 N1),2461838.5,A.D. 2028-Mar-08 00:00:00.0000,12.5,-12.2177523488967,4.5,24.71328840589972,-1.336234130901847,0.0001087361824070882,0.02872932671188346,-0.00212480583750615,0.1594090788341058,27.60082639967027,0.02577846231010661
ATLAS (C/2025 N1),2461845.5,A.D. 2028-Mar-15 00:00:00.0000,12.5,-12.21692198899826,4.5,24.91442413333671,-1.351109211196385,0.0001291837595017507,0.02873761545518252,-0.002125063100982142,0.1604520913013315,27.78141841018272,0.02581848391823936
ATLAS (C/2025 N1),2461852.5,A.D. 2028-Mar-22 00:00:00.0000,12.5,-12.21593745172156,4.5,25.11562084349619,-1.365988504766407,0.00015171532832291,0.02874778432638802,-0.002126436378086407,0.1614966979046447,27.96228643680247,0.02585875069814824
ATLAS (C/2025 N1),2461859.5,A.D. 2028-Mar-29 00:00:00.0000,12.5,-12.21480675788769,4.5,25.31689080054434,-1.380877105656887,0.000171503444753216,0.02875721271574051,-0.002127092604967744,0.162542960862224,28.1434412522732,0.02589895029405451
ATLAS (C/2025 N1),2461866.5,A.D. 2028-Apr-05 00:00:00.0000,12.5,-12.21352777600286,4.5,25.51822209508729,-1.39576866272442,0.0001940669842152526,0.02876665420274406,-0.002127971907601417,0.1635907885146506,28.32486698625852,0.02593741341261328
ATLAS (C/2025 N1),2461873.5,A.D. 2028-Apr-12 00:00:00.0000,12.5,-12.21209774360021,4.5,25.71962807861659,-1.410669908090184,0.0002140112582393926,0.02877736648173999,-0.002129185586048831,0.164640223297202,28.50657098619894,0.02597763213899163
ATLAS (C/2025 N1),2461880.5,A.D. 2028-Apr-19 00:00:00.0000,12.5,-12.21052527988944,4.5,25.92109937288136,-1.425574734593002,0.0002358816358761463,0.02878624830560652,-0.002129587786459424,0.1656912144712512,28.68854446697357,0.02601480363100287
ATLAS (C/2025 N1),2461887.5,A.D. 2028-Apr-26 00:00:00.0000,12.5,-12.20879856936809,4.5,26.12264347694207,-1.440487767728253,0.0002566541297771455,0.02879773543293749,-0.002131164967907042,0.1667437523338531,28.87078574856949,0.02605434644916218
ATLAS (C/2025 N1),2461894.5,A.D. 2028-May-03 00:00:00.0000,12.5,-12.2069323212755,4.5,26.32425930805382,-1.455406580248489,0.0002773434817748011,0.02880667969028381,-0.002131365185732774,0.1677978460881564,29.05329642446257,0.026091049521571
ATLAS (C/2025 N1),2461901.5,A.D. 2028-May-10 00:00:00.0000,12.5,-12.20491244293884,4.5,26.5259447738767,-1.470331089968603,0.0002991038773190134,0.02881820088201708,-0.002132943525552295,0.16885343040509,29.23606518327473,0.02612922077012721
ATLAS (C/2025 N1),2461908.5,A.D. 2028-May-17 00:00:00.0000,12.5,-12.20275171812103,4.5,26.72770822117579,-1.48526392739753,0.0003187714710942183,0.02882792102910844,-0.002133326709061923,0.1699105611970659,29.41910170594,0.02616609214221595
ATLAS (C/2025 N1),2461915.5,A.D. 2028-May-24 00:00:00.0000,12.5,-12.20044182695302,4.5,26.92953963197674,-1.500200356561501,0.0003410067256480905,0.02883886187900693,-0.002134538736441934,0.170969145412662,29.60238988110416,0.02620258296988296
ATLAS (C/2025 N1),2461922.5,A.D. 2028-May-31 00:00:00.0000,12.5,-12.19798670470683,4.5,27.13145257397661,-1.515146578913098,0.0003603362152899067,0.02884984848318598,-0.002135427509881965,0.172029246938538,29.78594077039935,0.02623984285859695
ATLAS (C/2025 N1),2461929.5,A.D. 2028-Jun-07 00:00:00.0000,12.5,-12.19538868376975,4.5,27.33343520846709,-1.530095863364035,0.0003823060963371719,0.02886005473720554,-0.002136120535168577,0.1730907888410714,29.96974105318181,0.02627485277995492
ATLAS (C/2025 N1),2461936.5,A.D. 2028-Jun-14 00:00:00.0000,12.5,-12.19264088385488,4.5,27.53549924028188,-1.545054528337248,0.0004021119222041453,0.02887215035905968,-0.002137514521219889,0.1741538006429699,30.1537958411499,0.02631207190911263
ATLAS (C/2025 N1),2461943.5,A.D. 2028-Jun-21 00:00:00.0000,12.5,-12.18975514924593,4.5,27.73763811814837,-1.560017626141587,0.000423098856927279,0.02888201045475146,-0.002137818497930072,0.1752182567226431,30.33810069806279,0.02634628730195709
ATLAS (C/2025 N1),2461950.5,A.D. 2028-Jun-28 00:00:00.0000,12.5,-12.18671784330996,4.5,27.93985558732081,-1.574988048773178,0.0004439028938239079,0.02889460211493984,-0.002139456134378585,0.1762841289855571,30.52265075950268,0.02638273180187232
ATLAS (C/2025 N1),2461957.5,A.D. 2028-Jul-05 00:00:00.0000,12.5,-12.18354390366695,4.5,28.14215456385826,-1.589965426940205,0.0004636823008868615,0.02890478069857859,-0.00213969222723516,0.1773514507410716,30.70745179280647,0.02641689562919852
ATLAS (C/2025 N1),2461964.5,A.D. 2028-Jul-12 00:00:00.0000,12.5,-12.18022072881743,4.5,28.34452917570463,-1.604947601437448,0.0004853004504831477,0.02891711873114756,-0.002141170477344555,0.1784201450655195,30.89249047905404,0.02645197919285894
ATLAS (C/2025 N1),2461971.5,A.D. 2028-Jul-19 00:00:00.0000,12.5,-12.17675820057307,4.5,28.54699061999703,-1.6199389813658,0.0005042747864864428,0.0289283209299335,-0.002141745728523343,0.1794902793845038,31.07777849262669,0.02648662843409116
ATLAS (C/2025 N1),2461978.5,A.D. 2028-Jul-26 00:00:00.0000,12.5,-12.17315202807346,4.5,28.74952714963495,-1.634933562933561,0.0005260922079222898,0.02893994009176789,-0.002142766014094947,0.1805617643287212,31.26330035970919,0.02652019023851187
ATLAS (C/2025 N1),2461985.5,A.D. 2028-Aug-02 00:00:00.0000,12.5,-12.16940173923759,4.5,28.95215247074027,-1.649938083854264,0.0005450540193615412,0.02895237467188305,-0.002143867910851758,0.1816346585474694,31.44906623511266,0.02655525056383397
ATLAS (C/2025 N1),2461992.5,A.D. 2028-Aug-09 00:00:00.0000,12.5,-12.16551392758873,4.5,29.15485599453825,-1.664946059813113,0.0005662567664204111,0.02896337119269516,-0.002144400176356181,0.1827089037582669,31.63506602753826,0.02658772456972314
ATLAS (C/2025 N1),2461999.5,A.D. 2028-Aug-16 00:00:00.0000,12.5,-12.1614782978128,4.5,29.3576467396445,-1.679962789424762,0.0005860065318763454,0.02897669719462344,-0.002145934124917971,0.1837845121669494,31.82130185036092,0.02662260732335256
ATLAS (C/2025 N1),2462006.5,A.D. 2028-Aug-23 00:00:00.0000,12.5,-12.15730884698445,4.5,29.56052169794521,-1.694984960709825,0.0006060490303058865,0.02898756123152714,-0.002146175810878897,0.1848614835942541,32.00777367254224,0.02665468870056359
ATLAS (C/2025 N1),2462013.5,A.D. 2028-Aug-30 00:00:00.0000,12.5,-12.15299140351941,4.5,29.76348058643351,-1.710013464549943,0.0006267913366719186,0.02900106907318363,-0.002147796564618399,0.1859397717607603,32.19447348104893,0.02668868394973238
ATLAS (C/2025 N1),2462020.5,A.D. 2028-Sep-06 00:00:00.0000,12.5,-12.14853974509183,4.5,29.96653009874637,-1.725050012766737,0.0006457076263470736,0.02901256863936221,-0.00214814835651344,0.1870194295547621,32.38141043320526,0.02672111122971818
ATLAS (C/2025 N1),2462027.5,A.D. 2028-Sep-13 00:00:00.0000,12.5,-12.14394399925192,4.5,30.16966122985244,-1.740090577524823,0.0006670806480533827,0.02902557152760201,-0.002149466985637834,0.1881003728822867,32.56856996859117,0.02675373644118766
ATLAS (C/2025 N1),2462034.5,A.D. 2028-Sep-20 00:00:00.0000,12.5,-12.13921022862284,4.5,30.37288709263508,-1.755140950919801,0.0006854483400192729,0.02903821798950567,-0.002150250354939178,0.1891826738523199,32.75596457249055,0.02678680718979041
ATLAS (C/2025 N1),2462041.5,A.D. 2028-Sep-27 00:00:00.0000,12.5,-12.13433859049514,4.5,30.57619540393698,-1.770194425563553,0.0007066706599346039,0.02905050452433001,-0.002151082510998856,0.1902662522528031,32.94358035661595,0.02681817660877665
ATLAS (C/2025 N1),2462048.5,A.D. 2028-Oct-04 00:00:00.0000,12.5,-12.12932432445253,4.5,30.77959881355288,-1.785257637758586,0.0007254010373112325,0.02906428601654072,-0.002152385093755956,0.1913511553970344,33.13142551301102,0.02685157632361141
ATLAS (C/2025 N1),2462055.5,A.D. 2028-Oct-11 00:00:00.0000,12.5,-12.1241777262606,4.5,30.98308909429427,-1.800324971890076,0.0007457146887532342,0.02907608000377288,-0.002152771943678459,0.1924373470869533,33.31949377417583,0.02688219980200885
ATLAS (C/2025 N1),2462062.5,A.D. 2028-Oct-18 00:00:00.0000,12.5,-12.11888607836881,4.5,31.18667180517696,-1.815400207293275,0.0007653785783471369,0.0290904760276147,-0.002154384261076705,0.1935248196507593,33.50778381177933,0.02691525847940081
ATLAS (C/2025 N1),2462069.5,A.D. 2028-Oct-25 00:00:00.0000,12.5,-12.11346426319759,4.5,31.3903478110256,-1.830481962511403,0.0007844639122658763,0.02910244876697032,-0.002154641846225382,0.1946135968671124,33.69629974296888,0.02694590959072289
ATLAS (C/2025 N1),2462076.5,A.D. 2028-Nov-01 00:00:00.0000,12.5,-12.10789897685988,4.5,31.59411290552146,-1.845569043499669,0.0008050690256608881,0.02911668645170145,-0.002156166881035041,0.1957036166061972,33.88503081030038,0.02697791673035741
ATLAS (C/2025 N1),2462083.5,A.D. 2028-Nov-08 00:00:00.0000,12.5,-12.10220155597132,4.5,31.79797701108915,-1.860665089896973,0.0008231593136327489,0.02912953112676332,-0.002156674576181651,0.1967949457813344,34.07398859945619,0.02700919405411859
ATLAS (C/2025 N1),2462090.5,A.D. 2028-Nov-15 00:00:00.0000,12.5,-12.09636580710412,4.5,32.00192888460231,-1.875764574118063,0.0008441145826407869,0.02914313937220525,-0.00215781158389978,0.1978874983590918,34.26315821420929,0.02703993296890871
ATLAS (C/2025 N1),2462097.5,A.D. 2028-Nov-22 00:00:00.0000,12.5,-12.09039346137627,4.5,32.20598238820056,-1.890874122086549,0.000862029670884792,0.02915717459635716,-0.002158815992748765,0.1989813440711055,34.4525517282182,0.02707187642576574
ATLAS (C/2025 N1),2462104.5,A.D. 2028-Nov-29 00:00:00.0000,12.5,-12.08428913023872,4.5,32.41012596190134,-1.905986971946475,0.0008824930386915461,0.0291700891788531,-0.002159447952649141,0.2000764172432662,34.64215777036337,0.02710159827397064
ATLAS (C/2025 N1),2462111.5,A.D. 2028-Dec-06 00:00:00.0000,12.5,-12.07804420721864,4.5,32.61437009144595,-1.921109041095225,0.0009010340135504172,0.0291850969953343,-0.002160917632101135,0.201172748756664,34.83198168753982,0.02713374716348376
ATLAS (C/2025 N1),2462118.5,A.D. 2028-Dec-13 00:00:00.0000,12.5,-12.0716717655719,4.5,32.81870976286017,-1.936236105641664,0.0009203999826186733,0.02919777482662347,-0.002161222074768941,0.2022703263547274,35.022021357588,0.02716311425241175
ATLAS (C/2025 N1),2462125.5,A.D. 2028-Dec-20 00:00:00.0000,12.5,-12.06515792733327,4.5,33.02314666437812,-1.951370079996206,0.0009399635604560874,0.02921304432980582,-0.002162832165432185,0.2033691221992003,35.21227196046323,0.02719467592617094
ATLAS (C/2025 N1),2462132.5,A.D. 2028-Dec-27 00:00:00.0000,12.5,-12.05851708859161,4.5,33.22768554879462,-1.966511650781838,0.0009580695665387573,0.02922619744687208,-0.002163160989220244,0.2044691811837261,35.40274126925897,0.02722444214895326
ATLAS (C/2025 N1),2462139.5,A.D. 2029-Jan-03 00:00:00.0000,12.5,-12.05173812047887,4.5,33.43231873080067,-1.981657634877357,0.000978402661764501,0.02924107409618103,-0.002164552010265222,0.2055704291725612,35.59341644776905,0.02725489583162937
ATLAS (C/2025 N1),2462146.5,A.D. 2029-Jan-10 00:00:00.0000,12.5,-12.04482893587471,4.5,33.63705849266914,-1.996813248935516,0.0009958003110613642,0.02925526627356321,-0.002165252122645303,0.2066729407318725,35.7843104067251,0.02728543463572567
ATLAS (C/2025 N1),2462153.5,A.D. 2029-Jan-17 00:00:00.0000,12.5,-12.03778764086257,4.5,33.84189249875329,-2.011971996935491,0.001016143933741105,0.02926940437366797,-0.002166170340765639,0.2077766339824719,35.97540896918519,0.0273147189608656
ATLAS (C/2025 N1),2462160.5,A.D. 2029-Jan-24 00:00:00.0000,12.5,-12.03061149170451,4.5,34.04683410698478,-2.027140709694128,0.001033684944507565,0.02928476793075718,-0.002167394543928011,0.2088815694764339,36.16672261941595,0.02734589467088902
ATLAS (C/2025 N1),2462167.5,A.D. 2029-Jan-31 00:00:00.0000,12.5,-12.02330917432986,4.5,34.25187361608504,-2.042313196002978,0.001053280280484722,0.02929835310708974,-0.002167860901913644,0.2099877004430853,36.35824325932641,0.02737445308212875
ATLAS (C/2025 N1),2462174.5,A.D. 2029-Feb-07 00:00:00.0000,12.5,-12.01586908681966,4.5,34.45701844683543,-2.057494108578662,0.001071672856593005,0.02931439424650239,-0.00216942510490185,0.2110950379581038,36.5499728066107,0.02740557776152402
ATLAS (C/2025 N1),2462181.5,A.D. 2029-Feb-14 00:00:00.0000,12.5,-12.00830584431752,4.5,34.66226734466481,-2.072681021758539,0.001090001659153441,0.02932803199429941,-0.002169699742331667,0.2122035938274155,36.74191330540157,0.02743417577320393
ATLAS (C/2025 N1),2462188.5,A.D. 2029-Feb-21 00:00:00.0000,12.5,-12.00060574052201,4.5,34.86761801648939,-2.087873794460507,0.001109401638115658,0.02934404872765815,-0.002171259646448299,0.2133133212864042,36.93405665865666,0.02746454081440194
ATLAS (C/2025 N1),2462195.5,A.D. 2029-Feb-28 00:00:00.0000,12.5,-11.99278138768743,4.5,35.07307875021212,-2.103075122846693,0.001126619705486237,0.02935842007093,-0.002171710379597229,0.2144242820632826,37.12641355428477,0.02749379882534151
ATLAS (C/2025 N1),2462202.5,A.D. 2029-Mar-07 00:00:00.0000,12.5,-11.98482491100528,4.5,35.27863921753944,-2.118280151371446,0.001146500264148937,0.02937382517172177,-0.002172912324742725,0.2155363955099788,37.31897002850506,0.02752302145556622
ATLAS (C/2025 N1),2462209.5,A.D. 2029-Mar-14 00:00:00.0000,12.5,-11.97674009952998,4.5,35.48431297170465,-2.13349517510667,0.001163302955331052,0.02938937522275486,-0.002173839577504666,0.2166497369578811,37.51173912454313,0.02755316366731451
ATLAS (C/2025 N1),2462216.5,A.D. 2029-Mar-21 00:00:00.0000,12.5,-11.96852962143786,4.5,35.69008780976703,-2.148713330478948,0.001182903316593877,0.02940404373320955,-0.002174546551979481,0.2177642347460171,37.70470843468617,0.02758137669681119
ATLAS (C/2025 N1),2462223.5,A.D. 2029-Mar-28 00:00:00.0000,12.5,-11.96018658068827,4.5,35.89597541901788,-2.163941019989219,0.00120015281023457,0.0294205868779944,-0.002175941440467467,0.2188799346906238,37.89788589176979,0.02761196821844879
ATLAS (C/2025 N1),2462230.5,A.D. 2029-Apr-04 00:00:00.0000,12.5,-11.95172293962509,4.5,36.10196892711131,-2.179173204970143,0.00121872554273482,0.02943491479867268,-0.002176283380795566,0.2199968120263829,38.09126720781196,0.02763980001226028
ATLAS (C/2025 N1),2462237.5,A.D. 2029-Apr-11 00:00:00.0000,12.5,-11.94312524308709,4.5,36.30807202061084,-2.194412817809428,0.001236976911793781,0.029451853745866,-0.00217789422476425,0.2211148561984036,38.28485055529006,0.02767010554835034
ATLAS (C/2025 N1),2462244.5,A.D. 2029-Apr-18 00:00:00.0000,12.5,-11.9344083322782,4.5,36.51428739464246,-2.209659462813685,0.001254278470644943,0.02946650216602454,-0.002178187475854396,0.2222341015611792,38.47864188250021,0.02769828293307126
ATLAS (C/2025 N1),2462251.5,A.D. 2029-Apr-25 00:00:00.0000,12.5,-11.92555997930175,4.5,36.72060905976473,-2.224910964543385,0.001273364782137089,0.02948311641536964,-0.002179625940022963,0.2233544855973639,38.67263036489947,0.02772766856565387
ATLAS (C/2025 N1),2462258.5,A.D. 2029-May-02 00:00:00.0000,12.5,-11.91658984603671,4.5,36.9270480958623,-2.24017176460357,0.001289773382705393,0.02949876450017621,-0.002180258291908646,0.2244760809709446,38.86682858386725,0.0277567475259187
ATLAS (C/2025 N1),2462265.5,A.D. 2029-May-09 00:00:00.0000,12.5,-11.90749410665716,4.5,37.13359256971207,-2.255435790968924,0.001309075753368633,0.02951463555849086,-0.002181248938225391,0.225598806630071,39.06122250571062,0.02778500613030603
ATLAS (C/2025 N1),2462272.5,A.D. 2029-May-16 00:00:00.0000,12.5,-11.89827210494592,4.5,37.34025613934441,-2.270709845154991,0.0013253904410241,0.02953144626528788,-0.002182384318847955,0.2267227320778786,39.2558241645245,0.02781491654795022
ATLAS (C/2025 N1),2462279.5,A.D. 2029-May-23 00:00:00.0000,12.5,-11.88893083267021,4.5,37.54702796209605,-2.285987346176788,0.001344066336111075,0.02954669341174726,-0.002182906186468052,0.227847801314513,39.45062386423464,0.02784242681976343
ATLAS (C/2025 N1),2462286.5,A.D. 2029-May-30 00:00:00.0000,12.5,-11.87945996122562,4.5,37.75391702009827,-2.301273656080435,0.001361110749326689,0.02956429805618442,-0.002184439084815949,0.2289740410965234,39.64562623759395,0.02787257742929983
ATLAS (C/2025 N1),2462293.5,A.D. 2029-Jun-06 00:00:00.0000,12.5,-11.86987368160809,4.5,37.96092001195723,-2.316565370219904,0.00137859697136263,0.02957942048814488,-0.002184695675399717,0.2301014504843853,39.84083112192879,0.02790000113669521
ATLAS (C/2025 N1),2462300.5,A.D. 2029-Jun-13 00:00:00.0000,12.5,-11.86015798928486,4.5,38.16803660753065,-2.331863425223121,0.001396614312960966,0.02959709827912402,-0.002186279986382322,0.2312299976282001,40.03623300260016,0.0279296299044267
ATLAS (C/2025 N1),2462307.5,A.D. 2029-Jun-20 00:00:00.0000,12.5,-11.85032660214708,4.5,38.37527322694535,-2.347169475664243,0.001412915414394833,0.02961286252623034,-0.002186667780571883,0.2323597359292418,40.23184112575205,0.02795772278247247
ATLAS (C/2025 N1),2462314.5,A.D. 2029-Jun-27 00:00:00.0000,12.5,-11.8403700012814,4.5,38.58262080005194,-2.3624795093307,0.001431578798343489,0.02962995850326368,-0.002187934605066562,0.2334905918478567,40.42764275838814,0.02798629611002468
ATLAS (C/2025 N1),2462321.5,A.D. 2029-Jul-04 00:00:00.0000,12.5,-11.83029402960672,4.5,38.7900922330055,-2.37779930595825,0.001447257606349313,0.02964684815109745,-0.002188757960861943,0.2346226425503746,40.6236512614442,0.02801537732330045
ATLAS (C/2025 N1),2462328.5,A.D. 2029-Jul-11 00:00:00.0000,12.5,-11.82009928458685,4.5,38.99767514777013,-2.393122141822865,0.001465786986576513,0.02966318939967151,-0.002189540375604672,0.2357558127313553,40.8198535961875,0.02804295981120243
ATLAS (C/2025 N1),2462335.5,A.D. 2029-Jul-18 00:00:00.0000,12.5,-11.80978078583732,4.5,39.20538206754103,-2.40845467741058,0.001481747759019023,0.02968116672898646,-0.002190870433787466,0.2368901597439669,41.01625969301127,0.02807274447666006
ATLAS (C/2025 N1),2462342.5,A.D. 2029-Jul-25 00:00:00.0000,12.5,-11.79934922860856,4.5,39.41320461664791,-2.423791247732994,0.00149937832297268,0.0296970094648068,-0.002191225263959244,0.2380256476904016,41.21286333640273,0.02809981158659476
ATLAS (C/2025 N1),2462349.5,A.D. 2029-Aug-01 00:00:00.0000,12.5,-11.78879182625578,4.5,39.62114830051691,-2.43913567907851,0.001516200581987533,0.02971551850308285,-0.002192833464096053,0.2391622815951268,41.40966539632146,0.02812960210138599
ATLAS (C/2025 N1),2462356.5,A.D. 2029-Aug-08 00:00:00.0000,12.5,-11.77812369970409,4.5,39.82921375822519,-2.454486514900776,0.00153257911173581,0.02973155542179713,-0.002193084228507838,0.2403000840489908,41.60666978425161,0.02815693905908351
ATLAS (C/2025 N1),2462363.5,A.D. 2029-Aug-15 00:00:00.0000,12.5,-11.76733169848485,4.5,40.03739675977217,-2.469842609201103,0.001550305006686163,0.02974981213361976,-0.002194573266426218,0.2414390043946413,41.80386772914447,0.02818596443926381
ATLAS (C/2025 N1),2462370.5,A.D. 2029-Aug-22 00:00:00.0000,12.5,-11.75642717479808,4.5,40.24570693890384,-2.48520752167431,0.001565640403747606,0.0297667246556406,-0.002195093448884626,0.242579110448687,42.00127097308187,0.0282141891168673
ATLAS (C/2025 N1),2462377.5,A.D. 2029-Aug-29 00:00:00.0000,12.5,-11.74540426532557,4.5,40.45413303615477,-2.50057576695044,0.001583705243236479,0.02978426825569053,-0.002196171442850408,0.2437203233648358,42.19886586425157,0.02824216150749613
ATLAS (C/2025 N1),2462384.5,A.D. 2029-Sep-05 00:00:00.0000,12.5,-11.73426453623098,4.5,40.66268861682522,-2.515953908317325,0.001598799249366847,0.02980236058503682,-0.002197199275689758,0.2448627179904737,42.39666536207668,0.02827136089718194
ATLAS (C/2025 N1),2462391.5,A.D. 2029-Sep-12 00:00:00.0000,12.5,-11.72301300752991,4.5,40.87136209473731,-2.531335210390059,0.001616389486572097,0.02981915309241863,-0.002197766430694267,0.2460062308978513,42.59465848438283,0.02829847156573635
ATLAS (C/2025 N1),2462398.5,A.D. 2029-Sep-19 00:00:00.0000,12.5,-11.7116408643979,4.5,41.08016372888636,-2.546725566626332,0.001632029082519705,0.02983817470820195,-0.002199250325161952,0.24715090202714,42.79285214659632,0.02832819478278804
ATLAS (C/2025 N1),2462405.5,A.D. 2029-Sep-26 00:00:00.0000,12.5,-11.70016154715036,4.5,41.28908842535328,-2.562120746957825,0.001648535696386877,0.02985471390229978,-0.002199502728288285,0.2482967181679774,42.99124406141383,0.02835510361350444
ATLAS (C/2025 N1),2462412.5,A.D. 2029-Oct-03 00:00:00.0000,12.5,-11.6885610781185,4.5,41.49813775616239,-2.577522684382796,0.0016651312042352,0.02987393062737603,-0.002201105736971545,0.2494436619215684,43.18983121632736,0.02838452631445871
ATLAS (C/2025 N1),2462419.5,A.D. 2029-Oct-10 00:00:00.0000,12.5,-11.67685409042713,4.5,41.70731631118466,-2.592932019806732,0.001680374055255196,0.0298909486860459,-0.002201402809154117,0.2505917772596425,43.38862122480587,0.02841200808098773
ATLAS (C/2025 N1),2462426.5,A.D. 2029-Oct-17 00:00:00.0000,12.5,-11.6650295530821,4.5,41.91661639549604,-2.608345623181317,0.001697683473363316,0.02990969575615617,-0.002202758925756292,0.2517409985681888,43.58760272613551,0.02844054718998905
ATLAS (C/2025 N1),2462433.5,A.D. 2029-Oct-24 00:00:00.0000,12.5,-11.65309545286204,4.5,42.12605002428711,-2.623768625783361,0.001712187848420684,0.02992776813554459,-0.002203451325884888,0.2528914022246267,43.78678894465657,0.02846903702382041
ATLAS (C/2025 N1),2462440.5,A.D. 2029-Oct-31 00:00:00.0000,12.5,-11.64105018520286,4.5,42.33560491039866,-2.63919460054771,0.001729481059198418,0.02994569523838579,-0.002204309290079172,0.2540429107742875,43.98616646950883,0.02849654444472281
ATLAS (C/2025 N1),2462447.5,A.D. 2029-Nov-07 00:00:00.0000,12.5,-11.62889093481737,4.5,42.54529407217024,-2.654630277974618,0.001744064474011077,0.02996493254446268,-0.002205536824393218,0.25519559021992,44.18574672871401,0.02852594579825156
ATLAS (C/2025 N1),2462454.5,A.D. 2029-Nov-14 00:00:00.0000,12.5,-11.61662675528161,4.5,42.75510784495306,-2.670069528411439,0.001760604802088397,0.0299822455880721,-0.002205931757273555,0.2563493941448468,44.38552168547354,0.02855282077903561
ATLAS (C/2025 N1),2462461.5,A.D. 2029-Nov-21 00:00:00.0000,12.5,-11.60424590971803,4.5,42.96505333081842,-2.685516928253517,0.001775969402912555,0.03000212516022474,-0.002207496956139069,0.2575043415921313,44.58549463699169,0.02858244374516548
ATLAS (C/2025 N1),2462468.5,A.D. 2029-Nov-28 00:00:00.0000,12.5,-11.59176334389822,4.5,43.17512925086099,-2.700970083312173,0.001791252707592086,0.03001944911699718,-0.002207701074823977,0.2586604429367952,44.78566737964772,0.0286094375212713
ATLAS (C/2025 N1),2462475.5,A.D. 2029-Dec-05 00:00:00.0000,12.5,-11.57916525905427,4.5,43.38533311014717,-2.71642883263426,0.00180755037862198,0.03003924920800059,-0.002209246943755426,0.2598176593863726,44.98603319673439,0.02863853688059006
ATLAS (C/2025 N1),2462482.5,A.D. 2029-Dec-12 00:00:00.0000,12.5,-11.56646449372212,4.5,43.59567306484952,-2.73189585023419,0.001821736758639423,0.0300572978786846,-0.002209644387663124,0.2609760523717661,45.18660272468276,0.02866631962180693
ATLAS (C/2025 N1),2462489.5,A.D. 2029-Dec-19 00:00:00.0000,12.5,-11.55365321467273,4.5,43.80613874541918,-2.747366326009966,0.001838458668341565,0.03007641386716681,-0.002210808781694404,0.2621355467690723,45.38736295619218,0.02869443082171013
ATLAS (C/2025 N1),2462496.5,A.D. 2029-Dec-26 00:00:00.0000,12.5,-11.54073530953699,4.5,44.01674345508521,-2.762846476772943,0.001852216988474499,0.03009564819201973,-0.002211703449290503,0.2632962206869465,45.58832741535707,0.02872329718822394
ATLAS (C/2025 N1),2462503.5,A.D. 2030-Jan-02 00:00:00.0000,12.5,-11.52771364178041,4.5,44.2274750758822,-2.778329530484386,0.001868618921805503,0.03011396368350027,-0.002212353293590609,0.2644580044427324,45.78948403699951,0.02875049476066463
ATLAS (C/2025 N1),2462510.5,A.D. 2030-Jan-09 00:00:00.0000,12.5,-11.51458132907898,4.5,44.43834495432103,-2.793821771604144,0.001882785225545432,0.03013419161308708,-0.002213731171725142,0.2656209496481122,45.99084175740528,0.02878005354942564
ATLAS (C/2025 N1),2462517.5,A.D. 2030-Jan-16 00:00:00.0000,12.5,-11.50135062570281,4.5,44.6493463326234,-2.809318260587923,0.001898133196698803,0.03015210328353975,-0.002213999001868535,0.2667850308096333,46.19239616251985,0.02880691510086325
ATLAS (C/2025 N1),2462524.5,A.D. 2030-Jan-23 00:00:00.0000,12.5,-11.48800804664619,4.5,44.8604825350113,-2.824821814264114,0.00191322978622146,0.03017270855507215,-0.002215596369259427,0.2679502442651113,46.39414661825567,0.02883643365515996
ATLAS (C/2025 N1),2462531.5,A.D. 2030-Jan-30 00:00:00.0000,12.5,-11.47456872622004,4.5,45.07175628782647,-2.840332098631587,0.001927307369754653,0.03019089112726251,-0.002215810909653763,0.2691166231258451,46.59609885765641,0.02886368468504685
ATLAS (C/2025 N1),2462538.5,A.D. 2030-Feb-06 00:00:00.0000,12.5,-11.4610204053702,4.5,45.2831613299169,-2.855846878142182,0.001943163395334873,0.0302111205229332,-0.002217224501710666,0.2702841104654897,46.79824302423103,0.02889246210042336
ATLAS (C/2025 N1),2462545.5,A.D. 2030-Feb-13 00:00:00.0000,12.5,-11.44737296339718,4.5,45.49470863594255,-2.871370593455663,0.001956357304606559,0.03023027194927915,-0.002217784320389093,0.2714527796009985,47.00059181241641,0.02892070697125489
ATLAS (C/2025 N1),2462552.5,A.D. 2030-Feb-20 00:00:00.0000,12.5,-11.43362259147493,4.5,45.70638616894946,-2.886897194654363,0.001972366070652519,0.03024970046617739,-0.002218735236736721,0.2726225521479312,47.20313165036748,0.02894847046145213
ATLAS (C/2025 N1),2462559.5,A.D. 2030-Feb-27 00:00:00.0000,12.5,-11.41976876848961,4.5,45.91820734077846,-2.902433411439436,0.001985478240989381,0.03026999899801213,-0.002219812444944717,0.273793501256513,47.4058752036531,0.02897770033133761
ATLAS (C/2025 N1),2462566.5,A.D. 2030-Mar-06 00:00:00.0000,12.5,-11.40581857732883,4.5,46.13016137712941,-2.917972760806076,0.002000807726760105,0.03028874139716338,-0.00222027641600032,0.2749655707553892,47.6088127465047,0.02900476414057339
ATLAS (C/2025 N1),2462573.5,A.D. 2030-Mar-13 00:00:00.0000,12.5,-11.39176176718937,4.5,46.34225691199074,-2.93352048039733,0.002014631572457883,0.03030983425409648,-0.002221768376204059,0.2761387931711749,47.81194991073112,0.02903444700890184
ATLAS (C/2025 N1),2462580.5,A.D. 2030-Mar-20 00:00:00.0000,12.5,-11.37761269499304,4.5,46.55449079537922,-2.949073292652828,0.002028742334283175,0.03032839714888746,-0.002221953776290613,0.2773131661347831,48.0152862861376,0.02906144384087752
ATLAS (C/2025 N1),2462587.5,A.D. 2030-Mar-27 00:00:00.0000,12.5,-11.36335741719456,4.5,46.76686233520565,-2.964632002931738,0.00204348484251926,0.03034955058727161,-0.002223504342672677,0.2784886635701216,48.21881735778881,0.02909080634086699
ATLAS (C/2025 N1),2462594.5,A.D. 2030-Apr-03 00:00:00.0000,12.5,-11.34900986360337,4.5,46.97937804825831,-2.980198360605732,0.002056392316138789,0.03036870604136566,-0.00222381131604009,0.2796653383269093,48.42255227632987,0.02911850445359618
ATLAS (C/2025 N1),2462601.5,A.D. 2030-Apr-10 00:00:00.0000,12.5,-11.33456056911148,4.5,47.19202856643034,-2.995768263793823,0.002071707560069151,0.03038925139293219,-0.002225043798414307,0.2808431203269716,48.62647890810097,0.02914696421474435
ATLAS (C/2025 N1),2462608.5,A.D. 2030-Apr-17 00:00:00.0000,12.5,-11.3200155922121,4.5,47.40482673626103,-3.011347512516948,0.00208399987046519,0.03040948061622741,-0.002225781415318026,0.2820220886174842,48.83061093969638,0.02917571217390543
ATLAS (C/2025 N1),2462615.5,A.D. 2030-Apr-24 00:00:00.0000,12.5,-11.30537556080367,4.5,47.61776002376666,-3.026929377546811,0.002099102011332083,0.03042922363378838,-0.002226518980539586,0.2832021681672957,49.03493537987486,0.02920325757019957
ATLAS (C/2025 N1),2462622.5,A.D. 2030-May-01 00:00:00.0000,12.5,-11.29063567834988,4.5,47.83084071601907,-3.042520455342353,0.00211169123069214,0.03045050714833892,-0.002227769174477033,0.2843834207065989,49.23946291688803,0.02923283416994238
ATLAS (C/2025 N1),2462629.5,A.D. 2030-May-08 00:00:00.0000,12.5,-11.27580665923433,4.5,48.04406045231222,-3.058115164386016,0.002125837908322696,0.03046969738734542,-0.002228067422415153,0.2855658084499477,49.44418700838869,0.02925988311880779
ATLAS (C/2025 N1),2462636.5,A.D. 2030-May-15 00:00:00.0000,12.5,-11.2608758756862,4.5,48.25742438911043,-3.073717207357902,0.002139287105026721,0.03049148915117388,-0.002229605229779957,0.286749341910558,49.64910947468372,0.0292896222514099
ATLAS (C/2025 N1),2462643.5,A.D. 2030-May-22 00:00:00.0000,12.5,-11.24585847975412,4.5,48.47093328883301,-3.089325260141584,0.00215213882335146,0.03051082281331783,-0.002229788118352821,0.2879340417685881,49.85423389643157,0.02931694732950142
ATLAS (C/2025 N1),2462650.5,A.D. 2030-May-29 00:00:00.0000,12.5,-11.23074146270856,4.5,48.68458255296561,-3.104938039245441,0.002166464295854336,0.03053235492792534,-0.002231220216295048,0.2891198617362322,50.05955225914708,0.0293460825727856
ATLAS (C/2025 N1),2462657.5,A.D. 2030-Jun-05 00:00:00.0000,12.5,-11.21553626493686,4.5,48.89838193611883,-3.120559223226384,0.002178254587565168,0.03055250566054443,-0.002231658866125133,0.2903068698373634,50.26507634079879,0.0293743077444205
ATLAS (C/2025 N1),2462664.5,A.D. 2030-Jun-12 00:00:00.0000,12.5,-11.20023713298489,4.5,49.11231988451915,-3.136183227739926,0.002192853521270585,0.03057331562280515,-0.002232687587777573,0.2914949887697729,50.47079275692414,0.02940251209990011
ATLAS (C/2025 N1),2462671.5,A.D. 2030-Jun-19 00:00:00.0000,12.5,-11.18484580461737,4.5,49.32640996054324,-3.151816663158578,0.002204401782556277,0.03059459241521821,-0.002233623821898966,0.2926842964797708,50.67671500350838,0.02943177131148489
ATLAS (C/2025 N1),2462678.5,A.D. 2030-Jun-26 00:00:00.0000,12.5,-11.16936735973603,4.5,49.54064040515854,-3.167452767640487,0.002218451746170018,0.03061462652937614,-0.002234142026078206,0.2938747280443653,50.88283183948391,0.02945917093568424
ATLAS (C/2025 N1),2462685.5,A.D. 2030-Jul-03 00:00:00.0000,12.5,-11.15379321793444,4.5,49.755021293243,-3.183097389742379,0.002230551735742469,0.03063677545582223,-0.002235526384326524,0.2950663284846171,51.08915106000577,0.0294890435499212
ATLAS (C/2025 N1),2462692.5,A.D. 2030-Jul-10 00:00:00.0000,12.5,-11.13813679921715,4.5,49.96954748733611,-3.198746356010706,0.002243444405466842,0.03065652041997897,-0.002235725490257887,0.2962590815609929,51.29566985328592,0.0295162571290823
ATLAS (C/2025 N1),2462699.5,A.D. 2030-Jul-17 00:00:00.0000,12.5,-11.12238438493078,4.5,50.18422023253096,-3.214401483978655,0.002256509708482058,0.03067882548070802,-0.002237232512760463,0.297452974902094,51.50238607728311,0.02954594234291958
ATLAS (C/2025 N1),2462706.5,A.D. 2030-Jul-24 00:00:00.0000,12.5,-11.10655053973211,4.5,50.39904417826628,-3.230063529965186,0.002268086875021139,0.03069899292869705,-0.00223746437954933,0.2986480504264252,51.70930698996141,0.02957371739142855
ATLAS (C/2025 N1),2462713.5,A.D. 2030-Jul-31 00:00:00.0000,12.5,-11.09062446558788,4.5,50.61401126657354,-3.24572922952797,0.002281848800674387,0.03072081218144192,-0.002238736581672753,0.299844245432804,51.91642173494763,0.02960263221415482
ATLAS (C/2025 N1),2462720.5,A.D. 2030-Aug-07 00:00:00.0000,12.5,-11.07461411910155,4.5,50.82913359316639,-3.261403832094054,0.00229266206220686,0.03074197234450176,-0.002239349268376288,0.3010416370968587,52.12374367478757,0.02963142677343841
ATLAS (C/2025 N1),2462727.5,A.D. 2030-Aug-14 00:00:00.0000,12.5,-11.05851805854141,4.5,51.0443985692398,-3.277080807883674,0.00230637147701117,0.03076296648417744,-0.002240138184997,0.3022401477057849,52.33125935392628,0.02965938914479604
ATLAS (C/2025 N1),2462734.5,A.D. 2030-Aug-21 00:00:00.0000,12.5,-11.04233355405136,4.5,51.25981923314085,-3.292766957486222,0.002317254073186509,0.03078522007072867,-0.002241266861781261,0.3034398472127695,52.53898088438257,0.02968913493716913
ATLAS (C/2025 N1),2462741.5,A.D. 2030-Aug-28 00:00:00.0000,12.5,-11.02606971779857,4.5,51.47538573195514,-3.308456112571569,0.002330147632777855,0.03080560287441435,-0.002241606740174343,0.3046406863388442,52.74689973376765,0.02971651766923066
ATLAS (C/2025 N1),2462748.5,A.D. 2030-Sep-04 00:00:00.0000,12.5,-11.00971505422679,4.5,51.69110505808041,-3.324152836957486,0.00234181942367981,0.03082843339246669,-0.002243058824602278,0.3058426896559669,52.95502015658408,0.02974655264789418
ATLAS (C/2025 N1),2462755.5,A.D. 2030-Sep-11 00:00:00.0000,12.5,-10.99328445962156,4.5,51.90697585576794,-3.339854768792366,0.002353380922364188,0.03084880733088019,-0.002243210613438322,0.3070458640473376,53.163343344621,0.02977406629198935
ATLAS (C/2025 N1),2462762.5,A.D. 2030-Sep-18 00:00:00.0000,12.5,-10.97676448017753,4.5,52.12299537885175,-3.355561658589648,0.002365985788896815,0.03087151038750379,-0.002244639455928545,0.3082501752858942,53.37186337164635,0.029803657772207
ATLAS (C/2025 N1),2462769.5,A.D. 2030-Sep-25 00:00:00.0000,12.5,-10.96016782862775,4.5,52.33917176878829,-3.37127626173813,0.002376387017271876,0.03089256653346096,-0.00224497785046829,0.3094556829426354,53.58059055205879,0.02983196283775293
ATLAS (C/2025 N1),2462776.5,A.D. 2030-Oct-02 00:00:00.0000,12.5,-10.94348701181763,4.5,52.55549433345631,-3.386993648541797,0.002389413607375326,0.03091455496974539,-0.002246033004013293,0.3106623135285955,53.78951216163837,0.02986062592365572
ATLAS (C/2025 N1),2462783.5,A.D. 2030-Oct-09 00:00:00.0000,12.5,-10.92672580214985,4.5,52.77197638851158,-3.402720134145306,0.002399338285865336,0.030936723989118,-0.002246848666668826,0.3118701464855178,53.99864195529651,0.02989002121327466
ATLAS (C/2025 N1),2462790.5,A.D. 2030-Oct-16 00:00:00.0000,12.5,-10.90988729216909,4.5,52.98860550904759,-3.418448843027475,0.002412026198619264,0.03095791065099315,-0.002247409384140568,0.3130791103541967,54.20796756025536,0.02991782034815157
ATLAS (C/2025 N1),2462797.5,A.D. 2030-Oct-23 00:00:00.0000,12.5,-10.89296461206119,4.5,53.20539303778841,-3.434186134357684,0.002422343630743267,0.03098098653052818,-0.002248683069852228,0.3142892610797929,54.41749866311915,0.02994793031401861
ATLAS (C/2025 N1),2462804.5,A.D. 2030-Oct-30 00:00:00.0000,12.5,-10.87597007913093,4.5,53.42233199276068,-3.449927016458315,0.002433935983087506,0.03100177327797734,-0.002248881485012987,0.3155005692995352,54.62723017988173,0.02997541850637038
ATLAS (C/2025 N1),2462811.5,A.D. 2030-Nov-06 00:00:00.0000,12.5,-10.85889040790616,4.5,53.63942563311673,-3.465674326004976,0.002445182137788422,0.03102515053012317,-0.002250354502500448,0.3167130367689986,54.83716241451145,0.03000553298402402
ATLAS (C/2025 N1),2462818.5,A.D. 2030-Nov-13 00:00:00.0000,12.5,-10.84174064047208,4.5,53.85667655464306,-3.481427735247314,0.002455447726686625,0.03104621105226206,-0.002250514881659937,0.3179266929431882,55.04730046698432,0.03003343325435297
ATLAS (C/2025 N1),2462825.5,A.D. 2030-Nov-20 00:00:00.0000,12.5,-10.82450889072062,4.5,54.0740783514791,-3.497184967417446,0.002467460780007796,0.03106915300128294,-0.002251793953441737,0.3191414848972376,55.25763517364384,0.03006284466025803
ATLAS (C/2025 N1),2462832.5,A.D. 2030-Nov-27 00:00:00.0000,12.5,-10.80720486050369,4.5,54.2916419264503,-3.512950511163737,0.002476765726861789,0.03109115545480647,-0.002252298032778737,0.3203574846095101,55.46817899715725,0.03009176082815648
ATLAS (C/2025 N1),2462839.5,A.D. 2030-Dec-04 00:00:00.0000,12.5,-10.78982516424494,4.5,54.50935501108595,-3.528718230364357,0.002488935381146274,0.0311132691513166,-0.002253121632494669,0.3215746143582323,55.67891848041663,0.03012019150635228
ATLAS (C/2025 N1),2462846.5,A.D. 2030-Dec-11 00:00:00.0000,12.5,-10.77236912589629,4.5,54.72723096454521,-3.544494921269636,0.002498094585202691,0.03113634879457305,-0.002254122711152684,0.3227929491576757,55.88986661174051,0.0301501074085164
ATLAS (C/2025 N1),2462853.5,A.D. 2030-Dec-18 00:00:00.0000,12.5,-10.75484413722748,4.5,54.94525873521597,-3.560274006928749,0.00250957649063712,0.03115776368512294,-0.002254476178611279,0.3240124300887555,56.10101318960555,0.03017784777787535
ATLAS (C/2025 N1),2462860.5,A.D. 2030-Dec-25 00:00:00.0000,12.5,-10.73723991133273,4.5,55.16344690954702,-3.576060789379302,0.002519404849991693,0.03118154603186894,-0.002255863061594479,0.3252330940226809,56.31236459806377,0.03020823615490175
ATLAS (C/2025 N1),2462867.5,A.D. 2031-Jan-01 00:00:00.0000,12.5,-10.71957090543033,4.5,55.38179207251565,-3.591851921892225,0.002529651355266958,0.03120278699866052,-0.002255962671528439,0.3264549341639943,56.52391966051812,0.03023591744337622
ATLAS (C/2025 N1),2462874.5,A.D. 2031-Jan-08 00:00:00.0000,12.5,-10.70182333643586,4.5,55.60029348442781,-3.607648252383175,0.002540388451094894,0.03122653197265468,-0.002257379085912771,0.3276779293031447,56.73567470464869,0.03026599035658408
ATLAS (C/2025 N1),2462881.5,A.D. 2031-Jan-15 00:00:00.0000,12.5,-10.68401102040252,4.5,55.81895744782679,-3.623451502212768,0.002549385382284679,0.03124837326062322,-0.002257621751985239,0.3289021286744508,56.94763825511352,0.03029439660041918
ATLAS (C/2025 N1),2462888.5,A.D. 2031-Jan-22 00:00:00.0000,12.5,-10.66612484201021,4.5,56.03777452374074,-3.639257575157172,0.002560709721713816,0.03127144404161875,-0.002258707460256313,0.330127465263254,57.15979870868416,0.03032357247667363
ATLAS (C/2025 N1),2462895.5,A.D. 2031-Jan-29 00:00:00.0000,12.5,-10.64817063314883,4.5,56.25675740594165,-3.655072282030549,0.002569027452858295,0.0312943430475062,-0.002259386531635614,0.3313540172612253,57.37216960382875,0.03035306238954844
ATLAS (C/2025 N1),2462902.5,A.D. 2031-Feb-05 00:00:00.0000,12.5,-10.63014945640222,4.5,56.47589344319386,-3.670888860753137,0.002580151726086564,0.03131657424925885,-0.002259979745084114,0.3325817095374276,57.58473793202881,0.03038131819537546
ATLAS (C/2025 N1),2462909.5,A.D. 2031-Feb-12 00:00:00.0000,12.5,-10.61205631803134,4.5,56.6951948160789,-3.686713943339154,0.002588685801713734,0.03134048000165438,-0.002261158549410459,0.3338106060977046,57.79751477555259,0.03041168104517609
ATLAS (C/2025 N1),2462916.5,A.D. 2031-Feb-19 00:00:00.0000,12.5,-10.59390230271894,4.5,56.91465296342291,-3.702541880797362,0.002598864955336452,0.03136214632737285,-0.002261328627549801,0.3350406660469496,58.01049305363192,0.03043942783408071
ATLAS (C/2025 N1),2462923.5,A.D. 2031-Feb-26 00:00:00.0000,12.5,-10.57567472511636,4.5,57.13427296917271,-3.718376425995815,0.002608191835468903,0.03138646704367545,-0.00226276279252013,0.3362719040888657,58.22367531213403,0.03046996572190414
ATLAS (C/2025 N1),2462930.5,A.D. 2031-Mar-05 00:00:00.0000,12.5,-10.55738889724603,4.5,57.35405531972024,-3.734216174717992,0.002617064067084872,0.03140828086583138,-0.002262842454622846,0.3375043365142424,58.43706437172172,0.03049798748802827
ATLAS (C/2025 N1),2462937.5,A.D. 2031-Mar-12 00:00:00.0000,12.5,-10.53903194569505,4.5,57.57399537224901,-3.750059896762177,0.002627241778157434,0.03143224005957067,-0.00226413884151341,0.3387379210293094,58.65065290945562,0.03052790763871746
ATLAS (C/2025 N1),2462944.5,A.D. 2031-Mar-19 00:00:00.0000,12.5,-10.52061522793508,4.5,57.79410258529402,-3.76591120475261,0.002635024414774627,0.03145487310266552,-0.002264497204568416,0.3399727223983589,58.86445213892532,0.03055684568454819
ATLAS (C/2025 N1),2462951.5,A.D. 2031-Mar-26 00:00:00.0000,12.5,-10.50213330278681,4.5,58.01436538604928,-3.781764559604848,0.002645480681103153,0.03147802289932395,-0.002265368965774964,0.3412086652898432,59.07844901687773,0.03058579657197655
ATLAS (C/2025 N1),2462958.5,A.D. 2031-Apr-02 00:00:00.0000,12.5,-10.48358766979694,4.5,58.23479707100641,-3.797626533709756,0.00265296447333792,0.03150177777757743,-0.002266239522403912,0.3424458271066065,59.29265694519982,0.03061582117380643
ATLAS (C/2025 N1),2462965.5,A.D. 2031-Apr-09 00:00:00.0000,12.5,-10.46498381273832,4.5,58.4553858440475,-3.813490383569619,0.002662903977907772,0.03152409862858346,-0.002266597831580383,0.3436841420578366,59.50706453256556,0.03064392043287883
ATLAS (C/2025 N1),2462972.5,A.D. 2031-Apr-16 00:00:00.0000,12.5,-10.44631291167662,4.5,58.67614159650387,-3.829361959473473,0.00267085859746886,0.0315486853027464,-0.002267909100876892,0.3449236574837903,59.72167997568634,0.03067460839915656
ATLAS (C/2025 N1),2462979.5,A.D. 2031-Apr-23 00:00:00.0000,12.5,-10.42758875004712,4.5,58.89705907479086,-3.845237061620996,0.002679662820373286,0.03157070278271942,-0.002267963649218588,0.34616435401974,59.93649992166358,0.03070249322583658
ATLAS (C/2025 N1),2462986.5,A.D. 2031-Apr-30 00:00:00.0000,12.5,-10.40879751570598,4.5,59.11813943238722,-3.8611175449943,0.002688508096365638,0.03159537296625269,-0.00226937258843721,0.3474062230372841,60.15152287653578,0.03073301811750586
ATLAS (C/2025 N1),2462993.5,A.D. 2031-May-07 00:00:00.0000,12.5,-10.38995398293114,4.5,59.33938708309574,-3.877004093860744,0.00269600142049356,0.03161781303201581,-0.002269482511779028,0.3486493027275253,60.36675545288739,0.03076145296510519
ATLAS (C/2025 N1),2463000.5,A.D. 2031-May-14 00:00:00.0000,12.5,-10.3710474626113,4.5,59.56079394873329,-3.892893506813034,0.002705489586890077,0.03164189718813105,-0.002270622061097377,0.3498935334564325,60.58218732540603,0.0307911802113132
ATLAS (C/2025 N1),2463007.5,A.D. 2031-May-21 00:00:00.0000,12.5,-10.35208589865923,4.5,59.78237177838226,-3.908790934216536,0.002712198862220607,0.03166533979863825,-0.002271139782979728,0.3511389898348221,60.79783141255408,0.03082066527363288
ATLAS (C/2025 N1),2463014.5,A.D. 2031-May-28 00:00:00.0000,12.5,-10.3330681297826,4.5,60.00410800771144,-3.924689921584188,0.00272163173491081,0.03168849702052895,-0.00227176702132663,0.3523855950586351,61.01367441612096,0.03084936599583512
ATLAS (C/2025 N1),2463021.5,A.D. 2031-Jun-04 00:00:00.0000,12.5,-10.31399123256436,4.5,60.22601530748901,-3.94059718165817,0.002728357354016205,0.03171302525503543,-0.002272817079417119,0.3536334188584604,61.22972840958391,0.03087985519970965
ATLAS (C/2025 N1),2463028.5,A.D. 2031-Jun-11 00:00:00.0000,12.5,-10.29486467535518,4.5,60.44808384181437,-3.956506605831893,0.002737001074055109,0.03173550264963585,-0.002272986134946633,0.3548824104452998,61.44598459910043,0.03090790010612501
ATLAS (C/2025 N1),2463035.5,A.D. 2031-Jun-18 00:00:00.0000,12.5,-10.27567672730945,4.5,60.67032031441453,-3.972422714092865,0.002744445909921745,0.03176057732492671,-0.0022743601465127,0.3561325963558641,61.6624475793596,0.03093873427840893
ATLAS (C/2025 N1),2463042.5,A.D. 2031-Jun-25 00:00:00.0000,12.5,-10.25644261209456,4.5,60.89272330923785,-3.988343157922464,0.002751795363871616,0.03178300895605499,-0.002274348485431915,0.3573839805175309,61.87911803036575,0.03096684765847148
ATLAS (C/2025 N1),2463049.5,A.D. 2031-Jul-02 00:00:00.0000,12.5,-10.2371487349128,4.5,61.11528993665273,-4.004267706295098,0.00276009089875875,0.03180789450971799,-0.002275681135829734,0.3586365315321457,62.095990515697,0.03099726173429621
ATLAS (C/2025 N1),2463056.5,A.D. 2031-Jul-09 00:00:00.0000,12.5,-10.21780801936268,4.5,61.33802814143228,-4.020199061893198,0.002766307082381019,0.0318310107347447,-0.002275880819936536,0.359890306095282,62.31307485188753,0.03102615841154174
ATLAS (C/2025 N1),2463063.5,A.D. 2031-Jul-16 00:00:00.0000,12.5,-10.19841302368027,4.5,61.56092723517786,-4.036132369785046,0.002774966226827872,0.03185509007386648,-0.002276807233979654,0.3611452327405444,62.53035866491462,0.03105560510507356
ATLAS (C/2025 N1),2463070.5,A.D. 2031-Jul-23 00:00:00.0000,12.5,-10.17896756877471,4.5,61.78400019217498,-4.052073835012376,0.002780695053128937,0.03187932954189204,-0.002277511185935229,0.3624013893777632,62.74785544444716,0.03108562878281294
ATLAS (C/2025 N1),2463077.5,A.D. 2031-Jul-30 00:00:00.0000,12.5,-10.15947497594037,4.5,62.00723466744518,-4.068016684235056,0.002788990001542033,0.03190251200008216,-0.002277913460210026,0.3636587045933248,62.9655528256013,0.03111413107622367
ATLAS (C/2025 N1),2463084.5,A.D. 2031-Aug-06 00:00:00.0000,12.5,-10.13992827678351,4.5,62.230641576116,-4.083967147055537,0.002795071783174253,0.03192765752704679,-0.002279095343125127,0.3649172345138678,63.18346052640326,0.03114493126258549
ATLAS (C/2025 N1),2463091.5,A.D. 2031-Aug-13 00:00:00.0000,12.5,-10.12034009612983,4.5,62.45421400597326,-4.09992032596119,0.002802284342627133,0.03195035150313558,-0.002279115508758378,0.3661769479492572,63.40157314644857,0.03117301533171394
ATLAS (C/2025 N1),2463098.5,A.D. 2031-Aug-20 00:00:00.0000,12.5,-10.1006969684624,4.5,62.67795483379469,-4.115878966019756,0.002809220920914868,0.03197577393856001,-0.002280502717357033,0.3674378480856421,63.61989123740182,0.03120387759255248
ATLAS (C/2025 N1),2463105.5,A.D. 2031-Aug-27 00:00:00.0000,12.5,-10.08101422397918,4.5,62.90186662759566,-4.13184278256321,0.002815150355147537,0.03199869110428774,-0.002280487043524999,0.3686999617800728,63.83841944941716,0.03123229648312319
ATLAS (C/2025 N1),2463112.5,A.D. 2031-Sep-03 00:00:00.0000,12.5,-10.06127983056658,4.5,63.12594276344813,-4.147809487552851,0.002822776549635367,0.03202361763943193,-0.002281665601519949,0.3699632377293463,64.05714889962033,0.03126246262985897
ATLAS (C/2025 N1),2463119.5,A.D. 2031-Sep-10 00:00:00.0000,12.5,-10.04150368584012,4.5,63.35019396550056,-4.163783536138761,0.002827783252724208,0.03204745939706378,-0.00228201230610679,0.371227745924587,64.27609170659883,0.03129187423841844
ATLAS (C/2025 N1),2463126.5,A.D. 2031-Sep-17 00:00:00.0000,12.5,-10.02168238093277,4.5,63.57460794333634,-4.179758865067269,0.002835502827963351,0.03207147988439037,-0.002282710769501795,0.3724934093176102,64.49523452987306,0.03132101846563849
ATLAS (C/2025 N1),2463133.5,A.D. 2031-Sep-24 00:00:00.0000,12.5,-10.00181532203783,4.5,63.79919772250279,-4.195742162797116,0.002840383776358266,0.03209640465268086,-0.002283581296556589,0.3737603023379008,64.71459025650883,0.03135146468407211
ATLAS (C/2025 N1),2463140.5,A.D. 2031-Oct-01 00:00:00.0000,12.5,-9.981910028777774,4.5,64.02395237527695,-4.211726981298792,0.002847378141897844,0.03211963407228802,-0.002283779436561676,0.3750283653679786,64.93414856405947,0.03137982633571125
ATLAS (C/2025 N1),2463147.5,A.D. 2031-Oct-08 00:00:00.0000,12.5,-9.961956198900792,4.5,64.24888005322792,-4.227718473676492,0.00285289756266357,0.0321452715491392,-0.002285060748622291,0.3762976359020359,65.15391594444307,0.03141081881809517
ATLAS (C/2025 N1),2463154.5,A.D. 2031-Oct-15 00:00:00.0000,12.5,-9.941968524442757,4.5,64.47397747128193,-4.243713418259571,0.002858659310477134,0.03216824427866442,-0.00228498412994372,0.3775681053468356,65.37389090978672,0.03143901556472146
ATLAS (C/2025 N1),2463161.5,A.D. 2031-Oct-22 00:00:00.0000,12.5,-9.921933142650412,4.5,64.69924346627586,-4.259712536295392,0.002865019829518574,0.0321938237208203,-0.002286302421299336,0.3788397534598124,65.59406995519898,0.03146974255932765
ATLAS (C/2025 N1),2463168.5,A.D. 2031-Oct-29 00:00:00.0000,12.5,-9.90186411535034,4.5,64.92468435017608,-4.275717616859501,0.002869559548723755,0.03221733086070822,-0.002286362647497421,0.3801126275300956,65.81446126853872,0.03149857719880356
ATLAS (C/2025 N1),2463175.5,A.D. 2031-Nov-05 00:00:00.0000,12.5,-9.88175222262417,4.5,65.15029039586783,-4.291724516521857,0.002876427298503196,0.03224218908199141,-0.002287343627170663,0.3813866608798679,66.03505330489982,0.03152841384028948
ATLAS (C/2025 N1),2463182.5,A.D. 2031-Nov-12 00:00:00.0000,12.5,-9.861603489968912,4.5,65.3760741300083,-4.307739028119638,0.002880338454509401,0.03226671327853015,-0.002287849304266455,0.3826619306495629,66.2558594207342,0.03155829174193366
ATLAS (C/2025 N1),2463189.5,A.D. 2031-Nov-19 00:00:00.0000,12.5,-9.84141891076399,4.5,65.60202282709096,-4.323754446931453,0.002886934213215348,0.03229065470465647,-0.00228831583406905,0.3839383610021774,66.4768664852719,0.0315871515139071
ATLAS (C/2025 N1),2463196.5,A.D. 2031-Nov-26 00:00:00.0000,12.5,-9.821193605504883,4.5,65.8281483288016,-4.339777300715242,0.002891095475026239,0.03231617766458302,-0.002289345097009611,0.3852160160783836,66.69808560412599,0.03161792961696182
ATLAS (C/2025 N1),2463203.5,A.D. 2031-Dec-03 00:00:00.0000,12.5,-9.80093867346406,4.5,66.05444217950341,-4.355802076264885,0.00289671062334411,0.03233947096984802,-0.002289363903888868,0.386494853439511,66.9195094292685,0.03164618608574312
ATLAS (C/2025 N1),2463210.5,A.D. 2031-Dec-10 00:00:00.0000,12.5,-9.780641477932972,4.5,66.28090903111324,-4.371832375327612,0.002901658736768005,0.03236540851698781,-0.002290670972695099,0.3877748886282215,67.14114065182788,0.03167719557256877
ATLAS (C/2025 N1),2463217.5,A.D. 2031-Dec-17 00:00:00.0000,12.5,-9.760317435349414,4.5,66.50754953212952,-4.387866944102229,0.002905957042947529,0.03238877254414232,-0.002290580295120003,0.3890561362692826,67.36298180400412,0.03170562726640733
ATLAS (C/2025 N1),2463224.5,A.D. 2031-Dec-24 00:00:00.0000,12.5,-9.739953678797548,4.5,66.73435861954052,-4.403904411535639,0.002911704147291402,0.0324143463972324,-0.002291765862338641,0.3903385545714176,67.585025649862,0.03173607541814517
ATLAS (C/2025 N1),2463231.5,A.D. 2031-Dec-31 00:00:00.0000,12.5,-9.719561745402661,4.5,66.96134581351228,-4.419948484367084,0.002914936808491156,0.03243845795447899,-0.002291941155792616,0.3916222072678855,67.80728322447324,0.03176533628637215
ATLAS (C/2025 N1),2463238.5,A.D. 2032-Jan-07 00:00:00.0000,12.5,-9.699136157458032,4.5,67.1884992328968,-4.435993552186192,0.002920876575266527,0.03246318721936974,-0.002292700391606856,0.3929070183354618,68.02974136482456,0.03179481813017782
ATLAS (C/2025 N1),2463245.5,A.D. 2032-Jan-14 00:00:00.0000,12.5,-9.678678608776632,4.5,67.41583203363888,-4.452046183577085,0.002923851265542969,0.03248836806552707,-0.002293389922317695,0.3941930651244439,68.25241346370474,0.03182512552262734
ATLAS (C/2025 N1),2463252.5,A.D. 2032-Jan-21 00:00:00.0000,12.5,-9.658194512977966,4.5,67.64333228987707,-4.46809966637358,0.002929202771278487,0.03251220371606959,-0.00229362047540842,0.3954802799336334,68.4752877990147,0.03185369765209888
ATLAS (C/2025 N1),2463259.5,A.D. 2032-Jan-28 00:00:00.0000,12.5,-9.637675213643453,4.5,67.8710095649108,-4.484159755823591,0.002932687105614071,0.03253817838839742,-0.002294761391269672,0.3967687108675442,68.69837269979281,0.03188466802625009
ATLAS (C/2025 N1),2463266.5,A.D. 2032-Feb-04 00:00:00.0000,12.5,-9.617134417621987,4.5,68.09885865223424,-4.500222373305148,0.002936855198837699,0.03256163505750365,-0.002294669696162016,0.3980583362543936,68.92166441368624,0.03191293470161041
ATLAS (C/2025 N1),2463273.5,A.D. 2032-Feb-11 00:00:00.0000,12.5,-9.596558436760805,4.5,68.32688027402146,-4.516289225031507,0.002941245004889991,0.03258768245634205,-0.00229592922561393,0.399349148245923,69.1451615818111,0.03194378142924397
ATLAS (C/2025 N1),2463280.5,A.D. 2032-Feb-18 00:00:00.0000,12.5,-9.575962016022112,4.5,68.55507897491002,-4.532361149422816,0.002944094535805362,0.03261148059752884,-0.002295872951196963,0.4006411834091216,69.36887053554531,0.03197249427086216
ATLAS (C/2025 N1),2463287.5,A.D. 2032-Feb-25 00:00:00.0000,12.5,-9.555334536154884,4.5,68.7834462659854,-4.548434805464619,0.002949091424768621,0.03263693853796585,-0.002296882003252905,0.4019343819940774,69.59278092951234,0.03200258333367222
ATLAS (C/2025 N1),2463294.5,A.D. 2032-Mar-03 00:00:00.0000,12.5,-9.53468400383313,4.5,69.01199397327507,-4.564515455796553,0.002951176577184586,0.0326616708623902,-0.002297221871115264,0.4032288183441134,69.81690563585951,0.03203227328649803
ATLAS (C/2025 N1),2463301.5,A.D. 2032-Mar-10 00:00:00.0000,12.5,-9.514009271373489,4.5,69.24070923515356,-4.580596567988363,0.002956054131175568,0.03268618547695461,-0.002297726062552464,0.4045244141216056,70.04123109084767,0.03206133957595683
ATLAS (C/2025 N1),2463308.5,A.D. 2032-Mar-17 00:00:00.0000,12.5,-9.49330757832679,4.5,69.46960463792172,-4.596684876030012,0.002958185577382388,0.03271193675724258,-0.002298589593315785,0.4058212400560167,70.26576954090373,0.03209198809974738
ATLAS (C/2025 N1),2463315.5,A.D. 2032-Mar-24 00:00:00.0000,12.5,-9.472588336160406,4.5,69.69867019213822,-4.612774280063165,0.00296219621990557,0.03273573179625034,-0.002298631798038101,0.4071192426455797,70.49051172248384,0.03212035666806183
ATLAS (C/2025 N1),2463322.5,A.D. 2032-Mar-31 00:00:00.0000,12.5,-9.451840034200083,4.5,69.92791231850666,-4.628869221772385,0.002965083713402559,0.03276197838705393,-0.00229982150025233,0.4084184497781729,70.71546246422443,0.03215133930845671
ATLAS (C/2025 N1),2463329.5,A.D. 2032-Apr-07 00:00:00.0000,12.5,-9.431077773378378,4.5,70.1573295822793,-4.644967445508767,0.002967748069393822,0.03278565735521522,-0.002299666876351277,0.4097188625972243,70.94062196410397,0.03217968662184209
ATLAS (C/2025 N1),2463336.5,A.D. 2032-Apr-14 00:00:00.0000,12.5,-9.410288167880363,4.5,70.38691869228117,-4.661068584788381,0.002971499461216569,0.03281168442870228,-0.002300828256911187,0.411020450363153,71.16598489972897,0.03221026195809901
ATLAS (C/2025 N1),2463343.5,A.D. 2032-Apr-21 00:00:00.0000,12.5,-9.389484009508505,4.5,70.6166876461834,-4.677175473607355,0.002973015832903492,0.03283597240414539,-0.002300869712436726,0.4123232681521344,71.39156080724361,0.0322393020626132
ATLAS (C/2025 N1),2463350.5,A.D. 2032-Apr-28 00:00:00.0000,12.5,-9.368658005470508,4.5,70.84662536004801,-4.693283125847501,0.002977121030170587,0.0328611796311163,-0.002301642303320135,0.4136272437106663,71.61733717634179,0.03226892263162374
ATLAS (C/2025 N1),2463357.5,A.D. 2032-May-05 00:00:00.0000,12.5,-9.34781392297072,4.5,71.07674484658862,-4.709397858323779,0.002978159088786038,0.03288650877269541,-0.002302170495198763,0.4149324551703169,71.84332753508521,0.03229901275944327
ATLAS (C/2025 N1),2463364.5,A.D. 2032-May-12 00:00:00.0000,12.5,-9.326955127995687,4.5,71.30703346098447,-4.725512818175105,0.002981856888030512,0.03291081455633327,-0.002302436700830691,0.4162388287421745,72.06951910731985,0.03232769043563834
ATLAS (C/2025 N1),2463371.5,A.D. 2032-May-19 00:00:00.0000,12.5,-9.306074741173454,4.5,71.53750205986978,-4.741634278187145,0.00298327879207603,0.03293697659055859,-0.002303430024072013,0.4175464222340241,72.29592190215337,0.03235851174573674
ATLAS (C/2025 N1),2463378.5,A.D. 2032-May-26 00:00:00.0000,12.5,-9.285185323980667,4.5,71.76814356688402,-4.757757338036771,0.002985835103612843,0.03296076930526012,-0.002303317989128409,0.4188552012510987,72.5225299643165,0.03238673306779617
ATLAS (C/2025 N1),2463385.5,A.D. 2032-Jun-02 00:00:00.0000,12.5,-9.264273638697857,4.5,71.99896065824784,-4.773884698857699,0.002988134044178347,0.03298714980020462,-0.002304512097195891,0.4201651708488313,72.74934416913035,0.03241759924040854
ATLAS (C/2025 N1),2463392.5,A.D. 2032-Jun-09 00:00:00.0000,12.5,-9.243354865249316,4.5,72.22995583324621,-4.790016136433564,0.002989357084243227,0.03301112154222037,-0.002304359874197843,0.4214763549822538,72.97636866428009,0.03244609353647412
ATLAS (C/2025 N1),2463399.5,A.D. 2032-Jun-16 00:00:00.0000,12.5,-9.222417264362356,4.5,72.4611221485761,-4.806149257969545,0.002992362216072019,0.03303696149529394,-0.002305348874006471,0.4227887029953104,73.20359467894151,0.03247625134493073
ATLAS (C/2025 N1),2463406.5,A.D. 2032-Jun-23 00:00:00.0000,12.5,-9.201470543337525,4.5,72.69247029839046,-4.822288612823147,0.00299262937665599,0.03306178441501296,-0.002305543627794852,0.4241022834116319,73.43103407761362,0.03250565945732825
ATLAS (C/2025 N1),2463413.5,A.D. 2032-Jun-30 00:00:00.0000,12.5,-9.180511527947504,4.5,72.9239876373714,-4.838428023065684,0.002995727172563115,0.03308669889965554,-0.002306069866370774,0.425417017845597,73.65867328824666,0.03253478999498349
ATLAS (C/2025 N1),2463420.5,A.D. 2032-Jul-07 00:00:00.0000,12.5,-9.15953949337915,4.5,73.1556871567468,-4.854574266883382,0.00299586880601856,0.03311251753631566,-0.002306768656206701,0.4267329812190824,73.88652528316152,0.03256516077525861
ATLAS (C/2025 N1),2463427.5,A.D. 2032-Jul-14 00:00:00.0000,12.5,-9.138562053279829,4.5,73.38755762991201,-4.870720819565451,0.002998221253302304,0.03313662632175194,-0.002306811096487492,0.428050110897425,74.11457921750248,0.03259348567062584
ATLAS (C/2025 N1),2463434.5,A.D. 2032-Jul-21 00:00:00.0000,12.5,-9.117568916261153,4.5,73.61960713273201,-4.886872884449191,0.00299901329438384,0.03316307447757044,-0.002307903896090196,0.4293684462877349,74.34284191439914,0.0326243546046078
ATLAS (C/2025 N1),2463441.5,A.D. 2032-Jul-28 00:00:00.0000,12.5,-9.096574707422823,4.5,73.85183217383353,-4.903027219736942,0.003000104235797989,0.03318691456693017,-0.002307686499050837,0.4306879751706382,74.5713112581325,0.03265248231916005
ATLAS (C/2025 N1),2463448.5,A.D. 2032-Aug-04 00:00:00.0000,12.5,-9.07556575146817,4.5,74.08423145315744,-4.91918454203906,0.00300176064386326,0.03321323156655261,-0.002308803370933625,0.4320086793187654,74.79998409273134,0.03268304823985536
ATLAS (C/2025 N1),2463455.5,A.D. 2032-Aug-11 00:00:00.0000,12.5,-9.05455591691475,4.5,74.31681115904614,-4.935346671630139,0.003001587468309218,0.03323757779493861,-0.002308726934399996,0.4333306031794921,75.02886811402017,0.0327117705529135
ATLAS (C/2025 N1),2463462.5,A.D. 2032-Aug-18 00:00:00.0000,12.5,-9.03353629774171,4.5,74.54956135932665,-4.951509409387091,0.0030037692636652,0.0332631299358835,-0.002309509060928719,0.4346536807142178,75.2579518877698,0.03274142574336691
ATLAS (C/2025 N1),2463469.5,A.D. 2032-Aug-25 00:00:00.0000,12.5,-9.0125126941583,4.5,74.78249448509999,-4.967678603155599,0.00300293370332818,0.03328843712821647,-0.002309868478597657,0.4359779879253495,75.48724857338904,0.0327711384214736
ATLAS (C/2025 N1),2463476.5,A.D. 2032-Sep-01 00:00:00.0000,12.5,-8.99148640555842,4.5,75.0155975526013,-4.98384747011659,0.003004848028107407,0.03331304086662861,-0.002310145353766067,0.437303447453829,75.7167447765722,0.03279978604619399
ATLAS (C/2025 N1),2463483.5,A.D. 2032-Sep-08 00:00:00.0000,12.5,-8.970452380956864,4.5,75.2488822979221,-5.000022593324015,0.003004234609572297,0.03333926853388962,-0.002311011157724175,0.4386301241195348,75.94645172053332,0.03283034824952876
ATLAS (C/2025 N1),2463490.5,A.D. 2032-Sep-15 00:00:00.0000,12.5,-8.949421883176761,4.5,75.48233998744688,-5.016198389258986,0.00300517057695644,0.03336320520804475,-0.002310857454122392,0.4399579721488639,76.17636147981872,0.03285835566408352
ATLAS (C/2025 N1),2463497.5,A.D. 2032-Sep-22 00:00:00.0000,12.5,-8.928382236887117,4.5,75.71597516458412,-5.032378504940447,0.00300533790740057,0.03338975175003466,-0.002311976774753323,0.4412870089454715,76.40647706777789,0.0328890906547754
ATLAS (C/2025 N1),2463504.5,A.D. 2032-Sep-29 00:00:00.0000,12.5,-8.907348816563337,4.5,75.94978822570894,-5.048561646913279,0.003004943430834882,0.03341374379713055,-0.002311730990301145,0.4426172453325936,76.63680035839604,0.03291723546032563
ATLAS (C/2025 N1),2463511.5,A.D. 2032-Oct-06 00:00:00.0000,12.5,-8.886308892200088,4.5,76.18377399775589,-5.064746466133414,0.003005924464374595,0.03343984606992662,-0.00231271391061988,0.443948641259147,76.86732441704312,0.03294736002621219
ATLAS (C/2025 N1),2463518.5,A.D. 2032-Oct-13 00:00:00.0000,12.5,-8.865273792707546,4.5,76.417941789991,-5.080936662782883,0.003004448284980419,0.03346456189969817,-0.002312744053933452,0.4452812576663432,77.09805979536277,0.03297629796962135
ATLAS (C/2025 N1),2463525.5,A.D. 2032-Oct-20 00:00:00.0000,12.5,-8.844238315655726,4.5,76.65227961058578,-5.097126625973972,0.003005642156372326,0.03348975869787833,-0.002313294581188817,0.446615018950729,77.32899340302285,0.03300540683854301
ATLAS (C/2025 N1),2463532.5,A.D. 2032-Oct-27 00:00:00.0000,12.5,-8.823203885419757,4.5,76.88680043758029,-5.113322937857991,0.00300387596050887,0.03351551029583163,-0.002313841709813376,0.4479500015339392,77.56013847201929,0.03303537115843221
ATLAS (C/2025 N1),2463539.5,A.D. 2032-Nov-03 00:00:00.0000,12.5,-8.802176231072874,4.5,77.12149220570421,-5.129518861275442,0.003004506496619384,0.03353977809667212,-0.002313870330472833,0.4492861362018272,77.7914830182941,0.03306352419442549
ATLAS (C/2025 N1),2463546.5,A.D. 2032-Nov-10 00:00:00.0000,12.5,-8.781146493199426,4.5,77.35636432599954,-5.145720176882548,0.003003208771646896,0.03356625862838695,-0.002314853936418832,0.4506234719147678,78.02303551907332,0.03309412007330431
ATLAS (C/2025 N1),2463553.5,A.D. 2032-Nov-17 00:00:00.0000,12.5,-8.760128595714127,4.5,77.59141138443148,-5.161922758631995,0.003002664171009322,0.03359012550445926,-0.002314574829991013,0.4519619838458035,78.2547916757026,0.03312192292883788
ATLAS (C/2025 N1),2463560.5,A.D. 2032-Nov-24 00:00:00.0000,12.5,-8.73910878754202,4.5,77.82663396958515,-5.178128343750063,0.003002243505065989,0.03361659455397212,-0.002315656190933102,0.4533016657921212,78.48675041419811,0.03315235015188531
ATLAS (C/2025 N1),2463567.5,A.D. 2032-Dec-01 00:00:00.0000,12.5,-8.718101835178782,4.5,78.06203635365395,-5.194337715781543,0.00300038726537357,0.03364077968679072,-0.002315427270908605,0.4546425507300929,78.71891744424163,0.03318055279663296
ATLAS (C/2025 N1),2463574.5,A.D. 2032-Dec-08 00:00:00.0000,12.5,-8.697097212545794,4.5,78.29760995568283,-5.210547574365343,0.003000564747854696,0.03366656552725934,-0.002316235186526663,0.4559845801858404,78.95128264139498,0.03321015414579524
ATLAS (C/2025 N1),2463581.5,A.D. 2032-Dec-15 00:00:00.0000,12.5,-8.676102748953337,4.5,78.53336629816931,-5.226763131155622,0.002997940920253546,0.03369166746070646,-0.002316420068205697,0.4573278258434298,79.18385841736963,0.03323931227958163
ATLAS (C/2025 N1),2463588.5,A.D. 2032-Dec-22 00:00:00.0000,12.5,-8.655117522286915,4.5,78.76929247055764,-5.242977897481479,0.002998024066352363,0.03371643122321655,-0.002316709820560561,0.4586722093788781,79.41663121078813,0.03326781304570423
ATLAS (C/2025 N1),2463595.5,A.D. 2032-Dec-29 00:00:00.0000,12.5,-8.634138494826846,4.5,79.0054007743796,-5.259198573156698,0.00299542448619456,0.03374252191851838,-0.002317424961686991,0.4600178006132883,79.64961311079975,0.03329791887135389
ATLAS (C/2025 N1),2463602.5,A.D. 2033-Jan-05 00:00:00.0000,12.5,-8.613175345958986,4.5,79.24168116872927,-5.275419086671493,0.002994672296900093,0.03376651685021819,-0.002317254398849436,0.4613645444854858,79.88279458385765,0.03332565450143812
ATLAS (C/2025 N1),2463609.5,A.D. 2033-Jan-12 00:00:00.0000,12.5,-8.592216324154592,4.5,79.4781398514426,-5.291643870632004,0.002992792954820904,0.03379306072422159,-0.002318293462807126,0.4627124695748814,80.11618057833347,0.03335608919282716
ATLAS (C/2025 N1),2463616.5,A.D. 2033-Jan-19 00:00:00.0000,12.5,-8.57127674762863,4.5,79.71477526895227,-5.307870662101295,0.002990726061601669,0.03381690767796518,-0.002317934816018367,0.4640615743480977,80.34977082873105,0.03338374367008182
ATLAS (C/2025 N1),2463623.5,A.D. 2033-Jan-26 00:00:00.0000,12.5,-8.550343125421636,4.5,79.95158399134048,-5.324099117303897,0.002989660922931285,0.03384316379787948,-0.002318928271158459,0.4654118294052384,80.58356024461624,0.0334137399984209
ATLAS (C/2025 N1),2463630.5,A.D. 2033-Feb-02 00:00:00.0000,12.5,-8.529428329612676,4.5,80.18857377006265,-5.340332014172362,0.002986466598440645,0.03386760407037643,-0.002318784222379179,0.4667632868678705,80.81755785055853,0.03344205348566498
ATLAS (C/2025 N1),2463637.5,A.D. 2033-Feb-09 00:00:00.0000,12.5,-8.508525127023441,4.5,80.42573346015257,-5.356564420748357,0.002985730627606767,0.03389294779502452,-0.002319362945549467,0.4681158752870359,81.05175127555432,0.03347102062340196
ATLAS (C/2025 N1),2463644.5,A.D. 2033-Feb-16 00:00:00.0000,12.5,-8.487637184343019,4.5,80.66307571515493,-5.372802566656246,0.002982062655143746,0.03391840849062259,-0.002319721477255833,0.4694696705334858,81.28615365621705,0.03350036592163762
ATLAS (C/2025 N1),2463651.5,A.D. 2033-Feb-23 00:00:00.0000,12.5,-8.466768038355774,4.5,80.90058788916993,-5.389039675930837,0.002980924115614821,0.0339427610419706,-0.002319774437734346,0.4708245984120319,81.52075214604798,0.03352829573306199
ATLAS (C/2025 N1),2463658.5,A.D. 2033-Mar-02 00:00:00.0000,12.5,-8.445910582947269,4.5,81.13828044826488,-5.405281933472953,0.002977633107506354,0.03396903286892219,-0.002320612917820716,0.4721807157511572,81.75555658459402,0.0335583754082887
ATLAS (C/2025 N1),2463665.5,A.D. 2033-Mar-09 00:00:00.0000,12.5,-8.42507759146132,4.5,81.37614632692546,-5.42152451267156,0.002975388907540647,0.03399279642693223,-0.002320276662147153,0.4735379865947764,81.99056074625193,0.03358574823034754
ATLAS (C/2025 N1),2463672.5,A.D. 2033-Mar-16 00:00:00.0000,12.5,-8.404255578853611,4.5,81.61418788354608,-5.437770063187449,0.00297293731765883,0.03401925435294443,-0.002321320643931257,0.4748964162048793,82.225765542107,0.03361587795580934
ATLAS (C/2025 N1),2463679.5,A.D. 2033-Mar-23 00:00:00.0000,12.5,-8.383459905992083,4.5,81.85240755179218,-5.454018389278931,0.002969410023044783,0.03404315516558302,-0.002320951693977568,0.4762560263115264,82.46117473460257,0.03364345467109851
ATLAS (C/2025 N1),2463686.5,A.D. 2033-Mar-30 00:00:00.0000,12.5,-8.362678675576593,4.5,82.09079821523125,-5.470267107641265,0.002967619431788646,0.03406901604065964,-0.002321779341112505,0.4776167669588174,82.69677967414269,0.03367284962702604
ATLAS (C/2025 N1),2463693.5,A.D. 2033-Apr-06 00:00:00.0000,12.5,-8.341921687936846,4.5,82.32937036519512,-5.486520728863211,0.002963175168961888,0.03409374598581985,-0.002321772209049477,0.4789787045355255,82.93259185558705,0.03370130432455169
ATLAS (C/2025 N1),2463700.5,A.D. 2033-Apr-13 00:00:00.0000,12.5,-8.321185756308736,4.5,82.56811132910245,-5.502773143401783,0.002961434331353016,0.03411860664729285,-0.002322116876115441,0.4803417609540787,83.16859775849174,0.03372960979093263
ATLAS (C/2025 N1),2463707.5,A.D. 2033-Apr-20 00:00:00.0000,12.5,-8.30047013838977,4.5,82.80703373671852,-5.51903102357655,0.002956891128500996,0.03414432040673346,-0.002322634038281439,0.4817060095384283,83.4048100785053,0.0337590241136757
ATLAS (C/2025 N1),2463714.5,A.D. 2033-Apr-27 00:00:00.0000,12.5,-8.279782556973945,4.5,83.04612642345762,-5.535287952938321,0.002954389626127214,0.03416827870623724,-0.002322466744002603,0.4830713870400271,83.64121786448126,0.03378641635975543
ATLAS (C/2025 N1),2463721.5,A.D. 2033-May-04 00:00:00.0000,12.5,-8.259112588406513,4.5,83.28539701130383,-5.551549002278793,0.002950489924979079,0.03419460857284826,-0.002323396648732739,0.484437931920813,83.8778277758978,0.03381634512615093
ATLAS (C/2025 N1),2463728.5,A.D. 2033-May-11 00:00:00.0000,12.5,-8.238475013471787,4.5,83.52484206725458,-5.567811035645354,0.002946754726402775,0.03421821175533474,-0.002322953624321134,0.4858056305103153,84.1146374457863,0.03384342869174791
ATLAS (C/2025 N1),2463735.5,A.D. 2033-May-18 00:00:00.0000,12.5,-8.217855961030507,4.5,83.76445988768715,-5.584074673331751,0.002943690303520545,0.03424438114318021,-0.002323915685013713,0.487174464200184,84.35164365221071,0.03387305881363386
ATLAS (C/2025 N1),2463742.5,A.D. 2033-May-25 00:00:00.0000,12.5,-8.197269439549022,4.5,84.00425663062134,-5.600341794239546,0.002938742069589557,0.03426842551306521,-0.002323610256953817,0.4885444757346937,84.58885379611289,0.03390064805839012
ATLAS (C/2025 N1),2463749.5,A.D. 2033-Jun-01 00:00:00.0000,12.5,-8.176706359083452,4.5,84.24422212392652,-5.616608181634914,0.002936154493456772,0.03429378773484044,-0.002324236228246432,0.4899155988517791,84.82625640457178,0.03392934976141761
ATLAS (C/2025 N1),2463756.5,A.D. 2033-Jun-08 00:00:00.0000,12.5,-8.156172613646715,4.5,84.48436861406711,-5.63287966015015,0.002930611448588019,0.03431875634824995,-0.002324378256737268,0.491287908131613,85.06386439074409,0.03395788390943209
ATLAS (C/2025 N1),2463763.5,A.D. 2033-Jun-15 00:00:00.0000,12.5,-8.135669396748284,4.5,84.7246830839738,-5.649149521935858,0.002927706922321226,0.03434309954478273,-0.002324479561232234,0.4926613258052661,85.30166428935705,0.03398551160983966
ATLAS (C/2025 N1),2463770.5,A.D. 2033-Jun-22 00:00:00.0000,12.5,-8.115191684385225,4.5,84.96517691987927,-5.665424242853364,0.002922430968387025,0.03436897900229299,-0.002325150481474749,0.4940359157175069,85.53966715478973,0.03401490039274373
ATLAS (C/2025 N1),2463777.5,A.D. 2033-Jun-29 00:00:00.0000,12.5,-8.094750741922589,4.5,85.20584149916546,-5.681698374246052,0.002918525402947204,0.03439257203397476,-0.002324797823177731,0.4954116313219941,85.77786492779283,0.03404179048143852
ATLAS (C/2025 N1),2463784.5,A.D. 2033-Jul-06 00:00:00.0000,12.5,-8.074333860196637,4.5,85.44668090999212,-5.697975410097968,0.002914040780362722,0.03441876263369847,-0.002325742166433958,0.4967884892922215,86.01626049529246,0.03407137318845055
ATLAS (C/2025 N1),2463791.5,A.D. 2033-Jul-13 00:00:00.0000,12.5,-8.053956493050968,4.5,85.68769566780581,-5.714254193609606,0.002908811199866747,0.03444232155914628,-0.00232527471901181,0.4981664993739514,86.25485554471499,0.0340982883948175
ATLAS (C/2025 N1),2463798.5,A.D. 2033-Jul-20 00:00:00.0000,12.5,-8.033605806794375,4.5,85.92888015193029,-5.73053324164072,0.002905111983813561,0.03446805623115286,-0.002326099755156985,0.4995456206407017,86.49364298985972,0.034127279628753
ATLAS (C/2025 N1),2463805.5,A.D. 2033-Jul-27 00:00:00.0000,12.5,-8.013293239985364,4.5,86.1702436746614,-5.746816334815368,0.002898853876210767,0.0344922560609233,-0.00232589583188076,0.5009259129697757,86.73263319816031,0.03415488646447781
ATLAS (C/2025 N1),2463812.5,A.D. 2033-Aug-03 00:00:00.0000,12.5,-7.993013425502822,4.5,86.41177394498382,-5.763097814928036,0.002895311879975299,0.03451704705839091,-0.002326288731890531,0.5023072996309849,86.97181288419645,0.03418284076010382
ATLAS (C/2025 N1),2463819.5,A.D. 2033-Aug-10 00:00:00.0000,12.5,-7.972767886520669,4.5,86.65348376610704,-5.779384252757063,0.002888836034771603,0.03454222906683008,-0.00232660709963615,0.5036898562763128,87.21119514670309,0.03421141996661471
ATLAS (C/2025 N1),2463826.5,A.D. 2033-Aug-17 00:00:00.0000,12.5,-7.95256218122562,4.5,86.89536099221031,-5.795668972793506,0.002884681577227932,0.03456603094217034,-0.002326466820987502,0.5050735124361818,87.4507677842511,0.03423835644450121
ATLAS (C/2025 N1),2463833.5,A.D. 2033-Aug-24 00:00:00.0000,12.5,-7.932387522822992,4.5,87.13741468914036,-5.811957653110297,0.002878742243614597,0.03459191174836512,-0.002327236517326271,0.5064583165475047,87.69053918343187,0.03426755369418446
ATLAS (C/2025 N1),2463840.5,A.D. 2033-Aug-31 00:00:00.0000,12.5,-7.912257705240595,4.5,87.37963954582604,-5.828246313519465,0.00287337883967956,0.03461523624765795,-0.002326767670097827,0.5078442426887527,87.93050485607188,0.03429404769461037
ATLAS (C/2025 N1),2463847.5,A.D. 2033-Sep-07 00:00:00.0000,12.5,-7.892159013151214,4.5,87.62203570482487,-5.844536533376143,0.002868350821721382,0.03464110529767023,-0.002327661560609273,0.5092312840010047,88.17066361458576,0.03432310321166981
ATLAS (C/2025 N1),2463854.5,A.D. 2033-Sep-14 00:00:00.0000,12.5,-7.872106172446982,4.5,87.86460759705379,-5.860829258432616,0.002861683572221968,0.03466465994605693,-0.00232721890193131,0.5106194727840737,88.41102105151269,0.03434988831986097
ATLAS (C/2025 N1),2463861.5,A.D. 2033-Sep-21 00:00:00.0000,12.5,-7.852088633658395,4.5,88.10734620822524,-5.877121042602719,0.002857231254836982,0.0346898467607851,-0.002327859737350192,0.5120087494057589,88.6515668418573,0.03437814273814466
ATLAS (C/2025 N1),2463868.5,A.D. 2033-Sep-28 00:00:00.0000,12.5,-7.832114282746391,4.5,88.35026311183057,-5.893417199172645,0.002849837419568459,0.03471423557867905,-0.002327815024449348,0.5133991852649613,88.89231334795598,0.03440579128450554
ATLAS (C/2025 N1),2463875.5,A.D. 2033-Oct-05 00:00:00.0000,12.5,-7.812182088746943,4.5,88.59334507614746,-5.90971116693068,0.002845239245920011,0.03473838102306022,-0.002327947166327148,0.5147907002421739,89.13324669754617,0.03443293562576859
ATLAS (C/2025 N1),2463882.5,A.D. 2033-Oct-12 00:00:00.0000,12.5,-7.792289130219609,4.5,88.83660425823732,-5.92600964855936,0.002837938547076441,0.03476368096433996,-0.002328423816245861,0.5161833641054326,89.3743789705888,0.03446146007583038
ATLAS (C/2025 N1),2463889.5,A.D. 2033-Oct-19 00:00:00.0000,12.5,-7.772444886518831,4.5,89.08003048217917,-5.9423066103071,0.00283244230617935,0.03478701047449909,-0.002328090225130787,0.5175771197966894,89.61570028778908,0.03448778693624241
ATLAS (C/2025 N1),2463896.5,A.D. 2033-Oct-26 00:00:00.0000,12.5,-7.752637738807791,4.5,89.32362961245556,-5.958606388051829,0.002825940721103576,0.03481271825348844,-0.002328901190027567,0.5189719957089954,89.85721556525145,0.0345166144131307
ATLAS (C/2025 N1),2463903.5,A.D. 2033-Nov-02 00:00:00.0000,12.5,-7.73288277494146,4.5,89.56740014561909,-5.974906852902655,0.002819096451359535,0.03483582333457901,-0.002328360347003047,0.5203679888329232,90.0989242819097,0.03454276670469572
ATLAS (C/2025 N1),2463910.5,A.D. 2033-Nov-09 00:00:00.0000,12.5,-7.713166609538685,4.5,89.81133821902796,-5.991207509090676,0.002813454882852932,0.0348612303470736,-0.002329147247176995,0.5217650690508306,90.34082122305574,0.03457116578493759
ATLAS (C/2025 N1),2463917.5,A.D. 2033-Nov-16 00:00:00.0000,12.5,-7.69350193902841,4.5,90.0554517144701,-6.007511299075687,0.002805487955154175,0.03488484541424309,-0.002328800681362893,0.5231632879367807,90.58291531846174,0.03459787941395686
ATLAS (C/2025 N1),2463924.5,A.D. 2033-Nov-23 00:00:00.0000,12.5,-7.673881564722874,4.5,90.29972907318536,-6.023813147368625,0.002800181762528452,0.03490934811745268,-0.002329200128246309,0.5245625725426692,90.82519393755503,0.03462527239346945
ATLAS (C/2025 N1),2463931.5,A.D. 2033-Nov-30 00:00:00.0000,12.5,-7.654309111265043,4.5,90.54418302961629,-6.040119405922326,0.002791778256909452,0.0349338923520375,-0.002329332760772839,0.5259629991250406,91.06767028374695,0.03465292400134797
ATLAS (C/2025 N1),2463938.5,A.D. 2033-Dec-07 00:00:00.0000,12.5,-7.634788038779527,4.5,90.78880063072636,-6.056423218908401,0.002786023625144915,0.0349574100007857,-0.002329226669605337,0.5273644912750575,91.31033112725747,0.03467928952474807
ATLAS (C/2025 N1),2463945.5,A.D. 2033-Dec-14 00:00:00.0000,12.5,-7.615311351818359,4.5,91.03359225570973,-6.072730794504202,0.002778062333702119,0.03498268445461938,-0.002329826175132554,0.5287671065209987,91.55318642879924,0.0347076071749491
ATLAS (C/2025 N1),2463952.5,A.D. 2033-Dec-21 00:00:00.0000,12.5,-7.59589162646139,4.5,91.2785506795034,-6.089037321570003,0.002771140971812273,0.03500558081713091,-0.002329330844328563,0.5301708065120896,91.79622954814151,0.0347333740646906
ATLAS (C/2025 N1),2463959.5,A.D. 2033-Dec-28 00:00:00.0000,12.5,-7.576515572686103,4.5,91.52367797792161,-6.105345370718477,0.002764085101967904,0.03503098050341003,-0.002330134890245314,0.5315755967234017,92.0394614332635,0.03476170192076627
ATLAS (C/2025 N1),2463966.5,A.D. 2034-Jan-04 00:00:00.0000,12.5,-7.557198263508849,4.5,91.76897656156396,-6.121654848493709,0.002755840528542339,0.03505395173290553,-0.00232959535772982,0.5329814970905837,92.28288553591584,0.03478759687436999
ATLAS (C/2025 N1),2463973.5,A.D. 2034-Jan-11 00:00:00.0000,12.5,-7.537927992550432,4.5,92.01443891776702,-6.137963233873918,0.002749505514309206,0.03507872563282934,-0.0023301994612898,0.5343884568880886,92.52649307324222,0.03481517837863097
ATLAS (C/2025 N1),2463980.5,A.D. 2034-Jan-18 00:00:00.0000,12.5,-7.518714283153971,4.5,92.2600755989167,-6.154275182557129,0.002740338750724575,0.03510243470268357,-0.002329997014326418,0.5357965419572781,92.77029544532111,0.03484185193713956
ATLAS (C/2025 N1),2463987.5,A.D. 2034-Jan-25 00:00:00.0000,12.5,-7.499554041283763,4.5,92.50587353666087,-6.170584449855631,0.002734074658527618,0.03512621720621861,-0.002330148670968946,0.5372056723372474,93.01427880735102,0.03486836093109419
ATLAS (C/2025 N1),2463994.5,A.D. 2034-Feb-01 00:00:00.0000,12.5,-7.48044638256957,4.5,92.75184541189638,-6.186897829556395,0.002724847089722151,0.03515081336334135,-0.002330446497037753,0.5386159220236693,93.25845597128547,0.03489590230831326
ATLAS (C/2025 N1),2464001.5,A.D. 2034-Feb-08 00:00:00.0000,12.5,-7.461398968903114,4.5,92.99797975962174,-6.203208826668314,0.00271780292689276,0.03517370390913988,-0.002330111019658962,0.5400272251855757,93.50281553884578,0.03492150411389944
ATLAS (C/2025 N1),2464008.5,A.D. 2034-Feb-15 00:00:00.0000,12.5,-7.442401426678109,4.5,93.24428415784821,-6.219522560048824,0.002709272232377214,0.03519883059159445,-0.002330802659067352,0.5414396214939347,93.74736437884705,0.03494949187754942
ATLAS (C/2025 N1),2464015.5,A.D. 2034-Feb-22 00:00:00.0000,12.5,-7.423468325328377,4.5,93.49075499969548,-6.235835892734229,0.002700949691275535,0.03522136109134871,-0.002330205475572919,0.5428530946941599,93.99209967689492,0.03497476932963673
ATLAS (C/2025 N1),2464022.5,A.D. 2034-Mar-01 00:00:00.0000,12.5,-7.404586015766023,4.5,93.73739039299926,-6.25214940099499,0.002693319071250786,0.03524625927347023,-0.002330921655142662,0.5442676268697219,94.23701833083848,0.0350024096850029
ATLAS (C/2025 N1),2464029.5,A.D. 2034-Mar-08 00:00:00.0000,12.5,-7.385768189539443,4.5,93.98419642224147,-6.268465033146868,0.002683735331500869,0.03526918205709965,-0.002330453214716437,0.5456832589363123,94.4821274250102,0.0350281343334515
ATLAS (C/2025 N1),2464036.5,A.D. 2034-Mar-15 00:00:00.0000,12.5,-7.367006024252263,4.5,94.2311625994293,-6.284778463133173,0.002676636424353136,0.03529324219463587,-0.002330846355381632,0.5470999239667517,94.72741537132804,0.0350548285013284
ATLAS (C/2025 N1),2464043.5,A.D. 2034-Mar-22 00:00:00.0000,12.5,-7.348305089500502,4.5,94.47830114852434,-6.301095621487597,0.002666446392716517,0.03531700236989688,-0.00233080320294537,0.5485176959693943,94.97289498394142,0.0350814107371137
ATLAS (C/2025 N1),2464050.5,A.D. 2034-Mar-29 00:00:00.0000,12.5,-7.329666741465426,4.5,94.72559870143253,-6.31740968406528,0.002659064642869251,0.03534003700242606,-0.002330695847834823,0.5499364951171835,95.21855244122389,0.03510702463254227
ATLAS (C/2025 N1),2464057.5,A.D. 2034-Apr-05 00:00:00.0000,12.5,-7.311085742046341,4.5,94.97306663298987,-6.333727228843029,0.002649158984015897,0.03536460794064687,-0.002331154434992794,0.5513563859576691,95.46439891923728,0.03513437440775451
ATLAS (C/2025 N1),2464064.5,A.D. 2034-Apr-12 00:00:00.0000,12.5,-7.292573328454444,4.5,95.22069601543778,-6.350042727399285,0.002640783889899525,0.0353869052210745,-0.002330624205547303,0.5527773190566049,95.71042585870721,0.0351592542600932
ATLAS (C/2025 N1),2464071.5,A.D. 2034-Apr-19 00:00:00.0000,12.5,-7.274116777709795,4.5,95.46849089480611,-6.366359733937645,0.00263171839891943,0.03541168844257497,-0.002331331492338317,0.5541993124214533,95.95663637752908,0.03518671819992904
ATLAS (C/2025 N1),2464078.5,A.D. 2034-Apr-26 00:00:00.0000,12.5,-7.255731314540348,4.5,95.71645157497545,-6.382677074325747,0.002621992913483111,0.0354339527797232,-0.002330704979002266,0.5556223730444391,96.20303168636916,0.03521161263962473
ATLAS (C/2025 N1),2464085.5,A.D. 2034-May-03 00:00:00.0000,12.5,-7.237404290536004,4.5,95.96457232342954,-6.398993261654593,0.002613774139100779,0.03545821395442093,-0.002331284960813425,0.5570464609047115,96.44960485583186,0.03523843647835932
ATLAS (C/2025 N1),2464092.5,A.D. 2034-May-10 00:00:00.0000,12.5,-7.21914679633494,4.5,96.21286232786493,-6.415312113847552,0.002602990338356629,0.03548108784274927,-0.002330922810198795,0.558471634108735,96.69636594673972,0.03526398551228038
ATLAS (C/2025 N1),2464099.5,A.D. 2034-May-17 00:00:00.0000,12.5,-7.200953753112827,4.5,96.46130910680522,-6.431627914970802,0.002594983729868895,0.03550436720925734,-0.002331076069816501,0.5598978155628193,96.94330161073393,0.03528974090282665
ATLAS (C/2025 N1),2464106.5,A.D. 2034-May-24 00:00:00.0000,12.5,-7.182826334758378,4.5,96.70992537752947,-6.447947300805915,0.002583954709479164,0.03552815712051587,-0.002331219612661934,0.5613250804371831,97.19042486313447,0.03531620436924505
ATLAS (C/2025 N1),2464113.5,A.D. 2034-May-31 00:00:00.0000,12.5,-7.164770326057938,4.5,96.95869873025275,-6.464263510298811,0.002575381506128516,0.0355504385666323,-0.002330862453480739,0.5627533563259951,97.4377231672603,0.03534092795776333
ATLAS (C/2025 N1),2464120.5,A.D. 2034-Jun-07 00:00:00.0000,12.5,-7.146776700272023,4.5,97.20763815961362,-6.480582292843822,0.002564888726727704,0.03557482666779469,-0.002331427787206166,0.5641826923276922,97.68520502424225,0.03536792700696494
ATLAS (C/2025 N1),2464127.5,A.D. 2034-Jun-14 00:00:00.0000,12.5,-7.128859273169869,4.5,97.45673806507374,-6.496899593556902,0.002555123352480595,0.03559663471757179,-0.002330768904644511,0.5656130595947639,97.93286543928863,0.03539220002258638
ATLAS (C/2025 N1),2464134.5,A.D. 2034-Jun-21 00:00:00.0000,12.5,-7.111004270050293,4.5,97.70599852323191,-6.513217048380259,0.002545573556072385,0.03562091421222786,-0.002331434359858745,0.567044452437466,98.18070342725082,0.03541898177156229
ATLAS (C/2025 N1),2464141.5,A.D. 2034-Jun-28 00:00:00.0000,12.5,-7.09322621073748,4.5,97.95542370567796,-6.529535563521443,0.002534506032038242,0.03564294862592112,-0.002330822814562641,0.5684769003254321,98.42872409063769,0.03544353066490554
ATLAS (C/2025 N1),2464148.5,A.D. 2034-Jul-05 00:00:00.0000,12.5,-7.075514675666903,4.5,98.20500453110338,-6.545851722674497,0.002525583101664659,0.03566646536053762,-0.00233121928257832,0.5699103444580385,98.67691724843684,0.03546944417593098
ATLAS (C/2025 N1),2464155.5,A.D. 2034-Jul-12 00:00:00.0000,12.5,-7.057877186993768,4.5,98.45475236435699,-6.562170837232529,0.002513772621696776,0.0356893155778255,-0.002331014815951448,0.5713448543875975,98.92529494325792,0.0354948382846741
ATLAS (C/2025 N1),2464162.5,A.D. 2034-Jul-19 00:00:00.0000,12.5,-7.040312960509982,4.5,98.70465388497423,-6.578486342775453,0.002504771368393119,0.03571174669047916,-0.00233090621820584,0.5727803497686644,99.17384326371833,0.03551959812366246
ATLAS (C/2025 N1),2464169.5,A.D. 2034-Jul-26 00:00:00.0000,12.5,-7.022818698805277,4.5,98.95472109962066,-6.594804969128631,0.002493032745400434,0.03573545517232612,-0.00233121240328845,0.5742168999206476,99.42257421210157,0.03554582852146204
ATLAS (C/2025 N1),2464176.5,A.D. 2034-Aug-02 00:00:00.0000,12.5,-7.005404107757935,4.5,99.20494368748847,-6.611120648169835,0.002483182753066184,0.03575705861547358,-0.002330655455120806,0.5756544462322288,99.6714776401725,0.03556974990299362
ATLAS (C/2025 N1),2464183.5,A.D. 2034-Aug-09 00:00:00.0000,12.5,-6.988057313830387,4.5,99.45532740174656,-6.627437755651271,0.002472230910656254,0.03578110045549476,-0.002331275872403225,0.5770930177048235,99.92055856937056,0.03559623170606676
ATLAS (C/2025 N1),2464190.5,A.D. 2034-Aug-16 00:00:00.0000,12.5,-6.970793481510811,4.5,99.70587051226255,-6.643754105953991,0.00246106591126033,0.03580247488688746,-0.002330533909858545,0.5785326087813601,100.1698160375186,0.0356199599665335
ATLAS (C/2025 N1),2464197.5,A.D. 2034-Aug-23 00:00:00.0000,12.5,-6.953599142640567,4.5,99.9565690776278,-6.660069251012398,0.002450977870838395,0.03582612239368819,-0.002331103160323671,0.5799731902939341,100.4192449943505,0.03564594086409772
ATLAS (C/2025 N1),2464204.5,A.D. 2034-Aug-30 00:00:00.0000,12.5,-6.936486845556298,4.5,100.2074306901089,-6.676386073168688,0.002438702672665224,0.03584800413306396,-0.002330577853544311,0.5814148111251434,100.6688539036258,0.03567022031953505
ATLAS (C/2025 N1),2464211.5,A.D. 2034-Sep-06 00:00:00.0000,12.5,-6.919449475373635,4.5,100.4584437488908,-6.692699546795075,0.002428992401598454,0.03587065998333125,-0.002330741003767999,0.5828573989116582,100.9186302360222,0.03569511723263501
ATLAS (C/2025 N1),2464218.5,A.D. 2034-Sep-13 00:00:00.0000,12.5,-6.902490329579428,4.5,100.70962069576,-6.709015979698316,0.002416279396576085,0.03589344746118276,-0.002330704470839587,0.5843010280211839,101.1685868679089,0.03572031575737664
ATLAS (C/2025 N1),2464225.5,A.D. 2034-Sep-20 00:00:00.0000,12.5,-6.88561304782046,4.5,100.960948554666,-6.725328558652027,0.002406179372760934,0.03591506112058216,-0.002330358333840191,0.5857456217812992,101.4187105238676,0.03574412477517788
ATLAS (C/2025 N1),2464232.5,A.D. 2034-Sep-27 00:00:00.0000,12.5,-6.868810261535153,4.5,101.2124374568489,-6.741643470960163,0.00239390330872673,0.03593854203776808,-0.002330789297442848,0.5871912370347717,101.6690110459183,0.03576997045326451
ATLAS (C/2025 N1),2464239.5,A.D. 2034-Oct-04 00:00:00.0000,12.5,-6.852094721658728,4.5,101.4640801261211,-6.757955924473974,0.002382701711158794,0.03595950408294832,-0.002330063669769805,0.5886378342144228,101.9194815832166,0.03579313705939984
ATLAS (C/2025 N1),2464246.5,A.D. 2034-Oct-11 00:00:00.0000,12.5,-6.835452852609277,4.5,101.7158784776587,-6.774268501212667,0.002371313880610751,0.03598305468112119,-0.00233068619870335,0.5900854191616758,102.1701231471735,0.03581896149621649
ATLAS (C/2025 N1),2464253.5,A.D. 2034-Oct-18 00:00:00.0000,12.5,-6.818899805440887,4.5,101.9678347784854,-6.790581084655654,0.002358836451598454,0.03600408987479004,-0.002329938175146487,0.5915340098658513,102.4209388525433,0.03584224176725427
ATLAS (C/2025 N1),2464260.5,A.D. 2034-Oct-25 00:00:00.0000,12.5,-6.802423761289326,4.5,102.2199414432673,-6.806891194217895,0.002348165427191425,0.03602693986842741,-0.002330340153758504,0.5929835563351863,102.6719200435205,0.03586726378297578
ATLAS (C/2025 N1),2464267.5,A.D. 2034-Nov-01 00:00:00.0000,12.5,-6.786034163158023,4.5,102.4722087607112,-6.823203422304139,0.002334788154438347,0.03604870502637656,-0.002329946943834814,0.5944341222554176,102.9230777469488,0.03589131084750208
ATLAS (C/2025 N1),2464274.5,A.D. 2034-Nov-08 00:00:00.0000,12.5,-6.76972795624299,4.5,102.724623651557,-6.839511588092177,0.002324201795909545,0.03607048386895909,-0.002329876101180119,0.5958856280211631,103.1743981795833,0.03591518774490676
ATLAS (C/2025 N1),2464281.5,A.D. 2034-Nov-15 00:00:00.0000,12.5,-6.753504017744337,4.5,102.9771984459219,-6.855822400954931,0.00231077915077585,0.03609311751893935,-0.002329997046944241,0.5973381458315493,103.4258938423154,0.03594009369275271
ATLAS (C/2025 N1),2464288.5,A.D. 2034-Nov-22 00:00:00.0000,12.5,-6.737370124466168,4.5,103.2299217070649,-6.872129443467774,0.002299459144518414,0.03611392807866876,-0.002329425306511142,0.5987916095494955,103.6775532838646,0.03596297997869856
ATLAS (C/2025 N1),2464295.5,A.D. 2034-Nov-29 00:00:00.0000,12.5,-6.721315582738571,4.5,103.4828006713387,-6.888437763828353,0.002286732169225749,0.03613706102030853,-0.00232994446847562,0.6002460578587787,103.9293832021191,0.03598832203247437
ATLAS (C/2025 N1),2464302.5,A.D. 2034-Dec-06 00:00:00.0000,12.5,-6.705355070518503,4.5,103.7358317369898,-6.904744285306808,0.002274200265729973,0.03615746861592874,-0.002329115200667268,0.6017014735248378,104.1813806130072,0.03601082729841954
ATLAS (C/2025 N1),2464309.5,A.D. 2034-Dec-13 00:00:00.0000,12.5,-6.689474654963703,4.5,103.9890127729447,-6.921049557133935,0.002262369847388625,0.03618032730293827,-0.002329654415132814,0.603157838476506,104.4335423876034,0.03603579865146046
ATLAS (C/2025 N1),2464316.5,A.D. 2034-Dec-20 00:00:00.0000,12.5,-6.673688067643457,4.5,104.2423497799261,-6.937355541205815,0.002248636526028262,0.03620110647877139,-0.00232896704158168,0.6046151922415938,104.685875369936,0.03605871913761049
ATLAS (C/2025 N1),2464323.5,A.D. 2034-Dec-27 00:00:00.0000,12.5,-6.657986315907869,4.5,104.4958321756189,-6.953657941534349,0.002237327353778338,0.03622307614367455,-0.002329172288601663,0.6060734681685233,104.9383680196419,0.03608270958970434
ATLAS (C/2025 N1),2464330.5,A.D. 2035-Jan-03 00:00:00.0000,12.5,-6.642374920613394,4.5,104.7494719666789,-6.969962637891698,0.002223037586307385,0.03624468577306102,-0.002328929142520255,0.6075327387752547,105.1910328928167,0.0361064806749749
ATLAS (C/2025 N1),2464337.5,A.D. 2035-Jan-10 00:00:00.0000,12.5,-6.626855204497175,4.5,105.0032558177993,-6.986262886770265,0.002211443601279902,0.03626555939397051,-0.002328613949006023,0.6089929244488886,105.4438562049142,0.03612932360599776
ATLAS (C/2025 N1),2464344.5,A.D. 2035-Jan-17 00:00:00.0000,12.5,-6.611421787039172,4.5,105.2571947547539,-7.002565161976051,0.002197460588329421,0.03628796879473971,-0.002328887008032336,0.6104540883190637,105.6968488864925,0.03615386535321282
ATLAS (C/2025 N1),2464351.5,A.D. 2035-Jan-24 00:00:00.0000,12.5,-6.596085951492478,4.5,105.5112799307779,-7.018864038878084,0.002184899168029993,0.03630803480276815,-0.002328133657907134,0.6119161807048613,105.9500023355673,0.03617589627391764
ATLAS (C/2025 N1),2464358.5,A.D. 2035-Jan-31 00:00:00.0000,12.5,-6.580834763625756,4.5,105.7655149954674,-7.035162957659287,0.002171768731291099,0.03633062762078133,-0.002328662503656293,0.6133792184539997,106.2033194692304,0.03620054465958143
ATLAS (C/2025 N1),2464365.5,A.D. 2035-Feb-07 00:00:00.0000,12.5,-6.565683489650018,4.5,106.0199003034684,-7.051460836737219,0.002157906141397603,0.0363505986502099,-0.002327805342221448,0.6148432078740292,106.4568013796004,0.03622251555913275
ATLAS (C/2025 N1),2464372.5,A.D. 2035-Feb-14 00:00:00.0000,12.5,-6.55061924525342,4.5,106.2744298042286,-7.067756118982917,0.002145620759276336,0.03637263909278322,-0.002328210763653707,0.6163081081743131,106.7104410039974,0.03624651463250914
ATLAS (C/2025 N1),2464379.5,A.D. 2035-Feb-21 00:00:00.0000,12.5,-6.535653126840063,4.5,106.529112636066,-7.084052662631426,0.002130773336416631,0.03639317889960954,-0.002327623844836107,0.6177739765563097,106.964248246547,0.03626909114263903
ATLAS (C/2025 N1),2464386.5,A.D. 2035-Feb-28 00:00:00.0000,12.5,-6.520779851435865,4.5,106.783936171012,-7.100344760638793,0.002118688607151049,0.03641419225302787,-0.002327596184967035,0.6192407355456011,107.2182096929695,0.03629198832740139
ATLAS (C/2025 N1),2464393.5,A.D. 2035-Mar-07 00:00:00.0000,12.5,-6.50600055045567,4.5,107.0389129349456,-7.116639013947063,0.002103660997873546,0.03643562976332617,-0.00232752902375113,0.6207084593464394,107.4723381913329,0.03631546528060666
ATLAS (C/2025 N1),2464400.5,A.D. 2035-Mar-14 00:00:00.0000,12.5,-6.491320874148143,4.5,107.2940305481182,-7.132928747525799,0.00209100536051068,0.03645559438914907,-0.00232698012267998,0.6221770753983972,107.7266211781886,0.03633728053376541
ATLAS (C/2025 N1),2464407.5,A.D. 2035-Mar-21 00:00:00.0000,12.5,-6.476731721263844,4.5,107.5492976852263,-7.149219607092081,0.002076564391423805,0.03647761422116813,-0.00232734823322169,0.6236466318238987,107.9810669856762,0.03636129252544233
ATLAS (C/2025 N1),2464414.5,A.D. 2035-Mar-28 00:00:00.0000,12.5,-6.46224683950336,4.5,107.8047088776286,-7.165507667903392,0.002062720511598477,0.03649704518632321,-0.002326481736115129,0.6251170996740005,108.2356706014413,0.03638258924193616
