targetname,datetime_jd,datetime_str,M1,x,k1,y,z,vx,vy,vz,lighttime,range,range_rate
ATLAS (C/2025 N1),2461131.5,A.D. 2026-Apr-01 00:00:00.0000,12.5,-1.032273974513592,4.5,5.43344583896907,-0.2480208147956374,-0.006194123073330425,0.05177037517241236,-0.002158609573832685,0.03197438657544793,5.536193418590096,0.05206121244670561
ATLAS (C/2025 N1),2461138.5,A.D. 2026-Apr-08 00:00:00.0000,12.5,-1.082585449137478,4.5,5.793978998966919,-0.2631141225024682,-0.008170936052332153,0.05120201647197976,-0.002153854052972515,0.03407624971128418,5.900119739175989,0.0518762105803279
ATLAS (C/2025 N1),2461145.5,A.D. 2026-Apr-15 00:00:00.0000,12.5,-1.146508365640114,4.5,6.149745422160545,-0.2781772725709009,-0.01007911640485482,0.05040702822275258,-0.002150184038111937,0.03616564499519963,6.261887318120817,0.05144524299136367
ATLAS (C/2025 N1),2461152.5,A.D. 2026-Apr-22 00:00:00.0000,12.5,-1.223447456615592,4.5,6.499133413502944,-0.2932211913565694,-0.01188103368959868,0.04938070598509325,-0.002148266293339962,0.03823268264950219,6.61978379349886,0.05077167840912661
ATLAS (C/2025 N1),2461159.5,A.D. 2026-Apr-29 00:00:00.0000,12.5,-1.312490155286567,4.5,6.840611044564293,-0.3082517719852117,-0.01353405995698549,0.04815486516085279,-0.002145954831701599,0.0402680838978929,6.972202594996158,0.04988861304066845
ATLAS (C/2025 N1),2461166.5,A.D. 2026-May-06 00:00:00.0000,12.5,-1.412569474492897,4.5,7.172911175035205,-0.3232623221375545,-0.01503451050909106,0.04676081353532869,-0.002142746913852636,0.04226420995757631,7.317821108371524,0.04883162851640514
ATLAS (C/2025 N1),2461173.5,A.D. 2026-May-13 00:00:00.0000,12.5,-1.52259971746903,4.5,7.494883986941519,-0.3382518220864583,-0.01637424585950421,0.04520451279847173,-0.00214020455044941,0.04421422782320563,7.655456235424116,0.04760760405533745
ATLAS (C/2025 N1),2461180.5,A.D. 2026-May-20 00:00:00.0000,12.5,-1.641364802519437,4.5,7.805406626825921,-0.3532288531849688,-0.01752283044601501,0.04349247962395706,-0.002139052302524422,0.04611136423842219,7.983935223169714,0.04621698579535312
ATLAS (C/2025 N1),2461187.5,A.D. 2026-May-27 00:00:00.0000,12.5,-1.767398044341361,4.5,8.103517380876077,-0.3681963189406385,-0.01845031518504027,0.04166737046452047,-0.00213711734548296,0.04794941558686382,8.302183948732031,0.04469284139947129
ATLAS (C/2025 N1),2461194.5,A.D. 2026-Jun-03 00:00:00.0000,12.5,-1.899176489361001,4.5,8.388568022067263,-0.3831465582829144,-0.01916598886545027,0.03976363865450721,-0.002134384250253763,0.04972374005077657,8.609398706281125,0.04306658080730844
ATLAS (C/2025 N1),2461201.5,A.D. 2026-Jun-10 00:00:00.0000,12.5,-2.035230256925716,4.5,8.660047721032218,-0.3980796478942408,-0.01967030208419093,0.03779106017111627,-0.002132457956951065,0.05143035226392911,8.904889451044792,0.04134300247201146
ATLAS (C/2025 N1),2461208.5,A.D. 2026-Jun-17 00:00:00.0000,12.5,-2.174019112093344,4.5,8.917507684922189,-0.4130041864343936,-0.0199419614430226,0.03576240636910637,-0.002131736483805679,0.05306531498247088,9.187974470382782,0.03952407096910812
ATLAS (C/2025 N1),2461215.5,A.D. 2026-Jun-24 00:00:00.0000,12.5,-2.313832978083085,4.5,9.160705099884202,-0.4279210484516832,-0.0199652652684699,0.03372530167583401,-0.002129973599717022,0.05462536941317215,9.458089521738374,0.0376455828599338
ATLAS (C/2025 N1),2461222.5,A.D. 2026-Jul-01 00:00:00.0000,12.5,-2.453006455037015,4.5,9.389719826820851,-0.442822305637083,-0.01976221860470763,0.0317124792279006,-0.002127570624071253,0.05610884719776307,9.714945737831766,0.03573774778218246
ATLAS (C/2025 N1),2461229.5,A.D. 2026-Jul-08 00:00:00.0000,12.5,-2.589998917331492,4.5,9.60475765329047,-0.4577094096461011,-0.01934195183010901,0.02973306376823249,-0.002126142720430449,0.05751469884603065,9.958361405065531,0.03380552762836198
ATLAS (C/2025 N1),2461236.5,A.D. 2026-Jul-15 00:00:00.0000,12.5,-2.72325892694671,4.5,9.806091940357314,-0.4725910301138806,-0.01869231782592854,0.02780225888800592,-0.002125727371293066,0.05884199453106057,10.18817552890014,0.03185458740455795
ATLAS (C/2025 N1),2461243.5,A.D. 2026-Jul-22 00:00:00.0000,12.5,-2.85114850264014,4.5,9.994218197384017,-0.487466202772204,-0.01781206257143687,0.02596787140207625,-0.002124078340592761,0.06009067222831876,10.40437737012043,0.02992479163055567
ATLAS (C/2025 N1),2461250.5,A.D. 2026-Jul-29 00:00:00.0000,12.5,-2.972169436104829,4.5,10.16993144576015,-0.5023270437149197,-0.01673451048959466,0.02425705667636989,-0.002121953570831124,0.0612623332438487,10.60724418627309,0.02804652306666772
ATLAS (C/2025 N1),2461257.5,A.D. 2026-Aug-05 00:00:00.0000,12.5,-3.085013186742037,4.5,10.33411635072323,-0.5171763127546019,-0.01547678293262611,0.02267465740978422,-0.002120955995899224,0.06235921540227018,10.7971634446799,0.02622591914749543
ATLAS (C/2025 N1),2461264.5,A.D. 2026-Aug-12 00:00:00.0000,12.5,-3.188414695802452,4.5,10.48770551526361,-0.5320225915745792,-0.01403523593323033,0.02123490264418302,-0.002120757525576342,0.06338378195632548,10.97456164433211,0.02447330997859224
ATLAS (C/2025 N1),2461271.5,A.D. 2026-Aug-19 00:00:00.0000,12.5,-3.281103425721228,4.5,10.63184375144777,-0.546863268018198,-0.01242261907385836,0.01998138176098366,-0.002119208558149609,0.06433958545677863,11.14005389032683,0.02283272115578
ATLAS (C/2025 N1),2461278.5,A.D. 2026-Aug-26 00:00:00.0000,12.5,-3.362033862940979,4.5,10.76792203911736,-0.5616908429632312,-0.0106815909324826,0.01893202434220093,-0.002117348935772658,0.06523189428399738,11.2945523744476,0.02133415474156389
ATLAS (C/2025 N1),2461285.5,A.D. 2026-Sep-02 00:00:00.0000,12.5,-3.430403751175958,4.5,10.89736119366451,-0.5765092084557576,-0.008835930454924803,0.01808389601481948,-0.002116729947879282,0.06606660676859957,11.43907836098266,0.01998394125232579
ATLAS (C/2025 N1),2461292.5,A.D. 2026-Sep-09 00:00:00.0000,12.5,-3.485498817690139,4.5,11.0215847690222,-0.591326577530125,-0.006889108689178996,0.01744655210901376,-0.002116667854581398,0.06684989698577185,11.57470085791227,0.01879549871884879
ATLAS (C/2025 N1),2461299.5,A.D. 2026-Sep-16 00:00:00.0000,12.5,-3.526671225819191,4.5,11.14219016847642,-0.6061388637589861,-0.004866302716920196,0.01705474794362272,-0.002115215139422982,0.06758916546368252,11.70270122696776,0.01781393925121991
ATLAS (C/2025 N1),2461306.5,A.D. 2026-Sep-23 00:00:00.0000,12.5,-3.553565979584031,4.5,11.26093600922421,-0.6209393456472188,-0.002816379141190268,0.01691325557931908,-0.002113626644442289,0.06829341666123417,11.82463854187824,0.01706434502154363
ATLAS (C/2025 N1),2461313.5,A.D. 2026-Sep-30 00:00:00.0000,12.5,-3.566104106358988,4.5,11.3795258955328,-0.6357328618726467,-0.0007669391224693255,0.01700778013083437,-0.002113340999979159,0.06897208635358723,11.94214655646785,0.01654802832689427
ATLAS (C/2025 N1),2461320.5,A.D. 2026-Oct-07 00:00:00.0000,12.5,-3.564318471398153,4.5,11.4995945064886,-0.6505268990275986,0.001274526985796799,0.01733923498213856,-0.002113338015207375,0.06963470029739262,12.05687460437286,0.01627504149574601
ATLAS (C/2025 N1),2461327.5,A.D. 2026-Oct-14 00:00:00.0000,12.5,-3.548356553258746,4.5,11.62288230796747,-0.6653160248148813,0.003274327244658323,0.01792904356437237,-0.002111967756576807,0.07029184809506143,12.17065621841291,0.0162829189439721
ATLAS (C/2025 N1),2461334.5,A.D. 2026-Oct-21 00:00:00.0000,12.5,-3.518693407053337,4.5,11.75117669204265,-0.6800946713910505,0.005182722843016477,0.01876526089303887,-0.002110658028025509,0.07095521871252591,12.28551528030068,0.01658155367180286
ATLAS (C/2025 N1),2461341.5,A.D. 2026-Oct-28 00:00:00.0000,12.5,-3.476074999425631,4.5,11.88610413058469,-0.6948685160015738,0.006973718580720502,0.01981956043393627,-0.002110666626509732,0.07163631540068675,12.40344351618794,0.01715675375451298
ATLAS (C/2025 N1),2461348.5,A.D. 2026-Nov-04 00:00:00.0000,12.5,-3.421344537973459,4.5,12.02913194161352,-0.7096439914689247,0.008641484354500602,0.02108142562085933,-0.002110661451238103,0.0723461096420953,12.52634057939091,0.01800394710665268
ATLAS (C/2025 N1),2461355.5,A.D. 2026-Nov-11 00:00:00.0000,12.5,-3.355463901868351,4.5,12.18174549092412,-0.7244144510574587,0.0101508272260685,0.02255639672457941,-0.002109359218621791,0.07309598711664503,12.65617783927251,0.01914034419686464
ATLAS (C/2025 N1),2461362.5,A.D. 2026-Nov-18 00:00:00.0000,12.5,-3.279704649996368,4.5,12.34534991796705,-0.7391757604955875,0.01145898622022062,0.02421478351809712,-0.002108335144954759,0.07389741467007577,12.79494071862629,0.02054845906237285
ATLAS (C/2025 N1),2461369.5,A.D. 2026-Nov-25 00:00:00.0000,12.5,-3.195548589204144,4.5,12.52108190562298,-0.7539343793381756,0.01254950461917154,0.02601476232292445,-0.002108605616603354,0.07476060801409454,12.94439801310327,0.02218876211900506
ATLAS (C/2025 N1),2461376.5,A.D. 2026-Dec-02 00:00:00.0000,12.5,-3.104506317434824,4.5,12.70983545102376,-0.7686954041848196,0.01342579865496967,0.02793540235610234,-0.002108550552002192,0.07569428109453603,13.10605849565414,0.0240342833573119
ATLAS (C/2025 N1),2461383.5,A.D. 2026-Dec-09 00:00:00.0000,12.5,-3.008153529432148,4.5,12.91244350768053,-0.7834510385226866,0.0140600484295889,0.02996835479810928,-0.002107282907319512,0.07670662009860642,13.28133956065571,0.02607574751340522
ATLAS (C/2025 N1),2461390.5,A.D. 2026-Dec-16 00:00:00.0000,12.5,-2.908296475260056,4.5,13.12955327564237,-0.7981986149120036,0.01442489677713462,0.03207017832062653,-0.002106508342096413,0.07780471650747023,13.47146906000933,0.02826689863679829
ATLAS (C/2025 N1),2461397.5,A.D. 2026-Dec-23 00:00:00.0000,12.5,-2.806833997247291,4.5,13.36146961139456,-0.8129452770054302,0.01452121965285839,0.03419129110186604,-0.002106974612590488,0.07899339806275876,13.67728289126642,0.03054701013427532
ATLAS (C/2025 N1),2461404.5,A.D. 2026-Dec-30 00:00:00.0000,12.5,-2.705576429761964,4.5,13.60821608620303,-0.8276946668858355,0.01436788736854472,0.03630692208220536,-0.002106823734369672,0.08027529354591201,13.89923621382375,0.03287539138476707
ATLAS (C/2025 N1),2461411.5,A.D. 2027-Jan-06 00:00:00.0000,12.5,-2.606300337554002,4.5,13.8697230232336,-0.8424380525008147,0.01395124181014514,0.03840235880762508,-0.002105555809411202,0.08165196516477234,14.13759951558437,0.03522824038465784
ATLAS (C/2025 N1),2461418.5,A.D. 2027-Jan-13 00:00:00.0000,12.5,-2.510892111124358,4.5,14.14569003597083,-0.8571741681268936,0.01326417604538005,0.04042971239159064,-0.002104978891510179,0.08312330830836352,14.39235468371923,0.03754810176291358
ATLAS (C/2025 N1),2461425.5,A.D. 2027-Jan-20 00:00:00.0000,12.5,-2.421184702290544,4.5,14.4354679556562,-0.8719107012852041,0.01232818851142761,0.04234178810456863,-0.002105562268198199,0.08468672656173876,14.66305216291609,0.03977415886759976
ATLAS (C/2025 N1),2461432.5,A.D. 2027-Jan-27 00:00:00.0000,12.5,-2.338791085050859,4.5,14.738161621913,-0.8866498210603004,0.01117829074962521,0.0441203972670251,-0.002105285265533112,0.08633762443191785,14.94889626823094,0.04187442996225559
ATLAS (C/2025 N1),2461439.5,A.D. 2027-Feb-03 00:00:00.0000,12.5,-2.265188148990425,4.5,15.052820017207,-0.9013822510508317,0.009815566626371253,0.04575463565222077,-0.00210400426594888,0.08807068147807429,15.2489657938912,0.04383239567612544
ATLAS (C/2025 N1),2461446.5,A.D. 2027-Feb-10 00:00:00.0000,12.5,-2.201845499199943,4.5,15.37829251430367,-0.9161079898237519,0.008251190809710934,0.04720310568439893,-0.002103577924205121,0.08987924980959001,15.56210969331775,0.04560194202327077
ATLAS (C/2025 N1),2461453.5,A.D. 2027-Feb-17 00:00:00.0000,12.5,-2.150053833489685,4.5,15.71314626480433,-0.930835027898093,0.006523541071993958,0.04843109400417538,-0.002104196239712154,0.0917548202972081,15.88685465645103,0.04714196580275937
ATLAS (C/2025 N1),2461460.5,A.D. 2027-Feb-24 00:00:00.0000,12.5,-2.110786542956447,4.5,16.05580654847141,-0.9455640204185106,0.004677640039460167,0.04943615953722126,-0.002103764468615893,0.09368781500290352,16.22154231472992,0.04844503334656865
ATLAS (C/2025 N1),2461467.5,A.D. 2027-Mar-03 00:00:00.0000,12.5,-2.084823121058102,4.5,16.40473628226027,-0.9602856820299976,0.002723222003359166,0.05021866524805292,-0.002102483093791408,0.09566880845174165,16.56454069775907,0.04951332626854379
ATLAS (C/2025 N1),2461474.5,A.D. 2027-Mar-10 00:00:00.0000,12.5,-2.072865601687415,4.5,16.75828341692255,-0.975001189303126,0.000681964037379944,0.05075101769938301,-0.00210218038119057,0.0976878112860966,16.91412020188171,0.05032102980951627
ATLAS (C/2025 N1),2461481.5,A.D. 2027-Mar-17 00:00:00.0000,12.5,-2.075370463141627,4.5,17.11462382003019,-0.9897185362659058,-0.001399638619218967,0.05101624805126628,-0.002102765126543187,0.0997338629732537,17.26838306968703,0.05085072556218419
ATLAS (C/2025 N1),2461488.5,A.D. 2027-Mar-24 00:00:00.0000,12.5,-2.092444055549,4.5,17.47192702047467,-1.004436775086839,-0.003476299403062912,0.05103117246164331,-0.002102151042231699,0.1017959394211237,17.62542053879969,0.05111925465100419
ATLAS (C/2025 N1),2461495.5,A.D. 2027-Mar-31 00:00:00.0000,12.5,-2.124007808364035,4.5,17.82850929760735,-1.019147138638294,-0.005538492120929366,0.05080882743630469,-0.002100900276910737,0.1038639603018966,17.98348725456377,0.05114417278175398
ATLAS (C/2025 N1),2461502.5,A.D. 2027-Apr-07 00:00:00.0000,12.5,-2.169896617403,4.5,18.18266676929785,-1.033852004359959,-0.007563119614231373,0.05033662307660106,-0.002100719358517918,0.1059278986078379,18.34084709440827,0.05091569977515534
ATLAS (C/2025 N1),2461509.5,A.D. 2027-Apr-14 00:00:00.0000,12.5,-2.229697686571968,4.5,18.53263511976336,-1.048559078515103,-0.00950465931932442,0.04961458628914831,-0.002101227536482676,0.1079774189123431,18.69571053469023,0.05043321571922164
ATLAS (C/2025 N1),2461516.5,A.D. 2027-Apr-21 00:00:00.0000,12.5,-2.302677288851301,4.5,18.8767682143577,-1.06326572417968,-0.01132616367587103,0.04867635726569242,-0.002100417845747739,0.1100028144503038,19.04639690113046,0.04972941185193956
ATLAS (C/2025 N1),2461523.5,A.D. 2027-Apr-28 00:00:00.0000,12.5,-2.387981333071707,4.5,19.21365322509454,-1.077964077278718,-0.01302536524787344,0.04754397337409282,-0.002099233171998999,0.1119957640837964,19.3914654333598,0.0488287307436621
ATLAS (C/2025 N1),2461530.5,A.D. 2027-May-05 00:00:00.0000,12.5,-2.48470608528448,4.5,19.54192774013927,-1.092657783606491,-0.01458420023154874,0.04621647837228395,-0.002099188165300313,0.1139482989446577,19.72953636462728,0.0477299723979134
ATLAS (C/2025 N1),2461537.5,A.D. 2027-May-12 00:00:00.0000,12.5,-2.591742492958047,4.5,19.8602538819985,-1.107354038585491,-0.01596423723663394,0.04470654021635878,-0.002099603558583646,0.1158524992646001,20.05923842956189,0.04644161535084169
ATLAS (C/2025 N1),2461544.5,A.D. 2027-May-19 00:00:00.0000,12.5,-2.707729079180133,4.5,20.16750156756911,-1.122048504467962,-0.01714179318132415,0.04305907023136914,-0.002098609853694198,0.1177014515860024,20.37937460008327,0.04500451845561643
ATLAS (C/2025 N1),2461551.5,A.D. 2027-May-26 00:00:00.0000,12.5,-2.831277252499969,4.5,20.46282095395344,-1.136734436350411,-0.01812524221985477,0.04129958083567922,-0.002097522707266054,0.1194897848032186,20.68901489807731,0.04344372338785752
ATLAS (C/2025 N1),2461558.5,A.D. 2027-Jun-02 00:00:00.0000,12.5,-2.961007039928683,4.5,20.74544694883949,-1.151416748283315,-0.01890444293464795,0.03943385561358359,-0.002097628238355279,0.1212125539073164,20.98730312178886,0.04176164929026031
ATLAS (C/2025 N1),2461565.5,A.D. 2027-Jun-09 00:00:00.0000,12.5,-3.095395393028043,4.5,21.01468998447062,-1.166101978312271,-0.01945085749537703,0.03748222625081385,-0.002097954437069146,0.1228650357492232,21.27342148330665,0.03997156210894468
ATLAS (C/2025 N1),2461572.5,A.D. 2027-Jun-16 00:00:00.0000,12.5,-3.232752130194392,4.5,21.27011952365836,-1.180784213303213,-0.01975568022503953,0.03549499870770781,-0.002096814036137484,0.1244437148344173,21.54676129362311,0.03811820978826917
ATLAS (C/2025 N1),2461579.5,A.D. 2027-Jun-23 00:00:00.0000,12.5,-3.371459169943524,4.5,21.51159379330596,-1.195457918528139,-0.01983842284445302,0.03349621563376595,-0.002095852378491061,0.1259466322595224,21.80698337913265,0.03622449316032168
ATLAS (C/2025 N1),2461586.5,A.D. 2027-Jun-30 00:00:00.0000,12.5,-3.509968971896003,4.5,21.73905741883891,-1.210129150834383,-0.0196973672411359,0.03149392823099405,-0.002096113163398242,0.1273722332572251,22.0538185402199,0.03429437982660276
ATLAS (C/2025 N1),2461593.5,A.D. 2027-Jul-07 00:00:00.0000,12.5,-3.646657065264385,4.5,21.95255183208577,-1.224803666169922,-0.01931463330974805,0.02951196832429604,-0.002096360670633373,0.1287192899302124,22.28705417305568,0.03234453880560285
ATLAS (C/2025 N1),2461600.5,A.D. 2027-Jul-14 00:00:00.0000,12.5,-3.779821194625523,4.5,22.15239595401129,-1.239474262080613,-0.01869613701091764,0.02760094679484109,-0.002095130582369162,0.1299879156963467,22.50670991533406,0.03042168402421469
ATLAS (C/2025 N1),2461607.5,A.D. 2027-Jul-21 00:00:00.0000,12.5,-3.907924638064373,4.5,22.33917465616163,-1.254136646578677,-0.01787163831029031,0.02577966494340519,-0.002094322760711606,0.1311797406036531,22.71306800112165,0.02854585828367035
ATLAS (C/2025 N1),2461614.5,A.D. 2027-Jul-28 00:00:00.0000,12.5,-4.029559017108368,4.5,22.51353487381993,-1.26879778541907,-0.01684733513498656,0.0240546814402661,-0.002094732871957608,0.1322967472704446,22.90647171013794,0.02672175099099057
ATLAS (C/2025 N1),2461621.5,A.D. 2027-Aug-04 00:00:00.0000,12.5,-4.14330212164976,4.5,22.67621656960588,-1.283462486201325,-0.01561587155939938,0.02244984075959599,-0.002094905558683014,0.1333413251324185,23.08733476034906,0.02496899115735013
ATLAS (C/2025 N1),2461628.5,A.D. 2027-Aug-11 00:00:00.0000,12.5,-4.247742142659274,4.5,22.82822710306009,-1.298122658951195,-0.01419703712059103,0.02101146701294465,-0.002093653228226123,0.1343172985672377,23.25631932222065,0.0233346345479108
ATLAS (C/2025 N1),2461635.5,A.D. 2027-Aug-18 00:00:00.0000,12.5,-4.341715548216065,4.5,22.97078938600715,-1.312775295565654,-0.01262934481402267,0.01974992066195896,-0.002093029242266665,0.1352299153872127,23.41433402628756,0.02183499932849636
ATLAS (C/2025 N1),2461642.5,A.D. 2027-Aug-25 00:00:00.0000,12.5,-4.42423725241667,4.5,23.10514068577151,-1.327427974500086,-0.01092587408800026,0.0186666420491415,-0.002093575603329271,0.1360846775937888,23.56233151456899,0.02047391279407147
ATLAS (C/2025 N1),2461649.5,A.D. 2027-Sep-01 00:00:00.0000,12.5,-4.494363885691813,4.5,23.23258245607913,-1.342084326373243,-0.009088920034614919,0.01778193511952163,-0.002093662295045528,0.1368875074277913,23.70133719127728,0.01927229065267489
ATLAS (C/2025 N1),2461656.5,A.D. 2027-Sep-08 00:00:00.0000,12.5,-4.551244345145553,4.5,23.35464427400887,-1.35673579329638,-0.007150559132492105,0.01713308756997244,-0.002092453022880508,0.1376457567427684,23.83262399039447,0.01827411087490823
ATLAS (C/2025 N1),2461663.5,A.D. 2027-Sep-15 00:00:00.0000,12.5,-4.594341876472987,4.5,23.47299205824039,-1.371380750035553,-0.005155606633692443,0.01671868679624655,-0.002092042118001645,0.1383679703125189,23.95767139364129,0.01748889536269359
ATLAS (C/2025 N1),2461670.5,A.D. 2027-Sep-22 00:00:00.0000,12.5,-4.623333521508977,4.5,23.58923380116225,-1.386027083565028,-0.003121881164092519,0.01653116200653655,-0.002092708064485382,0.1390627086574834,24.07796160918486,0.01691553047884263
ATLAS (C/2025 N1),2461677.5,A.D. 2027-Sep-29 00:00:00.0000,12.5,-4.637976832289797,4.5,23.70498530952661,-1.40067698715121,-0.001058900676475214,0.0165833454083999,-0.00209268440139863,0.1397387888013859,24.19502125735922,0.01657160317040716
ATLAS (C/2025 N1),2461684.5,A.D. 2027-Oct-06 00:00:00.0000,12.5,-4.638185291825696,4.5,23.82202029889432,-1.415321773926171,0.0009923039882208265,0.01689859707219933,-0.002091566616252496,0.1404062300998927,24.31058513582079,0.01649143655931365
ATLAS (C/2025 N1),2461691.5,A.D. 2027-Oct-13 00:00:00.0000,12.5,-4.624223069098814,4.5,23.94214018461727,-1.429961341194045,0.002985113542693909,0.01746044449796863,-0.002091389279160066,0.141075746142811,24.42650824514138,0.01667152671514877
ATLAS (C/2025 N1),2461698.5,A.D. 2027-Oct-20 00:00:00.0000,12.5,-4.596573695420089,4.5,24.06699342820511,-1.444603621938456,0.00490133183736818,0.01824882818035903,-0.002092154443324524,0.1417575699168453,24.54456237204513,0.01709899823911527
ATLAS (C/2025 N1),2461705.5,A.D. 2027-Oct-27 00:00:00.0000,12.5,-4.555806555701653,4.5,24.19815570318234,-1.459249145891242,0.00672928526704894,0.01926574369539402,-0.002091991512978247,0.1424617408112932,24.66648578290419,0.01778084176370365
ATLAS (C/2025 N1),2461712.5,A.D. 2027-Nov-03 00:00:00.0000,12.5,-4.502672662114475,4.5,24.33726585583848,-1.47388931921405,0.008425136094744197,0.02051703412359215,-0.002090986354792179,0.1431989567188985,24.79413076042812,0.01873325469699604
ATLAS (C/2025 N1),2461719.5,A.D. 2027-Nov-10 00:00:00.0000,12.5,-4.438261215149409,4.5,24.48586275873587,-1.488525655698961,0.009947723311021124,0.02196957453550633,-0.002091042313065235,0.1439797852651884,24.92932703225704,0.01993258630211185
ATLAS (C/2025 N1),2461726.5,A.D. 2027-Nov-17 00:00:00.0000,12.5,-4.363837287583227,4.5,24.64522941880651,-1.503165939639973,0.01128546032690125,0.02358986724873411,-0.00209187921601918,0.1448135546889509,25.07368973286942,0.02134804350744726
ATLAS (C/2025 N1),2461733.5,A.D. 2027-Nov-24 00:00:00.0000,12.5,-4.280706049854128,4.5,24.81649023195408,-1.5178089304986,0.01243214846710149,0.02536859282323552,-0.002091553239964748,0.1457087131038002,25.22868160779376,0.02297050832999707
ATLAS (C/2025 N1),2461740.5,A.D. 2027-Dec-01 00:00:00.0000,12.5,-4.190323846367263,4.5,25.00073719665414,-1.532446264039668,0.01334964145783805,0.02729444754499248,-0.002090655992999617,0.1466736137302833,25.39574897233332,0.02479335449845567
ATLAS (C/2025 N1),2461747.5,A.D. 2027-Dec-08 00:00:00.0000,12.5,-4.0944109485691,4.5,25.19884468224541,-1.547081027258435,0.01401101094024739,0.02932030277618833,-0.002090915023774147,0.1477155215035826,25.57614971102166,0.02677125923168706
ATLAS (C/2025 N1),2461754.5,A.D. 2027-Dec-15 00:00:00.0000,12.5,-3.994762179999174,4.5,25.41135257430702,-1.561720696365081,0.01441909153026728,0.03140327672048744,-0.002091781972227676,0.1488397057883724,25.77079618606974,0.02885691497642094
ATLAS (C/2025 N1),2461761.5,A.D. 2027-Dec-22 00:00:00.0000,12.5,-3.893113548931076,4.5,25.63858694064748,-1.576362345276876,0.01458073399681268,0.03352737779822593,-0.002091281555123634,0.1500499660674966,25.98034625753893,0.03102832991528536
ATLAS (C/2025 N1),2461768.5,A.D. 2027-Dec-29 00:00:00.0000,12.5,-3.791267551092562,4.5,25.88078301327097,-1.590997964540082,0.01447119949927858,0.03567036185506005,-0.002090474784591471,0.1513494291586336,26.20534131712758,0.03326186965731973
ATLAS (C/2025 N1),2461775.5,A.D. 2028-Jan-05 00:00:00.0000,12.5,-3.691166056533356,4.5,26.1378908332869,-1.605632023168216,0.01408428047253325,0.03777913333899911,-0.002090881864421648,0.1527394868898689,26.4460223523983,0.03550010732608622
ATLAS (C/2025 N1),2461782.5,A.D. 2028-Jan-12 00:00:00.0000,12.5,-3.594685074249217,4.5,26.40950840052381,-1.620271493426231,0.01344184764940254,0.039810718191444,-0.002091716531656636,0.1542192283159103,26.70223163806309,0.03769165999691567
ATLAS (C/2025 N1),2461789.5,A.D. 2028-Jan-19 00:00:00.0000,12.5,-3.503517124197724,4.5,26.695030345926,-1.634912019046047,0.01256688346456366,0.04175167454837725,-0.002091045481107212,0.1557862126955542,26.97354657288281,0.03981503137282536
ATLAS (C/2025 N1),2461796.5,A.D. 2028-Jan-26 00:00:00.0000,12.5,-3.419315406444217,4.5,26.99376929193552,-1.649546149193422,0.01145065002913289,0.0435792162672648,-0.002090314946209267,0.1574373140466501,27.25942590982626,0.04184468156178003
ATLAS (C/2025 N1),2461803.5,A.D. 2028-Feb-02 00:00:00.0000,12.5,-3.34373845733674,4.5,27.30476074936473,-1.664179466463566,0.01010781749242893,0.04524514778798774,-0.002090810430749835,0.1591676730287659,27.55902828017927,0.04372757663612229
ATLAS (C/2025 N1),2461810.5,A.D. 2028-Feb-09 00:00:00.0000,12.5,-3.278244460689142,4.5,27.62674651513549,-1.678818179812669,0.008577358001855924,0.04671725703445481,-0.002091535260969137,0.160970486726939,27.87117579572953,0.04542465155812337
ATLAS (C/2025 N1),2461817.5,A.D. 2028-Feb-16 00:00:00.0000,12.5,-3.224005673901383,4.5,27.95834823874188,-1.6934567894672,0.006894315656537837,0.04799418753023599,-0.002090708183358513,0.1628379964697851,28.19452508417019,0.04692937425366537
ATLAS (C/2025 N1),2461824.5,A.D. 2028-Feb-23 00:00:00.0000,12.5,-3.182077289888231,4.5,28.29817868182716,-1.708088744917455,0.00506172227930277,0.04906206173957094,-0.002090053498990949,0.1647622980799335,28.52770757961378,0.04822785676384349
ATLAS (C/2025 N1),2461831.5,A.D. 2028-Mar-01 00:00:00.0000,12.5,-3.153424300790753,4.5,28.64464658041572,-1.722720482748735,0.003108487160773938,0.04988612961465484,-0.00209059434642307,0.1667342857000424,28.86914665173569,0.04928339933252855
ATLAS (C/2025 N1),2461838.5,A.D. 2028-Mar-08 00:00:00.0000,12.5,-3.138727204305909,4.5,28.99597941153112,-1.737357173990321,0.001082912509145905,0.05045205576329637,-0.002091137728167478,0.1687436898759028,29.21706419965911,0.05007829829735346
ATLAS (C/2025 N1),2461845.5,A.D. 2028-Mar-15 00:00:00.0000,12.5,-3.13833845826767,4.5,29.35041143851756,-1.751992361136327,-0.0009771203707761489,0.05077552466147196,-0.002090171496998282,0.1707801626640147,29.56966853250784,0.05062657490087202
ATLAS (C/2025 N1),2461852.5,A.D. 2028-Mar-22 00:00:00.0000,12.5,-3.152476443046225,4.5,29.70626945453701,-1.766620816791297,-0.00306501743971506,0.05085548330451185,-0.002089606969464542,0.1728339181650869,29.92526527434369,0.05092956118382675
ATLAS (C/2025 N1),2461859.5,A.D. 2028-Mar-29 00:00:00.0000,12.5,-3.18123625517317,4.5,30.06177507871242,-1.781249636725466,-0.005147228697556351,0.05067338063387195,-0.002090175478555511,0.1748946190989216,30.28206458058396,0.05096843518857194
ATLAS (C/2025 N1),2461866.5,A.D. 2028-Apr-05 00:00:00.0000,12.5,-3.224410765469607,4.5,30.41509267756812,-1.795882737431534,-0.007175441874511003,0.05023359812589424,-0.002090493706994908,0.1769515406860258,30.63820951322284,0.05074547177582496
ATLAS (C/2025 N1),2461873.5,A.D. 2028-Apr-12 00:00:00.0000,12.5,-3.281488897523648,4.5,30.76452049015325,-1.810512794402057,-0.009118425705527816,0.04956774389346117,-0.002089407550701299,0.178994657548667,30.99196423191539,0.05029151340058756
ATLAS (C/2025 N1),2461880.5,A.D. 2028-Apr-19 00:00:00.0000,12.5,-3.351868116559942,4.5,31.10853685719868,-1.825136251229737,-0.01097352529199309,0.04868554126420617,-0.002088954456324526,0.1810150280656475,31.34178054294384,0.04961844426028444
ATLAS (C/2025 N1),2461887.5,A.D. 2028-Apr-26 00:00:00.0000,12.5,-3.434843196477487,4.5,31.445600559058,-1.839760727876214,-0.0127105199189628,0.04758223598466563,-0.002089552579641831,0.1830036266700461,31.68609571783895,0.04872026266251892
ATLAS (C/2025 N1),2461894.5,A.D. 2028-May-03 00:00:00.0000,12.5,-3.529441535936264,4.5,31.77421422601733,-1.854388776664127,-0.01428801076779896,0.04627706473321794,-0.002089637108851422,0.1849515765942802,32.02337279193826,0.04761275699354531
ATLAS (C/2025 N1),2461901.5,A.D. 2028-May-10 00:00:00.0000,12.5,-3.634456689170024,4.5,32.09311111771017,-1.869012297708139,-0.01568759707446597,0.04481257199586006,-0.002088461900446991,0.1868512078412336,32.35228374640853,0.04633657757775655
ATLAS (C/2025 N1),2461908.5,A.D. 2028-May-17 00:00:00.0000,12.5,-3.748669539274865,4.5,32.4012545839178,-1.883629567329055,-0.01691470199336914,0.0432041285439381,-0.002088138896055769,0.1886961703270418,32.67172909831154,0.04490759800031606
ATLAS (C/2025 N1),2461915.5,A.D. 2028-May-24 00:00:00.0000,12.5,-3.870807842484314,4.5,32.69764184688771,-1.898248582255596,-0.0179467948151621,0.04145617482979144,-0.00208877309042334,0.1904802618828757,32.98063497540361,0.04332702395413873
ATLAS (C/2025 N1),2461922.5,A.D. 2028-May-31 00:00:00.0000,12.5,-3.99939484633334,4.5,32.98137950493548,-1.912870528729783,-0.01875285541947607,0.03959740367787644,-0.002088641338620372,0.1921977287845704,33.27800515122772,0.04161825102186138
ATLAS (C/2025 N1),2461929.5,A.D. 2028-Jun-07 00:00:00.0000,12.5,-4.132810798021773,4.5,33.25186239078452,-1.927486689858453,-0.01932972116022182,0.03767547735573733,-0.002087419829622348,0.1938442993853526,33.56310001307235,0.03982615855778914
ATLAS (C/2025 N1),2461936.5,A.D. 2028-Jun-14 00:00:00.0000,12.5,-4.269513585935879,4.5,33.50872545692599,-1.942097144557167,-0.01969190165464416,0.03570618035880492,-0.002087233457266968,0.1954170477299567,33.83541294748785,0.03796605197451425
ATLAS (C/2025 N1),2461943.5,A.D. 2028-Jun-21 00:00:00.0000,12.5,-4.407965386603981,4.5,33.75165828360967,-1.956710038715589,-0.01982595792104441,0.03369868460969769,-0.002087897041282572,0.1969132725112047,34.09447623763513,0.03604290690261101
ATLAS (C/2025 N1),2461950.5,A.D. 2028-Jun-28 00:00:00.0000,12.5,-4.546496083121623,4.5,33.98049255988072,-1.97132528956672,-0.01971234716383354,0.03168624088034102,-0.00208758259709076,0.1983308811076252,34.33992755733819,0.03408427359282844
ATLAS (C/2025 N1),2461957.5,A.D. 2028-Jul-05 00:00:00.0000,12.5,-4.683387684602002,4.5,34.19537040780732,-1.985933879658255,-0.01936315112147728,0.02971655036947525,-0.002086376861495062,0.1996694010647866,34.57168510364806,0.03213603831540244
ATLAS (C/2025 N1),2461964.5,A.D. 2028-Jul-12 00:00:00.0000,12.5,-4.81708713894951,4.5,34.39665146350205,-2.00053759796801,-0.01880136871561604,0.02780166514392926,-0.002086343247311065,0.2009296196263609,34.78988518358108,0.0302106724428027
ATLAS (C/2025 N1),2461971.5,A.D. 2028-Jul-19 00:00:00.0000,12.5,-4.946100687474573,4.5,34.58474390613488,-2.015144453709467,-0.01802258877204605,0.0259517782186262,-0.002087029980496035,0.2021125480339484,34.99470288819276,0.02831522280304119
ATLAS (C/2025 N1),2461978.5,A.D. 2028-Jul-26 00:00:00.0000,12.5,-5.068875040937485,4.5,34.76020398362124,-2.029753190219298,-0.01701886397927133,0.02420063960244473,-0.002086580946757358,0.203219897501711,35.18643450503051,0.02647954876373863
ATLAS (C/2025 N1),2461985.5,A.D. 2028-Aug-02 00:00:00.0000,12.5,-5.183901623215555,4.5,34.92389014048949,-2.044354883821667,-0.01581645489629314,0.02259165884739294,-0.002085462578654669,0.2042550517844351,35.36566591307395,0.02474838125901989
ATLAS (C/2025 N1),2461992.5,A.D. 2028-Aug-09 00:00:00.0000,12.5,-5.28991498418857,4.5,35.07682943947239,-2.058952856538947,-0.01444570217492853,0.02112983599400333,-0.002085598098015362,0.2052224975199485,35.53317394958167,0.0231298881142909
ATLAS (C/2025 N1),2461999.5,A.D. 2028-Aug-16 00:00:00.0000,12.5,-5.385757725379885,4.5,35.2200678201753,-2.073554625338983,-0.01291046538341501,0.01982292011308629,-0.002086287251741208,0.2061268812054379,35.68976313060233,0.02163150417135866
ATLAS (C/2025 N1),2462006.5,A.D. 2028-Aug-23 00:00:00.0000,12.5,-5.470281466283438,4.5,35.35478028433612,-2.088157771932837,-0.0112139524360129,0.01870130539576535,-0.002085737413509118,0.2069735680610855,35.83636241521354,0.02028329102826877
ATLAS (C/2025 N1),2462013.5,A.D. 2028-Aug-30 00:00:00.0000,12.5,-5.542468411450061,4.5,35.48240557024039,-2.102753918526837,-0.00939478107212962,0.01779976789731632,-0.002084768201549403,0.2077695367317331,35.97418011831303,0.01912573443385491
ATLAS (C/2025 N1),2462020.5,A.D. 2028-Sep-06 00:00:00.0000,12.5,-5.601607950195584,4.5,35.60447664679782,-2.117347762397141,-0.007488909637013824,0.01711300319000603,-0.002085087383272112,0.2085226023309637,36.10456938487141,0.01816014771737591
ATLAS (C/2025 N1),2462027.5,A.D. 2028-Sep-13 00:00:00.0000,12.5,-5.647135114067193,4.5,35.72249067410262,-2.131946017663573,-0.005506751782296124,0.01664247961825338,-0.002085755138874773,0.2092405544079932,36.22887893352637,0.01739095799319216
ATLAS (C/2025 N1),2462034.5,A.D. 2028-Sep-20 00:00:00.0000,12.5,-5.678550376224392,4.5,35.83802763543802,-2.146545046062291,-0.003461037730717702,0.01641109905079145,-0.002085122230714859,0.2099317746597235,36.34856001010922,0.01684443364585997
ATLAS (C/2025 N1),2462041.5,A.D. 2028-Sep-27 00:00:00.0000,12.5,-5.695555054995643,4.5,35.95286015313344,-2.161137428163992,-0.001399462147884301,0.01644031194685294,-0.002084347103589396,0.2106060016003782,36.46529878608796,0.01655139353414174
ATLAS (C/2025 N1),2462048.5,A.D. 2028-Oct-04 00:00:00.0000,12.5,-5.698196630198657,4.5,36.06875412714718,-2.175729103140749,0.0006396894218155894,0.01671122485856183,-0.002084858472614196,0.2112733444559598,36.58084561968541,0.01650164345597106
ATLAS (C/2025 N1),2462055.5,A.D. 2028-Oct-11 00:00:00.0000,12.5,-5.686682564109323,4.5,36.18735926174847,-2.190325758758854,0.002643161376984825,0.01721508694203769,-0.002085483535188945,0.2119434916668334,36.69687801234977,0.01669094586949845
ATLAS (C/2025 N1),2462062.5,A.D. 2028-Oct-18 00:00:00.0000,12.5,-5.661314344969507,4.5,36.3103350712214,-2.204922457418012,0.004592747790861921,0.01796344854395274,-0.002084771765384194,0.2126263640009276,36.81511369179992,0.01713575060720064
ATLAS (C/2025 N1),2462069.5,A.D. 2028-Oct-25 00:00:00.0000,12.5,-5.622631794520519,4.5,36.4394330573862,-2.219513018894935,0.00643748693566777,0.01896031534648496,-0.00208420847159611,0.2133327081449466,36.9374133891577,0.01785001683751382
ATLAS (C/2025 N1),2462076.5,A.D. 2028-Nov-01 00:00:00.0000,12.5,-5.571516341714883,4.5,36.57627660090679,-2.234104479140484,0.008142700963660378,0.02017113621074013,-0.002084903639684017,0.2140729216735811,37.06557738867362,0.01880655334636366
ATLAS (C/2025 N1),2462083.5,A.D. 2028-Nov-08 00:00:00.0000,12.5,-5.508982000481725,4.5,36.72227676270501,-2.248701390914692,0.009698723327762953,0.02157462454911862,-0.002085465976812009,0.2148563576972853,37.20122513122165,0.01998667595284733
ATLAS (C/2025 N1),2462090.5,A.D. 2028-Nov-15 00:00:00.0000,12.5,-5.436117612264892,4.5,36.87876803669229,-2.263297503922823,0.01108886295576762,0.02316940449699259,-0.002084674460796529,0.2156920209398415,37.34591573639341,0.02139181630788441
ATLAS (C/2025 N1),2462097.5,A.D. 2028-Nov-22 00:00:00.0000,12.5,-5.354235519267333,4.5,37.04706551419161,-2.277888011095678,0.01226725941487964,0.02494089583658356,-0.002084310648402541,0.2165889969223845,37.50122231340843,0.02301399738339031
ATLAS (C/2025 N1),2462104.5,A.D. 2028-Nov-29 00:00:00.0000,12.5,-5.264924624809976,4.5,37.22823708154329,-2.292480811726858,0.01321103238110874,0.02684046513051153,-0.0020851530534273,0.2175551616020537,37.66850854197259,0.02480714844014579
ATLAS (C/2025 N1),2462111.5,A.D. 2028-Dec-06 00:00:00.0000,12.5,-5.169823984621349,4.5,37.42305449223495,-2.307079316660936,0.01392209495536314,0.02883624484405112,-0.00208562895278521,0.2185966702498723,37.84884017422618,0.02673733959864549
ATLAS (C/2025 N1),2462118.5,A.D. 2028-Dec-13 00:00:00.0000,12.5,-5.070570986685667,4.5,37.63214459067617,-2.321676096361443,0.01439346170893068,0.03091713566265904,-0.002084759675265063,0.2197187519130035,38.04312259161953,0.02879193694771711
ATLAS (C/2025 N1),2462125.5,A.D. 2028-Dec-20 00:00:00.0000,12.5,-4.96895398847934,4.5,37.85602903143155,-2.336267767906885,0.01459287244454836,0.03305427282206373,-0.002084564317647544,0.220926039232267,38.25215791104567,0.0309436738969398
ATLAS (C/2025 N1),2462132.5,A.D. 2028-Dec-27 00:00:00.0000,12.5,-4.866915029883494,4.5,38.09490306109025,-2.350862732255855,0.01451665340477318,0.03519191219834439,-0.002085487264050206,0.2222212810998989,38.4764220884411,0.03313415827615825
ATLAS (C/2025 N1),2462139.5,A.D. 2029-Jan-03 00:00:00.0000,12.5,-4.766318650660271,4.5,38.34863317239897,-2.365463274053771,0.01418418025519171,0.03729512924603362,-0.002085843433783785,0.2236051333186062,38.71602867252461,0.03532244759099593
ATLAS (C/2025 N1),2462146.5,A.D. 2029-Jan-10 00:00:00.0000,12.5,-4.668912198847328,4.5,38.61692808455798,-2.380061100121879,0.0136034146137264,0.03935148390633347,-0.002084904795288865,0.2250771117624583,38.97089383948978,0.03749163368985146
ATLAS (C/2025 N1),2462153.5,A.D. 2029-Jan-17 00:00:00.0000,12.5,-4.576487825675128,4.5,38.89936780975407,-2.394654298431687,0.01276000881834286,0.04132728303949849,-0.002084846978939765,0.2266358891951426,39.2407877854928,0.03960679012853263
ATLAS (C/2025 N1),2462160.5,A.D. 2029-Jan-24 00:00:00.0000,12.5,-4.490844295753003,4.5,39.19519812528469,-2.409251350064667,0.01167175400188258,0.04317050825898664,-0.002085769417753337,0.2282781003827005,39.52512783833603,0.04161114276497984
ATLAS (C/2025 N1),2462167.5,A.D. 2029-Jan-31 00:00:00.0000,12.5,-4.413568776708026,4.5,39.50337931762069,-2.423853355052166,0.01037528507324709,0.0448538216619228,-0.002085960874005256,0.2299984884808534,39.82300380364786,0.04347089356959832
ATLAS (C/2025 N1),2462174.5,A.D. 2029-Feb-07 00:00:00.0000,12.5,-4.346022075423034,4.5,39.8227733071386,-2.438451599474466,0.008892131494629267,0.04637350449797671,-0.00208496864222421,0.2317910026533228,40.13336801160344,0.04517837256777294
ATLAS (C/2025 N1),2462181.5,A.D. 2029-Feb-14 00:00:00.0000,12.5,-4.289516647296137,4.5,40.15216128640152,-2.453045727971502,0.007223220336825496,0.04770143532526498,-0.002085029728265508,0.2336490521833209,40.45507931496551,0.04670479717634971
ATLAS (C/2025 N1),2462188.5,A.D. 2029-Feb-21 00:00:00.0000,12.5,-4.245250532637794,4.5,40.49005373986571,-2.467643941169003,0.005403017391638679,0.04879914963347766,-0.002085883227571814,0.2355644024662731,40.78671193614978,0.04800804362051495
ATLAS (C/2025 N1),2462195.5,A.D. 2029-Feb-28 00:00:00.0000,12.5,-4.214116783188308,4.5,40.83478356909121,-2.482246012657443,0.003478625044900509,0.04965541770631592,-0.002085861951998652,0.2375276180795638,41.12663218237332,0.04907249678140151
ATLAS (C/2025 N1),2462202.5,A.D. 2029-Mar-07 00:00:00.0000,12.5,-4.19672473084064,4.5,41.18469712091218,-2.496843236691201,0.00147757355388133,0.05028169304351031,-0.002084837634096373,0.2395292048128188,41.47319618206838,0.04990791722220005
ATLAS (C/2025 N1),2462209.5,A.D. 2029-Mar-14 00:00:00.0000,12.5,-4.193594455176991,4.5,41.53815160972287,-2.511436929911302,-0.0005917792915465259,0.05066163825404581,-0.002085011744971959,0.2415597398941091,41.82477243285055,0.0504989924771452
ATLAS (C/2025 N1),2462216.5,A.D. 2029-Mar-21 00:00:00.0000,12.5,-4.205071154328751,4.5,41.89333516165516,-2.526034782174503,-0.00268745533877246,0.05077474161879737,-0.002085758956840262,0.2436088031170384,42.17955673191096,0.05082303075406045
ATLAS (C/2025 N1),2462223.5,A.D. 2029-Mar-28 00:00:00.0000,12.5,-4.231167106002459,4.5,42.24839075701874,-2.540635108905805,-0.004761507576804202,0.0506285446420732,-0.00208549322853889,0.2456656029971146,42.53568059163117,0.05088480350948208
ATLAS (C/2025 N1),2462230.5,A.D. 2029-Apr-04 00:00:00.0000,12.5,-4.271621946578533,4.5,42.60159697937728,-2.555229518074673,-0.006789858158723536,0.0502498775077776,-0.002084461673126233,0.2477200550560487,42.89139793872215,0.05071075132776712
ATLAS (C/2025 N1),2462237.5,A.D. 2029-Apr-11 00:00:00.0000,12.5,-4.326105451879647,4.5,42.95133467790698,-2.569821065534381,-0.008765061027979705,0.04963437305550448,-0.002084748564914691,0.2497627105555498,43.24507277486329,0.05029795160795864
ATLAS (C/2025 N1),2462244.5,A.D. 2029-Apr-18 00:00:00.0000,12.5,-4.394113621767933,4.5,43.29591410676885,-2.584416819583845,-0.01064645303999265,0.04877796320748547,-0.002085382289882574,0.2517836950408075,43.59499539120357,0.04964004944390604
ATLAS (C/2025 N1),2462251.5,A.D. 2029-Apr-25 00:00:00.0000,12.5,-4.474839668206747,4.5,43.63371716180487,-2.599013611181429,-0.0123931614081603,0.04770420380132972,-0.002084871708979071,0.2537734320803452,43.93950768003265,0.04875766410334196
ATLAS (C/2025 N1),2462258.5,A.D. 2029-May-02 00:00:00.0000,12.5,-4.567269111682974,4.5,43.96335860147808,-2.613603564383593,-0.01399166174802002,0.04645078587098547,-0.002083863493170942,0.2557236061541318,44.27716985368925,0.04768784096002833
ATLAS (C/2025 N1),2462265.5,A.D. 2029-May-09 00:00:00.0000,12.5,-4.670378481614106,4.5,44.28361546421658,-2.628191398284477,-0.01544072319606558,0.04502145974855393,-0.002084260359049186,0.2576268613887048,44.60670828216472,0.04643482891728526
ATLAS (C/2025 N1),2462272.5,A.D. 2029-May-16 00:00:00.0000,12.5,-4.78301133409817,4.5,44.59326478964278,-2.642783507069375,-0.01670663967213606,0.04342391088037141,-0.00208479103349703,0.2594757760573721,44.92683793331715,0.0450027588711384
ATLAS (C/2025 N1),2462279.5,A.D. 2029-May-23 00:00:00.0000,12.5,-4.903772712431302,4.5,44.8912364100843,-2.65737534830073,-0.01775987779203754,0.04169249841078441,-0.002084066723680153,0.2612636480017997,45.23639836440364,0.04342203237514335
ATLAS (C/2025 N1),2462286.5,A.D. 2029-May-30 00:00:00.0000,12.5,-5.031152494275488,4.5,45.17675156499875,-2.67195974708773,-0.01860083517296501,0.03986975213280286,-0.002083124265891942,0.2629853430159598,45.53450061520747,0.04173397146887257
ATLAS (C/2025 N1),2462293.5,A.D. 2029-Jun-06 00:00:00.0000,12.5,-5.163708784918073,4.5,45.44921366659991,-2.686542844832513,-0.01923627638206422,0.0379626713895632,-0.002083621464032962,0.2646367723929862,45.82043674808014,0.03994509788461544
ATLAS (C/2025 N1),2462300.5,A.D. 2029-Jun-13 00:00:00.0000,12.5,-5.299923435853789,4.5,45.70806431176969,-2.701130282066731,-0.01964192432059142,0.03598568500355415,-0.002084062925328049,0.2662139603458297,46.09351837683346,0.0380653524994674
ATLAS (C/2025 N1),2462307.5,A.D. 2029-Jun-20 00:00:00.0000,12.5,-5.438117095403372,4.5,45.95294238472425,-2.715716371376384,-0.01980090982939997,0.03397877572173334,-0.002083177236199081,0.2677138807024136,46.3532215360148,0.03613042745077976
ATLAS (C/2025 N1),2462314.5,A.D. 2029-Jun-27 00:00:00.0000,12.5,-5.576595024623743,4.5,46.18380017413742,-2.730294862805736,-0.01972814784239444,0.03198393256972634,-0.00208235619454568,0.2691352080640816,46.59931673996065,0.03418163611701296
ATLAS (C/2025 N1),2462321.5,A.D. 2029-Jul-04 00:00:00.0000,12.5,-5.713807358810342,4.5,46.4007571917638,-2.744872983621778,-0.01943803531400631,0.03000723418623593,-0.002082940347992047,0.2704775925193011,46.83174340336726,0.03222474487825926
ATLAS (C/2025 N1),2462328.5,A.D. 2029-Jul-11 00:00:00.0000,12.5,-5.848186372510151,4.5,46.60398214535409,-2.759455452671589,-0.01891636814301444,0.02806572005431136,-0.002083299745320959,0.271740870573936,47.05047321810244,0.03027279936034222
ATLAS (C/2025 N1),2462335.5,A.D. 2029-Jul-18 00:00:00.0000,12.5,-5.9780825618458,4.5,46.79385487643449,-2.774035725768058,-0.01815886127280002,0.02620059883867701,-0.002082313271613059,0.2729259426623369,47.25566208954113,0.0283639789136503
ATLAS (C/2025 N1),2462342.5,A.D. 2029-Jul-25 00:00:00.0000,12.5,-6.1019281160599,4.5,46.97106000921834,-2.78860874215165,-0.01719417478701681,0.0244489686038439,-0.002081674517073304,0.2740354329124842,47.4477643713585,0.02653689973508372
ATLAS (C/2025 N1),2462349.5,A.D. 2029-Aug-01 00:00:00.0000,12.5,-6.218368935684811,4.5,47.13640680845134,-2.803182472569052,-0.01604320568434865,0.02281261069035991,-0.002082335025188909,0.2750727738507656,47.62737438707519,0.02479465328420621
ATLAS (C/2025 N1),2462356.5,A.D. 2029-Aug-08 00:00:00.0000,12.5,-6.326087357546795,4.5,47.29074182713823,-2.81776046933554,-0.01470164408078064,0.02130763346186489,-0.002082609469620364,0.2760415870044041,47.79511918469191,0.023151442893313
ATLAS (C/2025 N1),2462363.5,A.D. 2029-Aug-15 00:00:00.0000,12.5,-6.423761060400207,4.5,47.43510944311699,-2.832335606092883,-0.01317717780982827,0.01997237587708838,-0.002081579787717573,0.2769465791648834,47.95181371989116,0.02164536707375108
ATLAS (C/2025 N1),2462370.5,A.D. 2029-Aug-22 00:00:00.0000,12.5,-6.510239021000773,4.5,47.57082144001369,-2.846904283668825,-0.01151066946935358,0.01883510010844178,-0.002081177270880108,0.277794094253365,48.09855640857217,0.02030961798084525
ATLAS (C/2025 N1),2462377.5,A.D. 2029-Aug-29 00:00:00.0000,12.5,-6.584641137788193,4.5,47.6992467982266,-2.861474922710907,-0.009727994825592612,0.01789004056686905,-0.002081910134878915,0.2785910145251491,48.23653887630088,0.01914221397924774
ATLAS (C/2025 N1),2462384.5,A.D. 2029-Sep-05 00:00:00.0000,12.5,-6.646169528017199,4.5,47.82175614645732,-2.876049661075678,-0.007833701185320754,0.01714868258984695,-0.002082090255097103,0.279344310228458,48.3669679841454,0.01815562262274702
ATLAS (C/2025 N1),2462391.5,A.D. 2029-Sep-12 00:00:00.0000,12.5,-6.694090753628416,4.5,47.9398762628481,-2.890620990813965,-0.005846034374736747,0.0166420736581161,-0.002081062766357727,0.2800619216709,48.49121855374985,0.01738393930772971
ATLAS (C/2025 N1),2462398.5,A.D. 2029-Sep-19 00:00:00.0000,12.5,-6.727917398566982,4.5,48.05533274181487,-2.905186991575701,-0.003815252702726132,0.0163855344606392,-0.002080930747667705,0.2807531672314437,48.61090401241788,0.01685067425255733
ATLAS (C/2025 N1),2462405.5,A.D. 2029-Sep-26 00:00:00.0000,12.5,-6.747470596290685,4.5,48.16981556371974,-2.919756304862972,-0.001769609338495857,0.01636226266623306,-0.002081734818776517,0.2814274709806437,48.72765608738401,0.01654472603263406
ATLAS (C/2025 N1),2462412.5,A.D. 2029-Oct-03 00:00:00.0000,12.5,-6.752680873371275,4.5,48.28495436791011,-2.934329490362776,0.0002803362420857676,0.0165751347700528,-0.00208181116706103,0.2820940650575557,48.84307327397374,0.0164720454878398
ATLAS (C/2025 N1),2462419.5,A.D. 2029-Oct-10 00:00:00.0000,12.5,-6.743591075077719,4.5,48.40246396105626,-2.948898783768473,0.00230911691663584,0.01704339047538665,-0.002080815366412564,0.2827628270147549,48.9588658173995,0.0166569722013906
ATLAS (C/2025 N1),2462426.5,A.D. 2029-Oct-17 00:00:00.0000,12.5,-6.720534843459078,4.5,48.52415802225065,-2.963464027494514,0.004262261357917701,0.01776556497628556,-0.002080957527374143,0.2834445065196071,49.07689496486869,0.01710746471780972
ATLAS (C/2025 N1),2462433.5,A.D. 2029-Oct-24 00:00:00.0000,12.5,-6.684156488267173,4.5,48.65170020512732,-2.978033900503178,0.006113948553945099,0.0187109199437318,-0.002081824480732006,0.2841493135076968,49.19892851192773,0.0177981766906777
ATLAS (C/2025 N1),2462440.5,A.D. 2029-Oct-31 00:00:00.0000,12.5,-6.635200687961563,4.5,48.7866101604541,-2.992607356196904,0.007853279144124956,0.01987067305476771,-0.002081789915651993,0.2848867674359956,49.32661470145719,0.01872305006484244
ATLAS (C/2025 N1),2462447.5,A.D. 2029-Nov-07 00:00:00.0000,12.5,-6.574530881755533,4.5,48.93040164060056,-3.007176482880624,0.009453742107104002,0.0212493613766327,-0.002080843379114127,0.2856664882484748,49.46161917512238,0.01989104576468589
ATLAS (C/2025 N1),2462454.5,A.D. 2029-Nov-14 00:00:00.0000,12.5,-6.503296277114374,4.5,49.08456874541023,-3.021742798575301,0.01086471403618642,0.0228270309622492,-0.002081226765629757,0.2864982343279367,49.60563154452904,0.02128966843653468
ATLAS (C/2025 N1),2462461.5,A.D. 2029-Nov-21 00:00:00.0000,12.5,-6.422904621103693,4.5,49.25033757460758,-3.03631482276195,0.01207002596748395,0.0245589759161361,-0.00208212970233409,0.2873904341807777,49.7601111603212,0.02287646075394596
ATLAS (C/2025 N1),2462468.5,A.D. 2029-Nov-28 00:00:00.0000,12.5,-6.334802138321645,4.5,49.42870651788859,-3.05089001714284,0.0130664978146136,0.02642514127597758,-0.002081976111147682,0.2883502171648448,49.92629243254448,0.02463108504046407
ATLAS (C/2025 N1),2462475.5,A.D. 2029-Dec-05 00:00:00.0000,12.5,-6.240503258448362,4.5,49.62058413820102,-3.065460490943367,0.01383469164801847,0.02841677928490524,-0.002081093835655385,0.2893842060843024,50.10532206419321,0.02654610738478656
ATLAS (C/2025 N1),2462482.5,A.D. 2029-Dec-12 00:00:00.0000,12.5,-6.141742693048966,4.5,49.82675386268357,-3.08002924555871,0.01433707287795402,0.03049840123217426,-0.00208165664893531,0.2904984092750192,50.29824036637435,0.0285893357639663
ATLAS (C/2025 N1),2462489.5,A.D. 2029-Dec-19 00:00:00.0000,12.5,-6.040401787801368,4.5,50.04764433398526,-3.094604348378069,0.01457458912044036,0.03261655288756948,-0.002082545277039768,0.2916968249408434,50.50573960662452,0.03070522142407619
ATLAS (C/2025 N1),2462496.5,A.D. 2029-Dec-26 00:00:00.0000,12.5,-5.938287548511025,4.5,50.28340996286344,-3.109181991957483,0.01455913685110029,0.03474568438128345,-0.002082261329568996,0.2929817238172234,50.72821295059887,0.03286434083842774
ATLAS (C/2025 N1),2462503.5,A.D. 2030-Jan-02 00:00:00.0000,12.5,-5.837175407062054,4.5,50.53407728735088,-3.123754581998245,0.01428487849583635,0.03687087743067911,-0.002081464466092323,0.2943545160127768,50.96590455103605,0.03504998936416449
ATLAS (C/2025 N1),2462510.5,A.D. 2030-Jan-09 00:00:00.0000,12.5,-5.738951158492698,4.5,50.79949469650184,-3.138326443173604,0.0137336675177522,0.03894940606972306,-0.002082144008632011,0.295815560409795,51.2188765464785,0.03721924173464301
ATLAS (C/2025 N1),2462517.5,A.D. 2030-Jan-16 00:00:00.0000,12.5,-5.645499096987035,4.5,51.07913583835024,-3.152904779734074,0.01292713408904589,0.04092924026436492,-0.002082953638376282,0.2973629579200899,51.48680011999956,0.03931527011121718
ATLAS (C/2025 N1),2462524.5,A.D. 2030-Jan-23 00:00:00.0000,12.5,-5.558497664798791,4.5,51.37222290949221,-3.16748472917065,0.01189443090370325,0.0427892134535832,-0.002082520942436794,0.2989931309993387,51.76905583900155,0.04131151638522076
ATLAS (C/2025 N1),2462531.5,A.D. 2030-Jan-30 00:00:00.0000,12.5,-5.479483115650477,4.5,51.67788365115362,-3.182059300471268,0.01064409623562291,0.04451865298543454,-0.002081821392032284,0.3007017889923386,52.06490079956539,0.04319474479482967
ATLAS (C/2025 N1),2462538.5,A.D. 2030-Feb-06 00:00:00.0000,12.5,-5.409991225707091,4.5,51.99508748621361,-3.196634011558137,0.00917695869494525,0.04607815553253951,-0.00208255586384668,0.302483673440216,52.37342452776107,0.04492445648188635
ATLAS (C/2025 N1),2462545.5,A.D. 2030-Feb-13 00:00:00.0000,12.5,-5.351419352240305,4.5,52.32248592760676,-3.21121474909024,0.007532135167593794,0.04742806722544417,-0.002083203967280306,0.3043315726581985,52.69337835907767,0.0464562428451832
ATLAS (C/2025 N1),2462552.5,A.D. 2030-Feb-20 00:00:00.0000,12.5,-5.304857636264798,4.5,52.65857225317268,-3.225795743441501,0.005751064661020954,0.04856086193364887,-0.002082589130914702,0.3062371588669688,53.0233203832243,0.04777812981853689
ATLAS (C/2025 N1),2462559.5,A.D. 2030-Feb-27 00:00:00.0000,12.5,-5.271181188398805,4.5,53.00184028318173,-3.240370966739648,0.003850840975062962,0.04947850376221051,-0.002081989701412751,0.3081919853317962,53.36178809341872,0.04889078468964374
ATLAS (C/2025 N1),2462566.5,A.D. 2030-Mar-06 00:00:00.0000,12.5,-5.251197821364089,4.5,53.35070152730239,-3.254947124083547,0.001844457109081053,0.0501525627687301,-0.002082746519886287,0.3101871214266166,53.70723519969152,0.0497655114400948
ATLAS (C/2025 N1),2462573.5,A.D. 2030-Mar-13 00:00:00.0000,12.5,-5.245493090578093,4.5,53.70335666746863,-3.269528545907348,-0.0002199821387527715,0.05056223936469063,-0.002083188239379162,0.3122123379004998,54.05789056214785,0.05037797265842343
ATLAS (C/2025 N1),2462580.5,A.D. 2030-Mar-20 00:00:00.0000,12.5,-5.254307792070487,4.5,54.05797832523874,-3.284108668932689,-0.002298175112315193,0.05071772581604689,-0.002082385061522151,0.31425709992865,54.41193013241814,0.05073541435460489
ATLAS (C/2025 N1),2462587.5,A.D. 2030-Mar-27 00:00:00.0000,12.5,-5.277659817385152,4.5,54.41285653087854,-3.298682684709187,-0.004373430228355471,0.05063602306835194,-0.002081894790438355,0.3163114858680032,54.76763603125859,0.05085484508040065
ATLAS (C/2025 N1),2462594.5,A.D. 2030-Apr-03 00:00:00.0000,12.5,-5.315494822249208,4.5,54.76629020202558,-3.313258412816679,-0.006429617295680258,0.05030153755707274,-0.002082662825019208,0.3183656561534368,55.12330459078031,0.05072093594143216
ATLAS (C/2025 N1),2462601.5,A.D. 2030-Apr-10 00:00:00.0000,12.5,-5.367517127335359,4.5,55.11648179394292,-3.327838561266393,-0.008418953472058267,0.04971243834867552,-0.002082890206078241,0.3204091480757754,55.4771242490464,0.05032876415773231
ATLAS (C/2025 N1),2462608.5,A.D. 2030-Apr-17 00:00:00.0000,12.5,-5.433112977088046,4.5,55.46173017949884,-3.342415884670766,-0.01030324980499038,0.04889488760484556,-0.00208191878485916,0.3224319333427014,55.82735866106719,0.04970201866402621
ATLAS (C/2025 N1),2462615.5,A.D. 2030-Apr-24 00:00:00.0000,12.5,-5.511496619194221,4.5,55.8005499876413,-3.356986909210766,-0.01207372860307574,0.04787765926772378,-0.002081543320543709,0.3244251789999193,56.1724784482157,0.04886969247485674
ATLAS (C/2025 N1),2462622.5,A.D. 2030-May-01 00:00:00.0000,12.5,-5.601853665687618,4.5,56.1315349787947,-3.371560374045543,-0.01371804396797712,0.04665520969292705,-0.002082315460172017,0.3263805352376077,56.51103788573755,0.04782597812954885
ATLAS (C/2025 N1),2462629.5,A.D. 2030-May-08 00:00:00.0000,12.5,-5.703157863147692,4.5,56.45327249601544,-3.386137450938395,-0.01519526328989389,0.04524043866081955,-0.002082346454304039,0.3282895209822153,56.84156852126799,0.04658004655865468
ATLAS (C/2025 N1),2462636.5,A.D. 2030-May-15 00:00:00.0000,12.5,-5.814133161816886,4.5,56.76453845599642,-3.400710405338056,-0.01647881741124014,0.04367050734415658,-0.002081255418132429,0.330144602152682,57.16276586910934,0.04516618361639303
ATLAS (C/2025 N1),2462643.5,A.D. 2030-May-22 00:00:00.0000,12.5,-5.93341671031362,4.5,57.06438426687443,-3.415277145192407,-0.01757177636695029,0.04198009881297843,-0.002081003640749068,0.3319397704130464,57.47358961813859,0.04361892797335985
ATLAS (C/2025 N1),2462650.5,A.D. 2030-May-29 00:00:00.0000,12.5,-6.059683423509465,4.5,57.35197458844949,-3.429846973654313,-0.01846888876510423,0.04016926436689617,-0.00208177038883317,0.3336696740423795,57.7731131466013,0.0419371965645579
ATLAS (C/2025 N1),2462657.5,A.D. 2030-Jun-05 00:00:00.0000,12.5,-6.191450336200616,4.5,57.62652347689952,-3.444419675818247,-0.0191391816155288,0.03826017860573251,-0.002081634321624097,0.3353291156170992,58.06043654850052,0.0401386991530833
ATLAS (C/2025 N1),2462664.5,A.D. 2030-Jun-12 00:00:00.0000,12.5,-6.327070127839236,4.5,57.88748768053187,-3.458987298308129,-0.0195697611053404,0.0362956552271565,-0.002080491645239485,0.3369141398369926,58.33487498483374,0.03826321630881754
ATLAS (C/2025 N1),2462671.5,A.D. 2030-Jun-19 00:00:00.0000,12.5,-6.464905458303691,4.5,58.13462002132337,-3.473549194914847,-0.01977645797861675,0.03431052904666982,-0.002080383677178289,0.3384224385078364,58.59602880416002,0.0363456169044408
ATLAS (C/2025 N1),2462678.5,A.D. 2030-Jun-26 00:00:00.0000,12.5,-6.603425738882271,4.5,58.36778620098855,-3.488114753625247,-0.01976170149604019,0.03230642205503211,-0.002081131378739636,0.3398523582638595,58.84361173507028,0.03438620487651944
ATLAS (C/2025 N1),2462685.5,A.D. 2030-Jul-03 00:00:00.0000,12.5,-6.741004059305574,4.5,58.5869267969673,-3.502682499678872,-0.01950540871968897,0.03030992225217168,-0.002080857262652514,0.3412025441634227,59.07738917669209,0.03240731935799829
ATLAS (C/2025 N1),2462692.5,A.D. 2030-Jul-10 00:00:00.0000,12.5,-6.875937146498808,4.5,58.79224602629984,-3.517244566963461,-0.01900843349073197,0.02836499581468806,-0.002079735721227671,0.3424730291731183,59.29736683701397,0.03045088916911031
ATLAS (C/2025 N1),2462699.5,A.D. 2030-Jul-17 00:00:00.0000,12.5,-7.006627506633347,4.5,58.98423249950562,-3.531801861442595,-0.01829872207926369,0.02650192459848044,-0.002079803476714645,0.3436654780526694,59.50383296024664,0.02854863932182898
ATLAS (C/2025 N1),2462706.5,A.D. 2030-Jul-24 00:00:00.0000,12.5,-7.131646290340459,4.5,59.16345942744338,-3.546363358627073,-0.01738569241127263,0.02472072715698291,-0.002080517423818363,0.3447820947017512,59.69716913978986,0.02670027139788314
ATLAS (C/2025 N1),2462713.5,A.D. 2030-Jul-31 00:00:00.0000,12.5,-7.249529747172819,4.5,59.33057584007483,-3.560926381327768,-0.01626018735885418,0.02304828794857001,-0.002080128774081068,0.3458254364373066,59.87781816134628,0.02493000144853231
ATLAS (C/2025 N1),2462720.5,A.D. 2030-Aug-07 00:00:00.0000,12.5,-7.358822533614787,4.5,59.48648659113692,-3.575483443235744,-0.01493606521797403,0.02152579885106248,-0.002079094047590834,0.3467994823765621,60.04646898770653,0.02327929998077123
ATLAS (C/2025 N1),2462727.5,A.D. 2030-Aug-14 00:00:00.0000,12.5,-7.458264398751003,4.5,59.63234141103547,-3.590037113507896,-0.01345206994101543,0.02017496764817282,-0.002079371932775803,0.3477097181582424,60.20407142777253,0.02177385423288429
ATLAS (C/2025 N1),2462734.5,A.D. 2030-Aug-21 00:00:00.0000,12.5,-7.546814721360004,4.5,59.76932189898348,-3.604595542694329,-0.01182335852900932,0.01899128517506011,-0.002080041893775739,0.3485619510467352,60.35163097820351,0.02041075979023681
ATLAS (C/2025 N1),2462741.5,A.D. 2030-Aug-28 00:00:00.0000,12.5,-7.623454893742647,4.5,59.89866307642498,-3.619154853752158,-0.010051144407607,0.01799791537941574,-0.002079556784691697,0.3493623013970217,60.49020734561458,0.01921305620267053
ATLAS (C/2025 N1),2462748.5,A.D. 2030-Sep-04 00:00:00.0000,12.5,-7.687252036613272,4.5,60.02181870497003,-3.633708168558929,-0.008160821997042912,0.01722914797300939,-0.002078658427997817,0.3501182092684837,60.62108873635442,0.01821828595832233
ATLAS (C/2025 N1),2462755.5,A.D. 2030-Sep-11 00:00:00.0000,12.5,-7.737545128335971,4.5,60.14041940237303,-3.648259770451673,-0.00619974110701862,0.01669415030407243,-0.002079168671964484,0.3508383498818564,60.74577721833064,0.01744235358231465
ATLAS (C/2025 N1),2462762.5,A.D. 2030-Sep-18 00:00:00.0000,12.5,-7.773927274830558,4.5,60.25604984473924,-3.662816708925477,-0.004186633443590412,0.01638061492431329,-0.002079791142604244,0.3515313588495035,60.86576800147385,0.01687640952804669
ATLAS (C/2025 N1),2462769.5,A.D. 2030-Sep-25 00:00:00.0000,12.5,-7.796057488517415,4.5,60.37029992049958,-3.677373925676864,-0.002131154222391481,0.01630369888328569,-0.002079226253992511,0.3522059916593234,60.98257705152012,0.01653783643469373
ATLAS (C/2025 N1),2462776.5,A.D. 2030-Oct-02 00:00:00.0000,12.5,-7.803740346382015,4.5,60.48490954517823,-3.69192528707126,-6.714490982883278e-05,0.01648625084360928,-0.002078491833823926,0.3528720213275244,61.0978965137709,0.01645501836205402
ATLAS (C/2025 N1),2462783.5,A.D. 2030-Oct-09 00:00:00.0000,12.5,-7.797103475278017,4.5,60.60169778797026,-3.70647671013366,0.001953541814107527,0.01692109713238056,-0.002079231406664422,0.3535399737126858,61.21354888414358,0.01662902883967565
ATLAS (C/2025 N1),2462790.5,A.D. 2030-Oct-16 00:00:00.0000,12.5,-7.776533920602148,4.5,60.72233599235241,-3.721033996639517,0.003912725866980248,0.01758487464849492,-0.002079803482786741,0.3542197791763303,61.33125355143625,0.01704035349533506
ATLAS (C/2025 N1),2462797.5,A.D. 2030-Oct-23 00:00:00.0000,12.5,-7.742498932043775,4.5,60.8484280864261,-3.73559101200483,0.005796839068246761,0.01848098297555308,-0.002079176896365594,0.354921091666245,61.45268204489239,0.0176953008656534
ATLAS (C/2025 N1),2462804.5,A.D. 2030-Oct-30 00:00:00.0000,12.5,-7.695635534110498,4.5,60.98163257043856,-3.750142441183066,0.007569360039481556,0.01961707262549704,-0.002078611854615707,0.3556540499959474,61.57958984565421,0.01860722314442245
ATLAS (C/2025 N1),2462811.5,A.D. 2030-Nov-06 00:00:00.0000,12.5,-7.636909445937942,4.5,61.1235677859041,-3.764695569476126,0.00918085666032662,0.02096749137169741,-0.002079545142150019,0.3564288438171118,61.71374123721802,0.01975772881607589
ATLAS (C/2025 N1),2462818.5,A.D. 2030-Nov-13 00:00:00.0000,12.5,-7.567503937533348,4.5,61.27559146592762,-3.779254892335553,0.01062037313008914,0.02249642701371356,-0.002080053152945205,0.3572543487517931,61.85667298590416,0.02111289119942706
ATLAS (C/2025 N1),2462825.5,A.D. 2030-Nov-20 00:00:00.0000,12.5,-7.48864758781035,4.5,61.43891254832267,-3.793813410238901,0.01187783132906881,0.02419454672086634,-0.002079381548310959,0.3581386221595819,62.00978018027936,0.02266459466096785
ATLAS (C/2025 N1),2462832.5,A.D. 2030-Nov-27 00:00:00.0000,12.5,-7.401708980823031,4.5,61.61469435795351,-3.808366722271234,0.01292218625254254,0.02605391109811724,-0.002078979131440815,0.3590895494327733,62.17442813369599,0.02440834709053781
ATLAS (C/2025 N1),2462839.5,A.D. 2030-Dec-04 00:00:00.0000,12.5,-7.308329549001597,4.5,61.80394488436893,-3.822923042937046,0.0137153831873812,0.02803240021756144,-0.002080038705717459,0.360114290940273,62.3518566255981,0.02630600425494669
ATLAS (C/2025 N1),2462846.5,A.D. 2030-Dec-11 00:00:00.0000,12.5,-7.21026890109921,4.5,62.00731834320491,-3.837485519107563,0.01426143115042134,0.03008482682674002,-0.002080449369437956,0.361218009917938,62.54295964256147,0.02831069052831198
ATLAS (C/2025 N1),2462853.5,A.D. 2030-Dec-18 00:00:00.0000,12.5,-7.109241342078463,4.5,62.22526328259789,-3.852046567451076,0.01456181438810888,0.03219332574523037,-0.002079739582836478,0.3624045926045,62.74841006596386,0.03040277784395737
ATLAS (C/2025 N1),2462860.5,A.D. 2030-Dec-25 00:00:00.0000,12.5,-7.007016657289227,4.5,62.45811595836279,-3.866602883566992,0.01459862628083633,0.03433955336802252,-0.002079494795470639,0.363677246647624,62.96876328278196,0.03256426619114178
ATLAS (C/2025 N1),2462867.5,A.D. 2031-Jan-01 00:00:00.0000,12.5,-6.905526851666042,4.5,62.70598477331482,-3.881163123698152,0.0143527645334937,0.03647246255776794,-0.002080594149888047,0.3650379001335598,63.20435313080124,0.03474449618456366
ATLAS (C/2025 N1),2462874.5,A.D. 2031-Jan-08 00:00:00.0000,12.5,-6.806679898209826,4.5,62.96858977442233,-3.895728985721983,0.0138481099805901,0.03854592984070467,-0.002080857114754851,0.366486146870416,63.45510928007589,0.03689268955198326
ATLAS (C/2025 N1),2462881.5,A.D. 2031-Jan-15 00:00:00.0000,12.5,-6.712215029443637,4.5,63.24544886821763,-3.910292594441676,0.01310208737694514,0.04054276399826241,-0.002080101683634936,0.3680202256079562,63.72072677958064,0.03898786488143156
ATLAS (C/2025 N1),2462888.5,A.D. 2031-Jan-22 00:00:00.0000,12.5,-6.623817471204083,4.5,63.5359684820714,-3.924851989327601,0.01211272220779621,0.04244399033469017,-0.002080015493711841,0.3696376271919872,64.00077118273441,0.04100968278380306
ATLAS (C/2025 N1),2462895.5,A.D. 2031-Jan-29 00:00:00.0000,12.5,-6.543206772490189,4.5,63.83932526508443,-3.939415896996325,0.01088178146512012,0.04420054333318697,-0.002081072773974676,0.37133447983187,64.29457210976923,0.04290765514420271
ATLAS (C/2025 N1),2462902.5,A.D. 2031-Feb-05 00:00:00.0000,12.5,-6.471935507054179,4.5,64.15435211098927,-3.953984406559789,0.00945140324323569,0.0457762060474691,-0.002081136322961219,0.3731047798605119,64.60109005795165,0.04464015617716494
ATLAS (C/2025 N1),2462909.5,A.D. 2031-Feb-12 00:00:00.0000,12.5,-6.411278806993645,4.5,64.47975494139887,-3.968549600402344,0.00785243710840508,0.04716456904026541,-0.00208031980250004,0.3749415915345168,64.91912414053898,0.04619704258247644
ATLAS (C/2025 N1),2462916.5,A.D. 2031-Feb-19 00:00:00.0000,12.5,-6.362371869942765,4.5,64.81419910395299,-3.983111086041212,0.006094638476659771,0.04835565493492939,-0.002080392095447855,0.3768376498665317,65.24741646396464,0.04756729524893885
ATLAS (C/2025 N1),2462923.5,A.D. 2031-Feb-26 00:00:00.0000,12.5,-6.326288434139503,4.5,65.1561827715686,-3.997677457140875,0.004195628826756748,0.04931156599859782,-0.002081350715319986,0.3787846961541084,65.58453707822684,0.04871165308159047
ATLAS (C/2025 N1),2462930.5,A.D. 2031-Mar-05 00:00:00.0000,12.5,-6.303837394748127,4.5,65.50396768223959,-4.012247086232628,0.002207895887708044,0.05001395281848958,-0.00208118368965621,0.3807729756794033,65.92879700628774,0.04960722027592242
ATLAS (C/2025 N1),2462937.5,A.D. 2031-Mar-12 00:00:00.0000,12.5,-6.295498717333572,4.5,65.85581010397286,-4.026812198962234,0.000167546978740206,0.05047296252975084,-0.002080296608694581,0.3827925471988677,66.27847497518476,0.05026156695613562
ATLAS (C/2025 N1),2462944.5,A.D. 2031-Mar-19 00:00:00.0000,12.5,-6.301585428515295,4.5,66.21003357391648,-4.041374074304794,-0.001912620266226594,0.05069226253659981,-0.002080519967038821,0.3848338089495941,66.63190849120626,0.05067837887890476
ATLAS (C/2025 N1),2462951.5,A.D. 2031-Mar-26 00:00:00.0000,12.5,-6.322314308956185,4.5,66.56488510225948,-4.055941057113646,-0.004007876870732236,0.0506486751414599,-0.002081350887954205,0.3868867189721294,66.9873588429714,0.05083353328147092
ATLAS (C/2025 N1),2462958.5,A.D. 2031-Apr-02 00:00:00.0000,12.5,-6.357604823359542,4.5,66.91850335973035,-4.070509860552062,-0.006065374895280224,0.05034359624017766,-0.002080956788890556,0.3889405008291191,67.34296014819292,0.05072467735960045
ATLAS (C/2025 N1),2462965.5,A.D. 2031-Apr-09 00:00:00.0000,12.5,-6.407064323290526,4.5,67.2691464199163,-4.085073017868468,-0.00805296797200547,0.04980320207853074,-0.002080010256239014,0.3909849465113554,67.69694494486615,0.05037615468679547
ATLAS (C/2025 N1),2462972.5,A.D. 2031-Apr-16 00:00:00.0000,12.5,-6.470167436207007,4.5,67.6152404973216,-4.099633409211375,-0.009963143414378088,0.04904343436880611,-0.002080370549591088,0.3930107953294474,68.04770979432823,0.04980440315471902
ATLAS (C/2025 N1),2462979.5,A.D. 2031-Apr-23 00:00:00.0000,12.5,-6.546314096667534,4.5,67.95521456120635,-4.114198997085222,-0.01177194271351932,0.04805392659214115,-0.002081061829728189,0.3950088083517406,68.39365502515155,0.04899781460529423
ATLAS (C/2025 N1),2462986.5,A.D. 2031-Apr-30 00:00:00.0000,12.5,-6.634629314035219,4.5,68.28750007183072,-4.128765052407739,-0.0134338933391491,0.04685258057366874,-0.002080474999954902,0.3969696419206953,68.73316283318351,0.04797050155125106
ATLAS (C/2025 N1),2462993.5,A.D. 2031-May-07 00:00:00.0000,12.5,-6.733993071872024,4.5,68.61074406574244,-4.143324626692335,-0.01492726241261479,0.04547683944068148,-0.002079508347189213,0.3988850771560376,69.06481016341816,0.0467580515164992
ATLAS (C/2025 N1),2463000.5,A.D. 2031-May-14 00:00:00.0000,12.5,-6.843226343501869,4.5,68.92382778254363,-4.157881991184323,-0.01625469230805555,0.04395000755124408,-0.002079988751339846,0.4007482209336308,69.38740350840882,0.04538411121697149
ATLAS (C/2025 N1),2463007.5,A.D. 2031-May-21 00:00:00.0000,12.5,-6.961129335632076,4.5,69.22568250893781,-4.172444512039523,-0.01739763742150116,0.0422700588148203,-0.002080536198757547,0.4025524565893046,69.69979722826821,0.04384462966528655
ATLAS (C/2025 N1),2463014.5,A.D. 2031-May-28 00:00:00.0000,12.5,-7.08628075708152,4.5,69.51531857309793,-4.187006311665464,-0.018321993999662,0.04046608617502,-0.002079806018194534,0.4042914775504803,70.00089937380379,0.04216454149450383
ATLAS (C/2025 N1),2463021.5,A.D. 2031-Jun-04 00:00:00.0000,12.5,-7.217105388094521,4.5,69.79201915388998,-4.201561234127333,-0.01901931641230528,0.03858102719956891,-0.00207888322575869,0.4059604261237749,70.2898688614791,0.04038486344329308
ATLAS (C/2025 N1),2463028.5,A.D. 2031-Jun-11 00:00:00.0000,12.5,-7.352057697604663,4.5,70.05532700661,-4.216114696740657,-0.01950376224695715,0.03664003836774999,-0.002079470071142107,0.4075559165967443,70.56611947335662,0.03853109621682439
ATLAS (C/2025 N1),2463035.5,A.D. 2031-Jun-18 00:00:00.0000,12.5,-7.489634722408524,4.5,70.30484882283481,-4.230673160051407,-0.01976394595332261,0.03464501073230539,-0.0020798730667043,0.409074911606526,70.82912530635927,0.03660268610984645
ATLAS (C/2025 N1),2463042.5,A.D. 2031-Jun-25 00:00:00.0000,12.5,-7.628177170766754,4.5,70.54031287132874,-4.245229886688263,-0.01977833358524023,0.03263108803380325,-0.002079048371011318,0.4105149213884066,71.0784552710903,0.03463082900239597
ATLAS (C/2025 N1),2463049.5,A.D. 2031-Jul-02 00:00:00.0000,12.5,-7.765968325357392,4.5,70.76174250659308,-4.25977980205127,-0.01955225990284291,0.03064175735715723,-0.002078243186547442,0.4118750549088919,71.31395508988264,0.03265783296643316
ATLAS (C/2025 N1),2463056.5,A.D. 2031-Jul-09 00:00:00.0000,12.5,-7.901409788484981,4.5,70.96941113807395,-4.274329281711617,-0.01911073267354585,0.02869932655944374,-0.002078930359904811,0.4131558722569536,71.53572173913561,0.03070720495583003
ATLAS (C/2025 N1),2463063.5,A.D. 2031-Jul-16 00:00:00.0000,12.5,-8.03300555697517,4.5,71.16364298821057,-4.288883520969389,-0.01844973529806834,0.02680613689960509,-0.002079190734845839,0.4143582336195431,71.74390415560286,0.02877940103164966
ATLAS (C/2025 N1),2463070.5,A.D. 2031-Jul-23 00:00:00.0000,12.5,-8.159170778966002,4.5,71.34489793252014,-4.303435156335361,-0.01756019646923437,0.02499895172688284,-0.002078310482118185,0.4154836629518835,71.93876620395177,0.02690855400807978
ATLAS (C/2025 N1),2463077.5,A.D. 2031-Jul-30 00:00:00.0000,12.5,-8.278356521389249,4.5,71.51392396775537,-4.317980426600709,-0.01646067282589934,0.02331779248896371,-0.002077686654379545,0.416535309600527,72.12085317663424,0.0251353871709315
ATLAS (C/2025 N1),2463084.5,A.D. 2031-Aug-06 00:00:00.0000,12.5,-8.389214561689137,4.5,71.67168072062023,-4.332526543213328,-0.01518557454912182,0.02177814261688778,-0.002078471830905291,0.4175176299304322,72.29093666932413,0.02347840877482725
ATLAS (C/2025 N1),2463091.5,A.D. 2031-Aug-13 00:00:00.0000,12.5,-8.490550107027127,4.5,71.81914294737356,-4.347077120459672,-0.01373780010538365,0.02037988433783186,-0.002078593881830224,0.4184352394555486,72.44981583348878,0.02193715879449553
ATLAS (C/2025 N1),2463098.5,A.D. 2031-Aug-20 00:00:00.0000,12.5,-8.581145268856146,4.5,71.95740921402634,-4.361624353723701,-0.0121200398952163,0.01915715583409756,-0.002077687886602778,0.4192934250115709,72.59840605635259,0.02054542654371872
ATLAS (C/2025 N1),2463105.5,A.D. 2031-Aug-27 00:00:00.0000,12.5,-8.659903738607168,4.5,72.08783131286124,-4.376165958732574,-0.0103628584460765,0.01814270289858619,-0.002077295302983496,0.4200989989417295,72.73788685858182,0.01933930324974322
ATLAS (C/2025 N1),2463112.5,A.D. 2031-Sep-03 00:00:00.0000,12.5,-8.726001720753342,4.5,72.21190661777052,-4.39070992569798,-0.008508023029914992,0.0173413049335305,-0.002078187814844873,0.420859801469948,72.86961573286786,0.0183288250188111
ATLAS (C/2025 N1),2463119.5,A.D. 2031-Sep-10 00:00:00.0000,12.5,-8.778806140813206,4.5,72.33108899283941,-4.405258146252642,-0.006564046973217028,0.01674731685325816,-0.002078200899637204,0.4215835707875476,72.99493250550452,0.01750986170070987
ATLAS (C/2025 N1),2463126.5,A.D. 2031-Sep-17 00:00:00.0000,12.5,-8.817718416565675,4.5,72.44691658858733,-4.419802544499455,-0.004543669287459745,0.01638763274818982,-0.002077308819896993,0.4222785754244224,73.11526882806311,0.01691137260074785
ATLAS (C/2025 N1),2463133.5,A.D. 2031-Sep-24 00:00:00.0000,12.5,-8.84233126208165,4.5,72.56111519406032,-4.434342313231668,-0.002486907664753017,0.01628358207246395,-0.002077179379331946,0.4229543289874722,73.23227193051568,0.01656040196986624
ATLAS (C/2025 N1),2463140.5,A.D. 2031-Oct-01 00:00:00.0000,12.5,-8.852561381065723,4.5,72.6754612097573,-4.448886044446986,-0.000439461008902194,0.01642525698111087,-0.002078171976399819,0.4236209070512214,73.34768634451225,0.01645381187324896
ATLAS (C/2025 N1),2463147.5,A.D. 2031-Oct-08 00:00:00.0000,12.5,-8.848529026185897,4.5,72.79160461082735,-4.463433845173698,0.001587660060628757,0.01679821994841039,-0.002078098241341933,0.4242878481875094,73.46316362257016,0.01657968868318662
ATLAS (C/2025 N1),2463154.5,A.D. 2031-Oct-15 00:00:00.0000,12.5,-8.830424311756365,4.5,72.91121224442298,-4.477977530533025,0.003575492391008629,0.01741758040803288,-0.002077242249587436,0.4249648816517231,73.58038833303962,0.01695649696017187
ATLAS (C/2025 N1),2463161.5,A.D. 2031-Oct-22 00:00:00.0000,12.5,-8.79866633417116,4.5,73.03604339276347,-4.492517636570353,0.005479643898373657,0.01828945288297145,-0.002077365284199347,0.4256624748035777,73.70117284307354,0.01759684773316993
ATLAS (C/2025 N1),2463168.5,A.D. 2031-Oct-29 00:00:00.0000,12.5,-8.75401138731173,4.5,73.1677891278082,-4.507063098328088,0.007256363977342772,0.01938629151615791,-0.002078417798607562,0.4263909821544699,73.82730998074426,0.01847957561036929
ATLAS (C/2025 N1),2463175.5,A.D. 2031-Nov-05 00:00:00.0000,12.5,-8.697390178829583,4.5,73.3079143456014,-4.521612321288069,0.008898025428956348,0.02068278192180577,-0.002078268770052655,0.4271596113072281,73.9603939930613,0.01958100888955776
ATLAS (C/2025 N1),2463182.5,A.D. 2031-Nov-12 00:00:00.0000,12.5,-8.629796066152984,4.5,73.4578169298298,-4.536157298179391,0.01038612041936443,0.02217973032346421,-0.002077471540096289,0.4279772476824343,74.1019633429075,0.02090455011342205
ATLAS (C/2025 N1),2463189.5,A.D. 2031-Nov-19 00:00:00.0000,12.5,-8.552437320585526,4.5,73.61887777485111,-4.550699735680082,0.01167983111628168,0.02386669464348338,-0.002077813386785427,0.4288528375702201,74.2535670324014,0.02244476358171545
ATLAS (C/2025 N1),2463196.5,A.D. 2031-Nov-26 00:00:00.0000,12.5,-8.466815376503707,4.5,73.79228783112272,-4.565248529641246,0.01274555091681135,0.02569899803780656,-0.002078862815246286,0.4297944314308689,74.41659895553177,0.02416079455845365
ATLAS (C/2025 N1),2463203.5,A.D. 2031-Dec-03 00:00:00.0000,12.5,-8.37452085188503,4.5,73.97892001353634,-4.579800506453428,0.01358691209560874,0.02764203337691821,-0.002078630958163962,0.4308082885504014,74.5921428740774,0.02601699774111849
ATLAS (C/2025 N1),2463210.5,A.D. 2031-Dec-10 00:00:00.0000,12.5,-8.277144019159627,4.5,74.17950943485076,-4.594348188186504,0.01419405654219574,0.02968451869795177,-0.002077912109356734,0.4318998398448279,74.78113912199596,0.02800229390630885
ATLAS (C/2025 N1),2463217.5,A.D. 2031-Dec-17 00:00:00.0000,12.5,-8.17641676037252,4.5,74.3946846155085,-4.608894339009418,0.01453844283596327,0.03180306953292332,-0.002078427863210593,0.4330739521432961,74.98443036463256,0.03009539718408553
ATLAS (C/2025 N1),2463224.5,A.D. 2031-Dec-24 00:00:00.0000,12.5,-8.07426037864376,4.5,74.6247964996905,-4.623447342210069,0.0146044909646182,0.03394198713986033,-0.002079397222154258,0.43433396230294,75.20259436088988,0.03224100743500985
ATLAS (C/2025 N1),2463231.5,A.D. 2031-Dec-31 00:00:00.0000,12.5,-7.972551090128888,4.5,74.86983215056273,-4.638002560654623,0.01441356246971697,0.03606421678216564,-0.002079052263380479,0.4356810173699822,75.4358297156649,0.03439813220645357
ATLAS (C/2025 N1),2463238.5,A.D. 2032-Jan-07 00:00:00.0000,12.5,-7.873058281355312,4.5,75.12962148973305,-4.65255337324526,0.01397029840488507,0.03815429669977979,-0.002078418095480856,0.4371152248581869,75.68415504438873,0.03654924660532458
ATLAS (C/2025 N1),2463245.5,A.D. 2032-Jan-14 00:00:00.0000,12.5,-7.777581774783666,4.5,75.4038565023492,-4.667103614679101,0.01326351769311625,0.04018464820795041,-0.002079065908292278,0.4386358535157315,75.94744373473321,0.03866650969666422
ATLAS (C/2025 N1),2463252.5,A.D. 2032-Jan-21 00:00:00.0000,12.5,-7.687975438451588,4.5,75.69193211425589,-4.681660713771937,0.01229899321109611,0.04209933434071284,-0.002079882264959461,0.4402404333686553,76.2252681239642,0.04069205630464667
ATLAS (C/2025 N1),2463259.5,A.D. 2032-Jan-28 00:00:00.0000,12.5,-7.605901631436481,4.5,75.9929082861852,-4.69621867216074,0.01111655526411239,0.04386908478238037,-0.002079384943930167,0.441924393804206,76.51683683501555,0.04259132096736105
ATLAS (C/2025 N1),2463266.5,A.D. 2032-Feb-04 00:00:00.0000,12.5,-7.532807327833085,4.5,76.30574086413371,-4.710771947033305,0.009734949866826768,0.04548484313783473,-0.002078825631868942,0.4436823946179997,76.8212252401609,0.04435253427481929
ATLAS (C/2025 N1),2463273.5,A.D. 2032-Feb-11 00:00:00.0000,12.5,-7.47006758991343,4.5,76.62928947115576,-4.725325521945065,0.008158451939281077,0.0469249775787321,-0.002079571587607972,0.4455084728749509,77.13740088919515,0.04595319669484507
ATLAS (C/2025 N1),2463280.5,A.D. 2032-Feb-18 00:00:00.0000,12.5,-7.418993217882941,4.5,76.96216967201083,-4.739885586125029,0.006410638821164049,0.0481440898864116,-0.002080185271263603,0.4473952083312163,77.46407900672371,0.04734546664488752
ATLAS (C/2025 N1),2463287.5,A.D. 2032-Feb-25 00:00:00.0000,12.5,-7.380593999800544,4.5,77.30276087095945,-4.754444916731248,0.004543498530504626,0.04912934510635929,-0.002079510012457087,0.4493336466993754,77.79970920594023,0.04851158510540085
ATLAS (C/2025 N1),2463294.5,A.D. 2032-Mar-03 00:00:00.0000,12.5,-7.355600584241832,4.5,77.64944771475744,-4.768999137745515,0.0025831218687902,0.04988587726530121,-0.002079009437893264,0.4513147212200446,78.14272162612181,0.04945470441119629
ATLAS (C/2025 N1),2463301.5,A.D. 2032-Mar-10 00:00:00.0000,12.5,-7.344621220260266,4.5,78.00061049944502,-4.783554402429973,0.0005414318775126409,0.05040433984948017,-0.002079822621394084,0.4533293001829906,78.49153516065434,0.05016517519528244
ATLAS (C/2025 N1),2463308.5,A.D. 2032-Mar-17 00:00:00.0000,12.5,-7.348136554019129,4.5,78.35447994483076,-4.798115538433066,-0.00154848531359854,0.05065569394683429,-0.002080214625166242,0.4553673558963037,78.84441356850559,0.05061183115572316
ATLAS (C/2025 N1),2463315.5,A.D. 2032-Mar-24 00:00:00.0000,12.5,-7.366282992362769,4.5,78.709182709548,-4.812674354733262,-0.003632544886527879,0.05064659481507664,-0.00207936790065611,0.4574181131214903,79.19949117496458,0.05079726775282886
ATLAS (C/2025 N1),2463322.5,A.D. 2032-Mar-31 00:00:00.0000,12.5,-7.398920400211551,4.5,79.06297436058476,-4.82722763455507,-0.005686416893645752,0.05039794535316621,-0.002078918788718773,0.459471434887876,79.55501281796744,0.05074124280144977
ATLAS (C/2025 N1),2463329.5,A.D. 2032-Apr-07 00:00:00.0000,12.5,-7.445799935285506,4.5,79.41420508574387,-4.841782580480575,-0.007699595387647909,0.04991295768464214,-0.002079768485323556,0.461517718725621,79.90931588140103,0.05044715058817362
ATLAS (C/2025 N1),2463336.5,A.D. 2032-Apr-14 00:00:00.0000,12.5,-7.506542274753439,4.5,79.76116882820895,-4.856342602508684,-0.00963794071597348,0.04917861720946903,-0.002079941341192996,0.4635470120532393,80.26067712919978,0.04989980960050031
ATLAS (C/2025 N1),2463343.5,A.D. 2032-Apr-21 00:00:00.0000,12.5,-7.580442935693263,4.5,80.10217955814042,-4.870898940950965,-0.01145423565137606,0.0482185490228552,-0.002078965060313771,0.4655493374680661,80.6073690276443,0.049119150371248
ATLAS (C/2025 N1),2463350.5,A.D. 2032-Apr-28 00:00:00.0000,12.5,-7.666579194151254,4.5,80.43577999090655,-4.885449521173758,-0.01313297395732141,0.04706572618193085,-0.002078579248733054,0.4675159462737337,80.94787678691551,0.04813724991741681
ATLAS (C/2025 N1),2463357.5,A.D. 2032-May-05 00:00:00.0000,12.5,-7.763980134590869,4.5,80.76067972140804,-4.900002324794388,-0.01467136671157011,0.04573188875657293,-0.002079437645392261,0.4694390470802913,81.28085136966247,0.04696599267342438
ATLAS (C/2025 N1),2463364.5,A.D. 2032-May-12 00:00:00.0000,12.5,-7.871582305565403,4.5,81.07559678385019,-4.914559276535905,-0.01603974619451244,0.04421599125948013,-0.002079402823327447,0.4713108574211318,81.60494528356314,0.04560159187150298
ATLAS (C/2025 N1),2463371.5,A.D. 2032-May-19 00:00:00.0000,12.5,-7.988054972758011,4.5,81.37936202527278,-4.929111509635528,-0.01720307325964174,0.04255337218822414,-0.002078362152621927,0.4731240927410849,81.91889724698835,0.0440756647824686
ATLAS (C/2025 N1),2463378.5,A.D. 2032-May-26 00:00:00.0000,12.5,-8.111937843671258,4.5,81.67109468675315,-4.943658142112121,-0.01815807481536397,0.04078329282371501,-0.002078072457030378,0.4748730426372642,82.221718534328,0.04242658370697824
ATLAS (C/2025 N1),2463385.5,A.D. 2032-Jun-02 00:00:00.0000,12.5,-8.241803378829612,4.5,81.95011459849691,-4.958207570331128,-0.01891222623592119,0.03892080650246867,-0.002078918195561997,0.4765531482890495,82.51261981026025,0.04066945297443692
ATLAS (C/2025 N1),2463392.5,A.D. 2032-Jun-09 00:00:00.0000,12.5,-8.376186422675266,4.5,82.21578018596264,-4.972760138152245,-0.01944274826809988,0.03697205533504279,-0.002078690835602643,0.4781600198872669,82.79084100288831,0.03880718266078027
ATLAS (C/2025 N1),2463399.5,A.D. 2032-Jun-16 00:00:00.0000,12.5,-8.513428612223727,4.5,82.46762033642915,-4.987307284364513,-0.01972877373239545,0.03497871872284514,-0.002077654688531493,0.4796900934594709,83.05576502951212,0.03687803132680748
ATLAS (C/2025 N1),2463406.5,A.D. 2032-Jun-23 00:00:00.0000,12.5,-8.651839934722668,4.5,82.70547347367163,-5.001849440074568,-0.01977992407757476,0.03298092977095936,-0.0020775078799883,0.4811415190259604,83.30707157607593,0.03492173564544058
ATLAS (C/2025 N1),2463413.5,A.D. 2032-Jun-30 00:00:00.0000,12.5,-8.78984561958857,4.5,82.92937707001425,-5.016395052847059,-0.01961389750628077,0.03099255140718663,-0.002078328839184578,0.4825136106611023,83.54464187823797,0.03295270372463246
ATLAS (C/2025 N1),2463420.5,A.D. 2032-Jul-07 00:00:00.0000,12.5,-8.925890078055554,4.5,83.13940865563347,-5.030942789727319,-0.01921546218330579,0.02902285189318077,-0.00207792930718508,0.4838058722969732,83.76839004449987,0.03097721932143337
ATLAS (C/2025 N1),2463427.5,A.D. 2032-Jul-14 00:00:00.0000,12.5,-9.058302238539188,4.5,83.33584319433119,-5.045484695189901,-0.01857807035017981,0.02711529264079973,-0.002076956059868186,0.4850188178600285,83.9784050584689,0.0290365219515395
ATLAS (C/2025 N1),2463434.5,A.D. 2032-Jul-21 00:00:00.0000,12.5,-9.185475609428666,4.5,83.51925496705577,-5.060022633576811,-0.01772365050801521,0.02530647771885142,-0.002076999370954728,0.4861546712237795,84.17507197190739,0.02716823323846354
ATLAS (C/2025 N1),2463441.5,A.D. 2032-Jul-28 00:00:00.0000,12.5,-9.305994562090977,4.5,83.69038679813544,-5.074564813088209,-0.01667890381689278,0.02360547477335717,-0.00207779342748853,0.4872167011751999,84.35895675773511,0.02538330347212585
ATLAS (C/2025 N1),2463448.5,A.D. 2032-Aug-04 00:00:00.0000,12.5,-9.41851502408571,4.5,83.85000036020466,-5.089108180919849,-0.01543617362754886,0.02202123590892989,-0.002077249681771816,0.4882082919393132,84.53064537635068,0.02368889781398654
ATLAS (C/2025 N1),2463455.5,A.D. 2032-Aug-11 00:00:00.0000,12.5,-9.521653668878114,4.5,83.99905388686639,-5.103645563443639,-0.01400251646096467,0.02059487406706039,-0.002076382231594992,0.4891338999338861,84.69090943257135,0.02212603667035274
ATLAS (C/2025 N1),2463462.5,A.D. 2032-Aug-18 00:00:00.0000,12.5,-9.614181339734143,4.5,84.1387670870194,-5.118180300193425,-0.01241105931101611,0.0193555541409498,-0.002076649071370183,0.4899995627975663,84.84079431112299,0.02072709614738754
ATLAS (C/2025 N1),2463469.5,A.D. 2032-Aug-25 00:00:00.0000,12.5,-9.695124692172586,4.5,84.27047096343557,-5.132720148575703,-0.01069564585883176,0.0183041583687419,-0.002077420250867269,0.4908121157006091,84.98148348504871,0.01949669993296916
ATLAS (C/2025 N1),2463476.5,A.D. 2032-Sep-01 00:00:00.0000,12.5,-9.763625642594729,4.5,84.39547253147029,-5.147260409748379,-0.008855674642569995,0.01744583222875298,-0.002076768796697063,0.4915783311808578,85.1141495829257,0.01843997060619546
ATLAS (C/2025 N1),2463483.5,A.D. 2032-Sep-08 00:00:00.0000,12.5,-9.818856425267272,4.5,84.51524493362903,-5.161794765172025,-0.006910138729600905,0.0168149554815742,-0.002076035443210107,0.4923059649115428,85.24013545794656,0.01759365822172923
ATLAS (C/2025 N1),2463490.5,A.D. 2032-Sep-15 00:00:00.0000,12.5,-9.860219710649396,4.5,84.63145626164338,-5.176327946219382,-0.004901336599939144,0.0164292153294435,-0.002076535156042504,0.4930040666948723,85.36100803479039,0.01698088547275501
ATLAS (C/2025 N1),2463497.5,A.D. 2032-Sep-22 00:00:00.0000,12.5,-9.887421310160901,4.5,84.7458004592144,-5.19086707179065,-0.002867241357923155,0.01627764575223051,-0.002077281471737853,0.493682067156578,85.47840017568537,0.01659594273223213
ATLAS (C/2025 N1),2463504.5,A.D. 2032-Sep-29 00:00:00.0000,12.5,-9.90030800546481,4.5,84.85988129472213,-5.205406023491767,-0.0008123285128885395,0.01635784635191864,-0.002076565146571575,0.4943490064798032,85.59387713982119,0.01643781791265418
ATLAS (C/2025 N1),2463511.5,A.D. 2032-Oct-06 00:00:00.0000,12.5,-9.898808191546522,4.5,84.97540658216056,-5.219939369762348,0.001236042340751695,0.01669283020543367,-0.002075982827311034,0.4950146154046113,85.70912375261177,0.01653360961019059
ATLAS (C/2025 N1),2463518.5,A.D. 2032-Oct-13 00:00:00.0000,12.5,-9.88312953387151,4.5,85.09418350466206,-5.234473020925979,0.003230498909292289,0.01728490461896595,-0.002076698156753876,0.4956894259385689,85.82596357463858,0.01689218234690286
ATLAS (C/2025 N1),2463525.5,A.D. 2032-Oct-20 00:00:00.0000,12.5,-9.853797811536076,4.5,85.21793330350324,-5.249013233063906,0.005134148873653214,0.01810793762497843,-0.002077397072402963,0.4963837304180272,85.94617866869848,0.01749274329429873
ATLAS (C/2025 N1),2463532.5,A.D. 2032-Oct-27 00:00:00.0000,12.5,-9.811470413986346,4.5,85.34820119782017,-5.263552806802135,0.006942044506779428,0.01914904197230386,-0.0020766577261577,0.497106931387414,86.0713970348926,0.0183238018045736
ATLAS (C/2025 N1),2463539.5,A.D. 2032-Nov-03 00:00:00.0000,12.5,-9.756900512761163,4.5,85.48654969876517,-5.278087276560607,0.008624830444640954,0.02041639752578429,-0.002076235325983431,0.4978686241901151,86.20328005542689,0.01939757187141813
ATLAS (C/2025 N1),2463546.5,A.D. 2032-Nov-10 00:00:00.0000,12.5,-9.691121738846329,4.5,85.63452644155898,-5.292623420231897,0.01013704530349819,0.0218948959985005,-0.002077125235297603,0.4986785282496292,86.34351059631285,0.02070466141034813
ATLAS (C/2025 N1),2463553.5,A.D. 2032-Nov-17 00:00:00.0000,12.5,-9.615449536273251,4.5,85.79347046753303,-5.307166349636865,0.01145060148627737,0.02354237360584014,-0.00207772708871938,0.4995453596098685,86.49359779377198,0.02220633834431941
ATLAS (C/2025 N1),2463560.5,A.D. 2032-Nov-24 00:00:00.0000,12.5,-9.53126860770623,4.5,85.96445825976092,-5.321708132324684,0.0125672875194062,0.02533565799855245,-0.002076991699916906,0.5004763652313317,86.65479642011788,0.02387908287350413
ATLAS (C/2025 N1),2463567.5,A.D. 2032-Dec-01 00:00:00.0000,12.5,-9.44001996063849,4.5,86.14849701106463,-5.336245454309762,0.01346423106791411,0.02726842492782236,-0.002076731774527665,0.5014784166791023,86.82829624996282,0.02571872604085315
ATLAS (C/2025 N1),2463574.5,A.D. 2032-Dec-08 00:00:00.0000,12.5,-9.343364868329623,4.5,86.34647458332435,-5.350785629761792,0.01410661087689363,0.02931056005784605,-0.002077739292323997,0.5025578168658946,87.01518859881348,0.02769835810204823
ATLAS (C/2025 N1),2463581.5,A.D. 2032-Dec-15 00:00:00.0000,12.5,-9.243150444020202,4.5,86.55897042664128,-5.365332320377784,0.0144834377186255,0.03140799886574903,-0.002078176999324733,0.5037191737882171,87.21627131653268,0.02976418874869238
ATLAS (C/2025 N1),2463588.5,A.D. 2032-Dec-22 00:00:00.0000,12.5,-9.14117603859871,4.5,86.78624931382086,-5.379877131766803,0.01461046470119489,0.03353272027513141,-0.002077445773661593,0.5049652053976096,87.43201500184146,0.03188532936225143
ATLAS (C/2025 N1),2463595.5,A.D. 2032-Dec-29 00:00:00.0000,12.5,-9.039207944465591,4.5,87.02845927108042,-5.394418146511849,0.01447858962520761,0.03566988510540436,-0.002077341999555999,0.5062978859187646,87.66276148114895,0.03404668255580449
ATLAS (C/2025 N1),2463602.5,A.D. 2033-Jan-05 00:00:00.0000,12.5,-8.939122519784185,4.5,87.28557307255387,-5.408962962260459,0.01407034315438329,0.03778228872242453,-0.002078405919536406,0.5077181941139732,87.90868022189254,0.036211602931375
ATLAS (C/2025 N1),2463609.5,A.D. 2033-Jan-12 00:00:00.0000,12.5,-8.842845369968124,4.5,87.55721679351986,-5.42351354170279,0.0133965445664091,0.03981342604429138,-0.002078616694626544,0.509225084146741,88.1695901430966,0.03832117857946072
ATLAS (C/2025 N1),2463616.5,A.D. 2033-Jan-19 00:00:00.0000,12.5,-8.75211131641556,4.5,87.84271747441817,-5.438061215339728,0.01248978822113761,0.04174024599371414,-0.002077867445640526,0.5108156192589217,88.44498276085062,0.04034784199488862
ATLAS (C/2025 N1),2463623.5,A.D. 2033-Jan-26 00:00:00.0000,12.5,-8.668516793265601,4.5,88.14130728835067,-5.452605640804943,0.01135651895230743,0.04354943079654186,-0.002077900955197967,0.5124861904913747,88.73423320324983,0.04227668878026206
ATLAS (C/2025 N1),2463630.5,A.D. 2033-Feb-02 00:00:00.0000,12.5,-8.593649491400262,4.5,88.45205945111032,-5.46715455772642,0.009997208359598267,0.04520735795804139,-0.002078966171908472,0.5142322323940313,89.03655098711913,0.04407333162699923
ATLAS (C/2025 N1),2463637.5,A.D. 2033-Feb-09 00:00:00.0000,12.5,-8.529014025102661,4.5,88.77373983815353,-5.481708139762077,0.008442310372910707,0.04666625911513706,-0.002078914391342888,0.5160473329212721,89.35082590117507,0.04568653644889724
ATLAS (C/2025 N1),2463644.5,A.D. 2033-Feb-16 00:00:00.0000,12.5,-8.475804719316363,4.5,89.10490366851313,-5.496257598736657,0.006737214012848847,0.04791771261107872,-0.002078124162615066,0.5179236750128802,89.67570446339778,0.04710330169019742
ATLAS (C/2025 N1),2463651.5,A.D. 2033-Feb-23 00:00:00.0000,12.5,-8.435004172122278,4.5,89.44409880517645,-5.510804194074071,0.004898707210986205,0.04895898576353733,-0.002078268450952159,0.5198532811344239,90.00980540651841,0.04831945425418438
ATLAS (C/2025 N1),2463658.5,A.D. 2033-Mar-02 00:00:00.0000,12.5,-8.407507433785012,4.5,89.78979034206426,-5.525355707923838,0.002939121765366672,0.04976815564056049,-0.002079289158013975,0.5218276597161821,90.35165846081684,0.04931232542605623
ATLAS (C/2025 N1),2463665.5,A.D. 2033-Mar-09 00:00:00.0000,12.5,-8.394041941022918,4.5,90.14023140884696,-5.539910632407424,0.000900473268931961,0.05031380273573008,-0.002078980593460516,0.5238370250550946,90.69956928433118,0.0500471679610287
ATLAS (C/2025 N1),2463672.5,A.D. 2033-Mar-16 00:00:00.0000,12.5,-8.39496775563538,4.5,90.49359537517712,-5.554460267928228,-0.001168047936458344,0.05060675400071721,-0.002078149022490891,0.5258709604755155,91.05173428558311,0.0505310071997211
ATLAS (C/2025 N1),2463679.5,A.D. 2033-Mar-23 00:00:00.0000,12.5,-8.41042187361132,4.5,90.84816466220752,-5.569007342544197,-0.003248349372866229,0.05065854002753525,-0.002078380793831556,0.5279195947228648,91.40644430982425,0.05077464644349881
ATLAS (C/2025 N1),2463686.5,A.D. 2033-Mar-30 00:00:00.0000,12.5,-8.44043890566248,4.5,91.20223516382444,-5.583559496539745,-0.0053251975750213,0.05046103283122447,-0.00207930932138774,0.5299731194374762,91.7620010922231,0.05076955471253185
ATLAS (C/2025 N1),2463693.5,A.D. 2033-Apr-06 00:00:00.0000,12.5,-8.484863784202055,4.5,91.55399910243524,-5.598113704292553,-0.007354443798096014,0.05000065551852049,-0.002078769714719144,0.5320210663661781,92.11659211092952,0.05049903070584089
ATLAS (C/2025 N1),2463700.5,A.D. 2033-Apr-13 00:00:00.0000,12.5,-8.543185343988608,4.5,91.90169945412092,-5.612661640502872,-0.009292355407330284,0.04930585978265995,-0.002077908420207401,0.5340531063733138,92.46842893154442,0.04998831787122321
ATLAS (C/2025 N1),2463707.5,A.D. 2033-Apr-20 00:00:00.0000,12.5,-8.614716939402749,4.5,92.2437910107561,-5.627207266741533,-0.01112758945373651,0.0484003588341975,-0.002078202225646808,0.5360600718065234,92.8159242242674,0.0492608152252782
ATLAS (C/2025 N1),2463714.5,A.D. 2033-Apr-27 00:00:00.0000,12.5,-8.69870953812676,4.5,92.57882006323506,-5.641757841607587,-0.01284934540275487,0.04728669745924438,-0.00207898737948009,0.5380333169545602,93.15758103060045,0.04831864967328705
ATLAS (C/2025 N1),2463721.5,A.D. 2033-May-04 00:00:00.0000,12.5,-8.794250313041214,4.5,92.90531574153063,-5.656309028530576,-0.01441818096994905,0.04596605940200114,-0.002078258624175103,0.539964027784457,93.49187324804312,0.04715964580116226
ATLAS (C/2025 N1),2463728.5,A.D. 2033-May-11 00:00:00.0000,12.5,-8.900129888364914,4.5,93.22195953082318,-5.670853360016745,-0.01580201715236061,0.04447917909504011,-0.002077418164448533,0.5418441161507984,93.81740045762841,0.04582153152320394
ATLAS (C/2025 N1),2463735.5,A.D. 2033-May-18 00:00:00.0000,12.5,-9.01504625596602,4.5,93.52770994348046,-5.685395859939397,-0.01700066351013266,0.04285688781803537,-0.002077786906022229,0.5436670396031952,94.13302986918693,0.0443349309771966
ATLAS (C/2025 N1),2463742.5,A.D. 2033-May-25 00:00:00.0000,12.5,-9.137704236347993,4.5,93.82165927946613,-5.699943131400535,-0.01801150748663792,0.04110720047843212,-0.002078408934845429,0.5454270209872947,94.43776119945032,0.04270724281252572
ATLAS (C/2025 N1),2463749.5,A.D. 2033-Jun-01 00:00:00.0000,12.5,-9.266694158265175,4.5,94.10293467830523,-5.71448962991682,-0.01880310336035159,0.03924141964051829,-0.002077543433119761,0.5471184007111672,94.73061452045286,0.04094608144602591
ATLAS (C/2025 N1),2463756.5,A.D. 2033-Jun-08 00:00:00.0000,12.5,-9.400392578172433,4.5,94.37088069941687,-5.729029176755584,-0.01935776843460416,0.03730656193037538,-0.002076789329749924,0.5487366220470896,95.01080085924677,0.03909578364807666
ATLAS (C/2025 N1),2463763.5,A.D. 2033-Jun-15 00:00:00.0000,12.5,-9.537178068705435,4.5,94.62514330146946,-5.743567694643156,-0.01968754160249611,0.03533526535764821,-0.002077257677765753,0.5502788292153581,95.27782575290422,0.03718912538308445
ATLAS (C/2025 N1),2463770.5,A.D. 2033-Jun-22 00:00:00.0000,12.5,-9.675512333417641,4.5,94.86550938393164,-5.758110840157214,-0.01979888623817435,0.033336194405405,-0.002077710053269107,0.5517429850783873,95.53133648198623,0.03523433503509125
ATLAS (C/2025 N1),2463777.5,A.D. 2033-Jun-29 00:00:00.0000,12.5,-9.813797713414333,4.5,95.09182111697578,-5.772651923649939,-0.01966932286419074,0.03132649390416822,-0.002076752172687809,0.5531272908961754,95.77102160431598,0.03324505079297729
ATLAS (C/2025 N1),2463784.5,A.D. 2033-Jul-06 00:00:00.0000,12.5,-9.95031248043482,4.5,95.30417064204931,-5.787186366986533,-0.01929612636755615,0.02935434583488053,-0.002076141593944813,0.5544312654056003,95.99679779176692,0.03126780433230416
ATLAS (C/2025 N1),2463791.5,A.D. 2033-Jul-13 00:00:00.0000,12.5,-10.08343001911956,4.5,95.50294148560131,-5.801720882771921,-0.01870286852518009,0.02744976368686754,-0.002076735123089143,0.5556561130988964,96.20887359570457,0.02933378983836845
ATLAS (C/2025 N1),2463798.5,A.D. 2033-Jul-20 00:00:00.0000,12.5,-10.21167850736943,4.5,95.6886369757488,-5.816259971287525,-0.01790454562622802,0.02561832873848936,-0.002077027713682609,0.5568037762164245,96.40758530462274,0.02744907412759073
ATLAS (C/2025 N1),2463805.5,A.D. 2033-Jul-27 00:00:00.0000,12.5,-10.3335801309731,4.5,95.86181086445484,-5.830795894907844,-0.01688768732004725,0.0238793393331125,-0.002076021285328315,0.5578764417039529,96.59331157644316,0.02563046857852527
ATLAS (C/2025 N1),2463812.5,A.D. 2033-Aug-03 00:00:00.0000,12.5,-10.44762222733785,4.5,96.02327113237514,-5.845325813713807,-0.01566405886202758,0.0222778298665717,-0.002075595475284531,0.5588777009323299,96.76667423775223,0.02392326508172313
ATLAS (C/2025 N1),2463819.5,A.D. 2033-Aug-10 00:00:00.0000,12.5,-10.55247345625517,4.5,96.17407813980103,-5.859857110470839,-0.0142674247924066,0.02083734819874165,-0.002076330256034113,0.5598126805946992,96.92856094795104,0.02235395174267588
ATLAS (C/2025 N1),2463826.5,A.D. 2033-Aug-17 00:00:00.0000,12.5,-10.64701932541123,4.5,96.31536644918481,-5.874393027696261,-0.01272012160140189,0.01955723186088169,-0.002076487758784404,0.5606870497644502,97.07995327666924,0.02092390210930056
ATLAS (C/2025 N1),2463833.5,A.D. 2033-Aug-24 00:00:00.0000,12.5,-10.73018775665817,4.5,96.44829310277548,-5.88892495686507,-0.01101726501792254,0.01845517233107986,-0.002075479057628163,0.5615066211916377,97.22185767037993,0.01965000030501726
ATLAS (C/2025 N1),2463840.5,A.D. 2033-Aug-31 00:00:00.0000,12.5,-10.80095534419204,4.5,96.57424471636125,-5.903451767808899,-0.009183798580225246,0.01756883976794152,-0.002075260773045084,0.562278556231853,97.35551407936637,0.01857257340238634
ATLAS (C/2025 N1),2463847.5,A.D. 2033-Sep-07 00:00:00.0000,12.5,-10.85855462795684,4.5,96.69479285667788,-5.917981321126172,-0.007261717178356033,0.01691138740154613,-0.002076131895585059,0.5630112509579954,97.48237623858665,0.01770967666953933
ATLAS (C/2025 N1),2463854.5,A.D. 2033-Sep-14 00:00:00.0000,12.5,-10.90248164013062,4.5,96.81151220961307,-5.932515578315175,-0.005278536269652219,0.01647265120524282,-0.002076185172172709,0.5637133044465836,97.60393303198596,0.01705472686617638
ATLAS (C/2025 N1),2463861.5,A.D. 2033-Sep-21 00:00:00.0000,12.5,-10.93231157479023,4.5,96.9259472148086,-5.947045359154221,-0.003236434097375773,0.01626445038832035,-0.002075221312977983,0.5643932149260499,97.7216558822045,0.01662037330800419
ATLAS (C/2025 N1),2463868.5,A.D. 2033-Sep-28 00:00:00.0000,12.5,-10.94773588039839,4.5,97.0398152068461,-5.961571102626007,-0.001170574746063162,0.01631267490776604,-0.002075217957352106,0.5650605799494333,97.83720655403783,0.01643715839582059
ATLAS (C/2025 N1),2463875.5,A.D. 2033-Oct-05 00:00:00.0000,12.5,-10.9487540527928,4.5,97.15492187799329,-5.976100868519763,0.000872339145895914,0.01661602186587984,-0.002076195308807155,0.565725739598296,97.9523753771099,0.01650990928913847
ATLAS (C/2025 N1),2463882.5,A.D. 2033-Oct-12 00:00:00.0000,12.5,-10.93564775101871,4.5,97.27297881685718,-5.990635307517352,0.002863812894035683,0.01715163056781625,-0.002076165538657145,0.5663987109606652,98.06889675644761,0.01681991082800095
ATLAS (C/2025 N1),2463889.5,A.D. 2033-Oct-19 00:00:00.0000,12.5,-10.90878799898851,4.5,97.39559123038121,-6.005165095446692,0.004798390864047708,0.01792139355334632,-0.002075289016839132,0.5670889911888038,98.18841507299095,0.01737050693839312
ATLAS (C/2025 N1),2463896.5,A.D. 2033-Oct-26 00:00:00.0000,12.5,-10.8686957822977,4.5,97.52445123266791,-6.019692059935227,0.00663638626131739,0.0189357325422104,-0.002075495596036375,0.5678067084624882,98.31268396670698,0.01817732802884957
ATLAS (C/2025 N1),2463903.5,A.D. 2033-Nov-02 00:00:00.0000,12.5,-10.81621114897945,4.5,97.66122057843627,-6.034224126925241,0.008332488949829964,0.02017602725876264,-0.002076527706496723,0.5685620510356064,98.44346747907277,0.01922747918876192
ATLAS (C/2025 N1),2463910.5,A.D. 2033-Nov-09 00:00:00.0000,12.5,-10.75242851823991,4.5,97.80735328651866,-6.048760531541363,0.009864193676207786,0.02160518784731035,-0.002076409017791835,0.569364194433177,98.58235430299717,0.02048684998855559
ATLAS (C/2025 N1),2463917.5,A.D. 2033-Nov-16 00:00:00.0000,12.5,-10.67849587972476,4.5,97.96411199361856,-6.063292297756378,0.01122925127502887,0.02321353005862922,-0.002075649329392301,0.5702212574046412,98.73075015637008,0.02194621847922769
ATLAS (C/2025 N1),2463924.5,A.D. 2033-Nov-23 00:00:00.0000,12.5,-10.59569201680337,4.5,98.13274946693575,-6.077822502284562,0.01239187072691772,0.02499532077506291,-0.002076049587218317,0.5711413884000756,98.89006589958673,0.02360375580088769
ATLAS (C/2025 N1),2463931.5,A.D. 2033-Nov-30 00:00:00.0000,12.5,-10.50556740943196,4.5,98.31437111637219,-6.092358610098325,0.01331638008349649,0.02691550489128725,-0.002077073263026411,0.5721320504038722,99.06159370833842,0.0254280088673309
ATLAS (C/2025 N1),2463938.5,A.D. 2033-Dec-07 00:00:00.0000,12.5,-10.40983991967833,4.5,98.50977234783454,-6.106898276777981,0.01399480264116175,0.02892541430848233,-0.002076829322161488,0.5731990041573556,99.24633102406571,0.02737063708827062
ATLAS (C/2025 N1),2463945.5,A.D. 2033-Dec-14 00:00:00.0000,12.5,-10.31018989940334,4.5,98.7194954514897,-6.121433304364585,0.01443550161631407,0.03100713190410717,-0.002076193422349552,0.5743464994162019,99.44501366915408,0.02941208237254255
ATLAS (C/2025 N1),2463952.5,A.D. 2033-Dec-21 00:00:00.0000,12.5,-10.20835300068623,4.5,98.94400106955538,-6.13596795638369,0.01461517463915746,0.0331433064630322,-0.002076758675155482,0.5755783142622466,99.65829579819517,0.0315365357971983
ATLAS (C/2025 N1),2463959.5,A.D. 2033-Dec-28 00:00:00.0000,12.5,-10.10623273467341,4.5,99.18352533197142,-6.150508986349087,0.01451517551362622,0.03528895205169498,-0.002077710451672925,0.5768969916670569,99.88661771306687,0.03369988875092692
ATLAS (C/2025 N1),2463966.5,A.D. 2034-Jan-04 00:00:00.0000,12.5,-10.00576477948962,4.5,99.43794239659965,-6.165052344858874,0.01414839437003399,0.03739184466789676,-0.002077292872773761,0.5783029587496958,100.1300533671425,0.03584747125071459
ATLAS (C/2025 N1),2463973.5,A.D. 2034-Jan-11 00:00:00.0000,12.5,-9.908719135010555,4.5,99.70687185982996,-6.179590889424775,0.01353811840221194,0.03943451879830854,-0.002076762521537371,0.5797950300798265,100.3883975095217,0.03795837703464818
ATLAS (C/2025 N1),2463980.5,A.D. 2034-Jan-18 00:00:00.0000,12.5,-9.8168156654627,4.5,99.98984074456496,-6.194130026195819,0.01267783615954109,0.04139727654212381,-0.002077450052657254,0.581371414383049,100.6613399906566,0.04001257189913688
ATLAS (C/2025 N1),2463987.5,A.D. 2034-Jan-25 00:00:00.0000,12.5,-9.731814278984817,4.5,100.2861452192404,-6.208675667489871,0.01156822142303518,0.04323584829078969,-0.002078276895405661,0.5830289720894567,100.9483372108689,0.04196483312332092
ATLAS (C/2025 N1),2463994.5,A.D. 2034-Feb-01 00:00:00.0000,12.5,-9.65536377331102,4.5,100.5947431639263,-6.223222087051508,0.01024305540984321,0.04490535353261369,-0.002077652632434438,0.584762514807685,101.2484908280417,0.04376629949421898
ATLAS (C/2025 N1),2464001.5,A.D. 2034-Feb-08 00:00:00.0000,12.5,-9.588826914815325,4.5,100.9144117352614,-6.23776333557646,0.00873839479587251,0.0463991512044322,-0.002077197347613293,0.5865656278615075,101.5606901754159,0.0454064377771603
ATLAS (C/2025 N1),2464008.5,A.D. 2034-Feb-15 00:00:00.0000,12.5,-9.533428840680918,4.5,101.2438940455613,-6.252305834451018,0.007061680000771515,0.04770498134348625,-0.002077953167646537,0.588431612086565,101.8837753286394,0.04687211517351169
ATLAS (C/2025 N1),2464015.5,A.D. 2034-Feb-22 00:00:00.0000,12.5,-9.490331947887414,4.5,101.58176525535,-6.266854608209216,0.005228372747645591,0.04878912550665244,-0.002078617447851861,0.5903527617713142,102.2164120851175,0.04812820949480552
ATLAS (C/2025 N1),2464022.5,A.D. 2034-Mar-01 00:00:00.0000,12.5,-9.460484210866838,4.5,101.9263515054366,-6.281402503680376,0.003286279576520116,0.04962266084871634,-0.002077787253972592,0.5923198239753363,102.5569983478803,0.04914163319424558
ATLAS (C/2025 N1),2464029.5,A.D. 2034-Mar-08 00:00:00.0000,12.5,-9.444479777224801,4.5,102.2759250886064,-6.295944836533829,0.001276322634733737,0.05021642752140711,-0.002077386917703161,0.594323061598628,102.9038481903244,0.04991996489792027
ATLAS (C/2025 N1),2464036.5,A.D. 2034-Mar-15 00:00:00.0000,12.5,-9.442744286695659,4.5,102.6288245336202,-6.310488803604546,-0.000788321660380486,0.05057096506494969,-0.002078157632386538,0.5963530551587137,103.2553306796165,0.05046322331425272
ATLAS (C/2025 N1),2464043.5,A.D. 2034-Mar-22 00:00:00.0000,12.5,-9.455596474557021,4.5,102.9833175506152,-6.325038471547414,-0.00288601068881597,0.05066755938008417,-0.002078632553663354,0.5983999495420577,103.6097394557436,0.05075150046839733
ATLAS (C/2025 N1),2464050.5,A.D. 2034-Mar-29 00:00:00.0000,12.5,-9.48310196788888,4.5,103.3375389205511,-6.339585694052737,-0.004964860611459922,0.05049603617211648,-0.002077633156740158,0.6004530214485219,103.9652178368421,0.05077072722942857
ATLAS (C/2025 N1),2464057.5,A.D. 2034-Apr-05 00:00:00.0000,12.5,-9.524973604645924,4.5,103.6897057842792,-6.354127134547851,-0.006988396162134195,0.05008498932219081,-0.002077292501868741,0.6025018713505802,104.3199652005386,0.05054700187567893
ATLAS (C/2025 N1),2464064.5,A.D. 2034-Apr-12 00:00:00.0000,12.5,-9.58078774663687,4.5,104.0382007646771,-6.368670471366134,-0.008946508746912114,0.04944713707883192,-0.002078041595838804,0.6045370161109532,104.6723395925123,0.05009289138453908
ATLAS (C/2025 N1),2464071.5,A.D. 2034-Apr-19 00:00:00.0000,12.5,-9.650028850568171,4.5,104.3814247764497,-6.383218657174122,-0.01081940082462077,0.04857726174349011,-0.002078305517390109,0.6065490590672656,105.0207140311078,0.04940204081686776
ATLAS (C/2025 N1),2464078.5,A.D. 2034-Apr-26 00:00:00.0000,12.5,-9.731946077391958,4.5,104.7177496520404,-6.397763027464448,-0.01255949016869359,0.04748151513536802,-0.002077198255542909,0.6085283352868327,105.3634150851056,0.0484767422753019
ATLAS (C/2025 N1),2464085.5,A.D. 2034-May-03 00:00:00.0000,12.5,-9.825491606085144,4.5,105.0457395568714,-6.41230173180527,-0.01414146569982998,0.04620165961017449,-0.002076945369050125,0.6104661486645562,105.6989370705828,0.04735669529090242
ATLAS (C/2025 N1),2464092.5,A.D. 2034-May-10 00:00:00.0000,12.5,-9.92955557057514,4.5,105.3641922691189,-6.426842649495568,-0.01556405540867757,0.04475816704990051,-0.002077661160819241,0.612355126131787,106.0260033802764,0.04606233298812719
ATLAS (C/2025 N1),2464099.5,A.D. 2034-May-17 00:00:00.0000,12.5,-10.04298850812059,4.5,105.6719802098103,-6.441387412535827,-0.01681403067510736,0.04315456286341395,-0.002077700121033768,0.6141883041340538,106.3434083121054,0.04459584826545179
ATLAS (C/2025 N1),2464106.5,A.D. 2034-May-24 00:00:00.0000,12.5,-10.16445539962495,4.5,105.9680189477725,-6.455927218445246,-0.01785288233964151,0.04140867188468102,-0.002076553450420797,0.6159588591794769,106.6499704150747,0.04297109331844094
ATLAS (C/2025 N1),2464113.5,A.D. 2034-May-31 00:00:00.0000,12.5,-10.2924097156,4.5,106.2514868118565,-6.470461873683003,-0.01866950830746743,0.03956920093967846,-0.002076428027847931,0.6176613498127718,106.9447475304079,0.04123508831156916
ATLAS (C/2025 N1),2464120.5,A.D. 2034-Jun-07 00:00:00.0000,12.5,-10.425333621899,4.5,106.5218243690942,-6.484999232667359,-0.01927363759916821,0.03765918705972256,-0.002077120113819388,0.619291836297754,107.2270575139304,0.0394110370298355
ATLAS (C/2025 N1),2464127.5,A.D. 2034-Jun-14 00:00:00.0000,12.5,-10.56173578204097,4.5,106.7785667264902,-6.499539429239697,-0.0196601790184176,0.03568580045570398,-0.002076935902263431,0.620846906927047,107.4963096468219,0.03750476068808669
ATLAS (C/2025 N1),2464134.5,A.D. 2034-Jun-21 00:00:00.0000,12.5,-10.69999965065213,4.5,107.0213317726049,-6.514073776598959,-0.01980152138289482,0.03367402101880353,-0.00207581249128629,0.6223235199306859,107.7519772629389,0.03553750882752555
ATLAS (C/2025 N1),2464141.5,A.D. 2034-Jun-28 00:00:00.0000,12.5,-10.83839315518965,4.5,107.2500337093426,-6.528603849733475,-0.01970126732827073,0.03167379997125462,-0.002075851191695942,0.6237202337956862,107.9938107720454,0.03355839172404699
ATLAS (C/2025 N1),2464148.5,A.D. 2034-Jul-05 00:00:00.0000,12.5,-10.97530271714922,4.5,107.464842783341,-6.543137314951673,-0.01938000059878671,0.02970640238811739,-0.002076540122388257,0.6250371059650157,108.2218201200829,0.03158958441925429
ATLAS (C/2025 N1),2464155.5,A.D. 2034-Jul-12 00:00:00.0000,12.5,-11.10920702112979,4.5,107.666013686213,-6.557672727530456,-0.01884062377261827,0.02777845853621747,-0.002076154650753453,0.6262746905860773,108.4361012546998,0.02963694740391285
ATLAS (C/2025 N1),2464162.5,A.D. 2034-Jul-19 00:00:00.0000,12.5,-11.23851978329497,4.5,107.8538965233816,-6.572201698799375,-0.0180667867441814,0.02591832661362063,-0.002075109089414312,0.6274340117710633,108.6368314954257,0.02772608930976758
ATLAS (C/2025 N1),2464169.5,A.D. 2034-Jul-26 00:00:00.0000,12.5,-11.36163630290811,4.5,108.029140494312,-6.586727540138402,-0.01707615891111283,0.0241724444195508,-0.002075334247604413,0.6285177660890934,108.8244777387302,0.02590420116052386
ATLAS (C/2025 N1),2464176.5,A.D. 2034-Aug-02 00:00:00.0000,12.5,-11.47715196068361,4.5,108.1926158773087,-6.601257595518017,-0.01589903356448063,0.02255679841471443,-0.002076039577980157,0.6295300078648502,108.9997419691711,0.02418959049766479
ATLAS (C/2025 N1),2464183.5,A.D. 2034-Aug-09 00:00:00.0000,12.5,-11.5838139082375,4.5,108.3452430008076,-6.615788894148096,-0.014545531766056,0.02107400058826015,-0.002075492156069692,0.6304751434530391,109.1633871234154,0.02258533314908228
ATLAS (C/2025 N1),2464190.5,A.D. 2034-Aug-16 00:00:00.0000,12.5,-11.68036058203445,4.5,108.4880260989662,-6.63031351869808,-0.01301027526032559,0.0197521787950413,-0.002074573574280728,0.6313580367979891,109.3162553673174,0.02111849386349642
ATLAS (C/2025 N1),2464197.5,A.D. 2034-Aug-23 00:00:00.0000,12.5,-11.76560521988773,4.5,108.6222424399406,-6.64483632555474,-0.01132376263541321,0.01862987348948457,-0.002074987890474664,0.6321851569610308,109.4594667841246,0.01983051420086701
ATLAS (C/2025 N1),2464204.5,A.D. 2034-Aug-30 00:00:00.0000,12.5,-11.83863070908377,4.5,108.7493281273696,-6.659364168779732,-0.009524207112234256,0.01771436979711654,-0.002075715651406423,0.6329640489779587,109.5943277562885,0.01873274258713187
ATLAS (C/2025 N1),2464211.5,A.D. 2034-Sep-06 00:00:00.0000,12.5,-11.89872010764094,4.5,108.8707113264893,-6.673892735629364,-0.00762754727363909,0.0170008244911515,-0.002075055405866944,0.6337023404998817,109.7221589706584,0.01782227602108589
ATLAS (C/2025 N1),2464218.5,A.D. 2034-Sep-13 00:00:00.0000,12.5,-11.94519514957642,4.5,108.9878665559258,-6.688414784355934,-0.005638109197089482,0.0165130123140311,-0.002074308299287154,0.6344079626234235,109.8443336540459,0.01712368830396033
ATLAS (C/2025 N1),2464225.5,A.D. 2034-Sep-20 00:00:00.0000,12.5,-11.97753333854188,4.5,109.1024842383365,-6.702936418037662,-0.003596819547368236,0.0162770784935041,-0.002074897025306798,0.635090206630913,109.9624605421168,0.01666803943476347
ATLAS (C/2025 N1),2464232.5,A.D. 2034-Sep-27 00:00:00.0000,12.5,-11.99553139529427,4.5,109.2163225517153,-6.717463749350016,-0.001546701457388178,0.01628786334043699,-0.002075628579348683,0.6357589791349717,110.0782549116747,0.0164555388650647
ATLAS (C/2025 N1),2464239.5,A.D. 2034-Oct-04 00:00:00.0000,12.5,-11.99921282093905,4.5,109.3310489734852,-6.731991375089327,0.0004934726728424956,0.01652958924752383,-0.002074901628758169,0.6364238361393805,110.193371333484,0.01647326191958732
ATLAS (C/2025 N1),2464246.5,A.D. 2034-Oct-11 00:00:00.0000,12.5,-11.98866626995111,4.5,109.4483123119423,-6.746512982801439,0.00251302362113113,0.01701724852802982,-0.002074360080470471,0.6370942994287465,110.3094584534428,0.01673814787203115
ATLAS (C/2025 N1),2464253.5,A.D. 2034-Oct-18 00:00:00.0000,12.5,-11.96418843692921,4.5,109.5698894493465,-6.761035599835819,0.004465330733616856,0.01776051700847603,-0.002075097602289449,0.6377807923080587,110.4283210108648,0.01726571243826461
ATLAS (C/2025 N1),2464260.5,A.D. 2034-Oct-25 00:00:00.0000,12.5,-11.92640898451775,4.5,109.6975084045828,-6.775564295645913,0.006308045163927852,0.0187385545888384,-0.00207579116732287,0.638493695917765,110.5517564444995,0.01804046487945947
ATLAS (C/2025 N1),2464267.5,A.D. 2034-Nov-01 00:00:00.0000,12.5,-11.87617111816484,4.5,109.8327047577635,-6.790092824465699,0.008025185956661053,0.01992237490907772,-0.002075035832109691,0.6392424423718233,110.6813978742536,0.01903580516839522
ATLAS (C/2025 N1),2464274.5,A.D. 2034-Nov-08 00:00:00.0000,12.5,-11.81437020901198,4.5,109.9769121758501,-6.804616139210737,0.009605926107712765,0.02131517779186582,-0.002074729952356252,0.6400359306739997,110.8187861148652,0.02025655837254217
ATLAS (C/2025 N1),2464281.5,A.D. 2034-Nov-15 00:00:00.0000,12.5,-11.74211215962091,4.5,110.1315872619316,-6.819141934729294,0.01100556654747054,0.02290853355633761,-0.002075599849156906,0.6408833371093604,110.9655099908415,0.0216993404148005
ATLAS (C/2025 N1),2464288.5,A.D. 2034-Nov-22 00:00:00.0000,12.5,-11.66079554764942,4.5,110.2980141282523,-6.83367394366832,0.01219037276835212,0.02466549331389588,-0.002076208518691614,0.641793028636126,111.1230181960903,0.02333084233723628
ATLAS (C/2025 N1),2464295.5,A.D. 2034-Nov-29 00:00:00.0000,12.5,-11.57196241918156,4.5,110.4771858849916,-6.848205171382729,0.01315509010042689,0.02654522063677882,-0.002075438074655855,0.6427717771982554,111.2924832563606,0.02511062751383496
ATLAS (C/2025 N1),2464302.5,A.D. 2034-Dec-06 00:00:00.0000,12.5,-11.47714064371045,4.5,110.6699198891926,-6.862732074434046,0.01389670859525188,0.02854023225394717,-0.002075361864826284,0.6438253203407543,111.474898596775,0.02703113820687424
ATLAS (C/2025 N1),2464309.5,A.D. 2034-Dec-13 00:00:00.0000,12.5,-11.37800995732264,4.5,110.8769653838569,-6.877262756189836,0.0143813339933028,0.03062728478641542,-0.002076322502376474,0.6449590729571844,111.6712017770903,0.02907203287366245
ATLAS (C/2025 N1),2464316.5,A.D. 2034-Dec-20 00:00:00.0000,12.5,-11.27644382176872,4.5,111.0988041115176,-6.891799388330459,0.01459189799564736,0.03275803681139421,-0.002076778029846375,0.6461769919703981,111.8820779172601,0.03118593075221739
ATLAS (C/2025 N1),2464323.5,A.D. 2034-Dec-27 00:00:00.0000,12.5,-11.17433440473294,4.5,111.3355679800192,-6.906334261863766,0.01454109281082228,0.034886552778973,-0.002075967285795535,0.6474809908938629,112.1078583318711,0.03332473311341274
ATLAS (C/2025 N1),2464330.5,A.D. 2035-Jan-03 00:00:00.0000,12.5,-11.07344930293474,4.5,111.5871877555575,-6.920865505535286,0.01423971887768306,0.03700134521130847,-0.002076077087793435,0.6488717126014285,112.3486543310796,0.03547493758831435
ATLAS (C/2025 N1),2464337.5,A.D. 2035-Jan-10 00:00:00.0000,12.5,-10.97560470978621,4.5,111.8534873171762,-6.93540147765859,0.01367077871323823,0.03907309583522544,-0.002077077288285289,0.650349171799023,112.6044684611382,0.03760794210908807
ATLAS (C/2025 N1),2464344.5,A.D. 2035-Jan-17 00:00:00.0000,12.5,-10.88267721080776,4.5,112.1339935529178,-6.949942775790115,0.01283778369727285,0.04105172368349987,-0.002077328338490083,0.6519116637169878,112.8750055503308,0.03967239296271341
ATLAS (C/2025 N1),2464351.5,A.D. 2035-Jan-24 00:00:00.0000,12.5,-10.79641528300793,4.5,112.4278954821265,-6.964481072003207,0.01177352500647404,0.04289689772931805,-0.002076456051608791,0.6535554255833987,113.1596140948944,0.04162401529597705
ATLAS (C/2025 N1),2464358.5,A.D. 2035-Jan-31 00:00:00.0000,12.5,-10.71832679610529,4.5,112.7342296327582,-6.979016184736238,0.01050257070569052,0.0446030855609943,-0.002076691763415885,0.6552756527296734,113.4574621922524,0.04345432794903601
ATLAS (C/2025 N1),2464365.5,A.D. 2035-Feb-07 00:00:00.0000,12.5,-10.64986484348591,4.5,113.0519573829024,-6.993556527771494,0.009024423697339416,0.04614563078076941,-0.002077673834496125,0.6570670550880973,113.7676338955734,0.04513828006556885
ATLAS (C/2025 N1),2464372.5,A.D. 2035-Feb-14 00:00:00.0000,12.5,-10.59242204676477,4.5,113.3797895362578,-7.008101267107778,0.007360135379700452,0.04748322274020062,-0.002077692037144491,0.658922848751131,114.0889546076786,0.0466323566117082
ATLAS (C/2025 N1),2464379.5,A.D. 2035-Feb-21 00:00:00.0000,12.5,-10.54714370947908,4.5,113.7161817386176,-7.022641681100631,0.005557692861329584,0.04859091743471838,-0.002076759454033056,0.6608346390384541,114.4199708347274,0.04790719758155046
ATLAS (C/2025 N1),2464386.5,A.D. 2035-Feb-28 00:00:00.0000,12.5,-10.51486032258341,4.5,114.0595492427761,-7.037179207647204,0.003648726884062204,0.04947714668982001,-0.002077065636948427,0.6627936360136816,114.7591606464131,0.04896856902035306
ATLAS (C/2025 N1),2464393.5,A.D. 2035-Mar-07 00:00:00.0000,12.5,-10.49629024933833,4.5,114.408315904561,-7.051722005439638,0.001642593127832669,0.0501292757099314,-0.002077968971282613,0.6647910529781875,115.1050026730297,0.04980337955477927
ATLAS (C/2025 N1),2464400.5,A.D. 2035-Mar-14 00:00:00.0000,12.5,-10.49202310645051,4.5,114.7607507312141,-7.06626801698865,-0.0004304756172718042,0.05052109501946307,-0.002077748127230368,0.6668171605870135,115.4558123307184,0.05038323459018161
ATLAS (C/2025 N1),2464407.5,A.D. 2035-Mar-21 00:00:00.0000,12.5,-10.50234429776985,4.5,115.1149877432769,-7.080808503140864,-0.002516647803277518,0.05064739884464837,-0.002076784824658492,0.6688613164518188,115.809746947059,0.05069876128186757
ATLAS (C/2025 N1),2464414.5,A.D. 2035-Mar-28 00:00:00.0000,12.5,-10.52721721915178,4.5,115.4692556603738,-7.095346443137511,-0.004586813127242253,0.05053278254511589,-0.002077133417207367,0.6709132863734777,116.1650345254032,0.05077265435650617
