targetname,datetime_jd,datetime_str,M1,x,k1,y,z,vx,vy,vz,lighttime,range,range_rate
ATLAS (C/2025 N1),2461131.5,A.D. 2026-Apr-01 00:00:00.0000,12.5,0.3154005066144577,4.5,0.5454825541441024,-0.2805853389115239,0.003639534592842953,0.0378202193114901,-0.002322843159738639,0.003983671164278633,0.6897512804339871,0.03251887637504065
ATLAS (C/2025 N1),2461138.5,A.D. 2026-Apr-08 00:00:00.0000,12.5,0.3408302863211667,4.5,0.8102452307153144,-0.2968290918744106,0.00362634391636569,0.03782647552437256,-0.002318433872430535,0.005358392965235451,0.9277769816899258,0.03510851043674313
ATLAS (C/2025 N1),2461145.5,A.D. 2026-Apr-15 00:00:00.0000,12.5,0.3661596855175676,4.5,1.075066329171786,-0.3130450711563542,0.003611206697818238,0.03783669751830569,-0.002314804636079232,0.006803937473318191,1.178065254556177,0.03626613707057375
ATLAS (C/2025 N1),2461152.5,A.D. 2026-Apr-22 00:00:00.0000,12.5,0.3913774220425464,4.5,1.339977462527017,-0.3292369468402501,0.003593823664416961,0.0378519397433186,-0.002311526057434754,0.008283617283253688,1.434263871722948,0.03687489341008818
ATLAS (C/2025 N1),2461159.5,A.D. 2026-Apr-29 00:00:00.0000,12.5,0.4164626568355444,4.5,1.605006393088007,-0.3454068485189127,0.003573588614927881,0.03786978826162973,-0.002308524134013415,0.009782290132492166,1.693751031703203,0.03723504655596024
ATLAS (C/2025 N1),2461166.5,A.D. 2026-May-06 00:00:00.0000,12.5,0.4414036619646219,4.5,1.870171127625957,-0.3615563128449186,0.00355219508500419,0.03789100372467461,-0.002305675059331903,0.01129272642994724,1.9552749696039,0.03747004671629384
ATLAS (C/2025 N1),2461173.5,A.D. 2026-May-13 00:00:00.0000,12.5,0.4661857606064642,4.5,2.13549589340945,-0.3776863084973923,0.003527895414552789,0.03791488960997601,-0.00230297892139123,0.01281113444776596,2.218179168098745,0.03763516963657691
ATLAS (C/2025 N1),2461180.5,A.D. 2026-May-20 00:00:00.0000,12.5,0.4907945409259422,4.5,2.400992559043027,-0.3937979284682661,0.003502688297880987,0.03794049500170642,-0.00230040808768487,0.01433529881006849,2.482080046744784,0.03775858983401675
ATLAS (C/2025 N1),2461187.5,A.D. 2026-May-27 00:00:00.0000,12.5,0.5152221397961892,4.5,2.666679324641535,-0.4098917960842276,0.003475416352485229,0.03796900880350337,-0.002297918317151867,0.01586391359342196,2.746751491908933,0.03785696681182133
ATLAS (C/2025 N1),2461194.5,A.D. 2026-Jun-03 00:00:00.0000,12.5,0.5394526511165553,4.5,2.93256809064026,-0.4259686996704343,0.003446633267345605,0.03799830021184265,-0.002295550954773726,0.01739612017315823,3.012044837338425,0.03793759295745439
ATLAS (C/2025 N1),2461201.5,A.D. 2026-Jun-10 00:00:00.0000,12.5,0.5634809487260085,4.5,3.198668953182005,-0.4420292248060115,0.003416993005083842,0.03803003616967027,-0.002293230183030214,0.01893135594189281,3.277862670584329,0.03800787089793034
ATLAS (C/2025 N1),2461208.5,A.D. 2026-Jun-17 00:00:00.0000,12.5,0.5872939607919565,4.5,3.464995818809113,-0.4580738490242154,0.003385208203073435,0.03806266500687741,-0.002291009326876413,0.02046925656527673,3.544141909109623,0.0380697337623424
ATLAS (C/2025 N1),2461215.5,A.D. 2026-Jun-24 00:00:00.0000,12.5,0.6108842488926115,4.5,3.731552773616218,-0.4741031990259242,0.00335323958184048,0.03809655043415149,-0.002288839647203177,0.02200952930028423,3.810831866030643,0.03812628869171574
ATLAS (C/2025 N1),2461222.5,A.D. 2026-Jul-01 00:00:00.0000,12.5,0.634244672689431,4.5,3.998352884803221,-0.4901175441707268,0.003319264074814693,0.03813198998500024,-0.002286726769401289,0.02355201374602427,4.077904768794031,0.03817920021486063
ATLAS (C/2025 N1),2461229.5,A.D. 2026-Jul-08 00:00:00.0000,12.5,0.6573638811870242,4.5,4.265399432339831,-0.5061174532158627,0.003284785488937661,0.03816753632965942,-0.002284687219937574,0.02509654746380989,4.345332492013003,0.03822846871089711
ATLAS (C/2025 N1),2461236.5,A.D. 2026-Jul-15 00:00:00.0000,12.5,0.6802393157472824,4.5,4.53270035404318,-0.5221031737055953,0.003249228876468164,0.03820491177664804,-0.002282667170669996,0.0266430424505495,4.613099798424586,0.0382765311512354
ATLAS (C/2025 N1),2461243.5,A.D. 2026-Jul-22 00:00:00.0000,12.5,0.7028587889310056,4.5,4.800262101368022,-0.538075078329368,0.003212289774813575,0.03824209016058771,-0.002280727294870738,0.02819142344044027,4.881193656158999,0.03832198799521086
ATLAS (C/2025 N1),2461250.5,A.D. 2026-Jul-29 00:00:00.0000,12.5,0.7252195424934261,4.5,5.068086244320761,-0.5540335195332543,0.003175239095758197,0.03828048203408282,-0.002278800082858768,0.0297416173562719,5.149601412289508,0.03836686486568556
ATLAS (C/2025 N1),2461257.5,A.D. 2026-Aug-05 00:00:00.0000,12.5,0.7473131878403105,4.5,5.33618181785324,-0.5699786500654276,0.003136299823341058,0.0383192791389822,-0.002276929130333945,0.03129360511749821,5.418319763121954,0.03841047574234903
ATLAS (C/2025 N1),2461264.5,A.D. 2026-Aug-12 00:00:00.0000,12.5,0.769132862111577,4.5,5.604547356336988,-0.5859108930137737,0.003097433615476735,0.03835815486620435,-0.002275093093357586,0.03284732207192038,5.687337514475122,0.03845304322112564
ATLAS (C/2025 N1),2461271.5,A.D. 2026-Aug-19 00:00:00.0000,12.5,0.7906756607305074,4.5,5.873190185457666,-0.6018303082647233,0.003057093430035135,0.03839819074338058,-0.002273274222853058,0.03440276621289064,5.956654318908719,0.03849563184814486
ATLAS (C/2025 N1),2461278.5,A.D. 2026-Aug-26 00:00:00.0000,12.5,0.8119311366072675,4.5,6.142110831766637,-0.6177372386074367,0.00301611417818895,0.03843755472926118,-0.00227151432630926,0.03595989887153338,6.226263481114477,0.0385367239881881
ATLAS (C/2025 N1),2461285.5,A.D. 2026-Sep-02 00:00:00.0000,12.5,0.8328989103499124,4.5,6.411311165455909,-0.6336318202624516,0.002974659850761319,0.0384781358352297,-0.002269748060525959,0.03751870271879263,6.496162000659373,0.03857832939270738
ATLAS (C/2025 N1),2461292.5,A.D. 2026-Sep-09 00:00:00.0000,12.5,0.8535693008385428,4.5,6.680795888473986,-0.6495141994783578,0.002931679884258663,0.03851826035292832,-0.002268038322390625,0.03907917446194684,6.76634930742634,0.0386187792809722
ATLAS (C/2025 N1),2461299.5,A.D. 2026-Sep-16 00:00:00.0000,12.5,0.8739395318326563,4.5,6.950561913012697,-0.6653846491250532,0.002888920599489946,0.0385587927057733,-0.002266331147875241,0.04064127561293106,7.03681873741351,0.03865923082798371
ATLAS (C/2025 N1),2461306.5,A.D. 2026-Sep-23 00:00:00.0000,12.5,0.8940046921519513,4.5,7.220615567722674,-0.6812431534603351,0.002844455564170798,0.03859973928458377,-0.002264649148247688,0.04220502286711717,7.307573181334916,0.03869952509799722
ATLAS (C/2025 N1),2461313.5,A.D. 2026-Sep-30 00:00:00.0000,12.5,0.9137572890759037,4.5,7.490953231187556,-0.6970900224488099,0.002799989469929597,0.03864008113979103,-0.002262998399367755,0.0437703772286691,7.578605887270844,0.03873892763748035
ATLAS (C/2025 N1),2461320.5,A.D. 2026-Oct-07 00:00:00.0000,12.5,0.9331970279034837,4.5,7.761578102573793,-0.7129252364572307,0.002754547945507406,0.03868146009889247,-0.002261337926773468,0.04533734572176924,7.849918071420777,0.03877898746733917
ATLAS (C/2025 N1),2461327.5,A.D. 2026-Oct-14 00:00:00.0000,12.5,0.9523141197488144,4.5,8.032490320581616,-0.7287489818587429,0.002708210284212441,0.03872189907717941,-0.002259726115816521,0.04690591329001663,8.1215071268497,0.03881780987285236
ATLAS (C/2025 N1),2461334.5,A.D. 2026-Oct-21 00:00:00.0000,12.5,0.9711086708841976,4.5,8.303687550569402,-0.7445613729945489,0.002661892835489671,0.03876310071569344,-0.002258095024524457,0.04847605908731895,8.39336944416861,0.03885721420332375
ATLAS (C/2025 N1),2461341.5,A.D. 2026-Oct-28 00:00:00.0000,12.5,0.989573428605061,4.5,8.575173903285531,-0.7603624062533294,0.002613998936521267,0.03880395727491522,-0.00225649872541031,0.05004779535081253,8.665507142171988,0.03889595576216005
ATLAS (C/2025 N1),2461348.5,A.D. 2026-Nov-04 00:00:00.0000,12.5,1.007704540378459,4.5,8.846943809337043,-0.7761523214451089,0.002566495630155468,0.03884459798048946,-0.002254904756316847,0.05162108258519166,8.937913382459634,0.0389344111538632
ATLAS (C/2025 N1),2461355.5,A.D. 2026-Nov-11 00:00:00.0000,12.5,1.025499959187662,4.5,9.119001369453251,-0.7919310181920314,0.002517629973492658,0.03888579408383597,-0.002253310748517495,0.05319593851537789,9.210591234006579,0.0389731664877143
ATLAS (C/2025 N1),2461362.5,A.D. 2026-Nov-18 00:00:00.0000,12.5,1.042951452771124,4.5,9.391342692357508,-0.8076987175848228,0.002468586497766259,0.03892595121531005,-0.002251749045971751,0.05477233219432026,9.483535338497047,0.03901079976768337
ATLAS (C/2025 N1),2461369.5,A.D. 2026-Nov-25 00:00:00.0000,12.5,1.060060162438757,4.5,9.663967491594857,-0.8234553904597123,0.00241912114001369,0.03896696944006355,-0.002250161889290069,0.05635025990207825,9.756745051843316,0.03904917529115402
ATLAS (C/2025 N1),2461376.5,A.D. 2026-Dec-02 00:00:00.0000,12.5,1.076817366867926,4.5,9.936876504807978,-0.8392010978059743,0.002368541074485135,0.03900700506181292,-0.002248614936009645,0.05792971819646005,10.03021977804833,0.03908641356649577
ATLAS (C/2025 N1),2461383.5,A.D. 2026-Dec-09 00:00:00.0000,12.5,1.093222556749007,4.5,10.21006444633813,-0.8549359690876441,0.002318359992797886,0.03904727302375006,-0.00224704846483038,0.05951067494257919,10.30395395312899,0.03912388796142552
ATLAS (C/2025 N1),2461390.5,A.D. 2026-Dec-16 00:00:00.0000,12.5,1.109271036509189,4.5,10.48353494943744,-0.8706599016501078,0.002266675633013247,0.03908738413186449,-0.002245499044887771,0.06109314679039156,10.57795045993579,0.03916102488888404
ATLAS (C/2025 N1),2461397.5,A.D. 2026-Dec-23 00:00:00.0000,12.5,1.124957519208605,4.5,10.75728151406171,-0.8863731097512749,0.002215346967010517,0.03912669661577272,-0.002243960657911735,0.06267709266081614,10.85220218584634,0.03919739427455994
ATLAS (C/2025 N1),2461404.5,A.D. 2026-Dec-30 00:00:00.0000,12.5,1.140282224775432,4.5,11.03130592878261,-0.9020754660921808,0.002163057869897861,0.03916661584672412,-0.002242405937178351,0.06426252244476537,11.12671084341902,0.03923425741576376
ATLAS (C/2025 N1),2461411.5,A.D. 2027-Jan-06 00:00:00.0000,12.5,1.155236612972292,4.5,11.30560513301296,-0.9177671057204262,0.002110270343303441,0.03920522539163926,-0.002240887725683026,0.06584941351717657,11.4014725152457,0.03926977602551336
ATLAS (C/2025 N1),2461418.5,A.D. 2027-Jan-13 00:00:00.0000,12.5,1.169822238342896,4.5,11.58017580071954,-0.9334480294126835,0.002057499504492466,0.03924438530118056,-0.002239339919040765,0.06743774794920644,11.67648409704335,0.03930584697198419
ATLAS (C/2025 N1),2461425.5,A.D. 2027-Jan-20 00:00:00.0000,12.5,1.184032029735487,4.5,11.85501947926542,-0.9491181948632303,0.002003383904534906,0.03928268763567499,-0.002237824061640016,0.06902753091857201,11.95174648530592,0.03934094970484321
ATLAS (C/2025 N1),2461432.5,A.D. 2027-Jan-27 00:00:00.0000,12.5,1.197864169548506,4.5,12.13012903510013,-0.9647777550944312,0.001949791714192028,0.03932067833579164,-0.002236297122159576,0.07061872128628287,12.22725255703801,0.03937581358237719
ATLAS (C/2025 N1),2461439.5,A.D. 2027-Feb-03 00:00:00.0000,12.5,1.211316523187312,4.5,12.40550724638998,-0.980426551338603,0.001894820656517088,0.03935876320861564,-0.002234771187244115,0.07221133456449105,12.50300499808548,0.03941065998507858
ATLAS (C/2025 N1),2461446.5,A.D. 2027-Feb-10 00:00:00.0000,12.5,1.224382494864867,4.5,12.681147860416,-0.9960647624678844,0.001839934954520419,0.03939564698161777,-0.002233266415476361,0.07380533238822667,12.77899716575972,0.03944435388974775
ATLAS (C/2025 N1),2461453.5,A.D. 2027-Feb-17 00:00:00.0000,12.5,1.237063844536821,4.5,12.95705015882891,-1.011692276841512,0.001784480139492003,0.03943315929662664,-0.002231733591958516,0.07540071281677155,13.0552287240358,0.03947864700979103
ATLAS (C/2025 N1),2461460.5,A.D. 2027-Feb-24 00:00:00.0000,12.5,1.249352413142999,4.5,13.23321243959615,-1.02730914238907,0.001728143299170565,0.03946937714517767,-0.002230236494433247,0.07699746303317949,13.33169745372826,0.03951161184016099
ATLAS (C/2025 N1),2461467.5,A.D. 2027-Mar-03 00:00:00.0000,12.5,1.261249268926707,4.5,13.50962886352328,-1.042915408411768,0.001672140983148753,0.03950582883061642,-0.002228710276972406,0.07859555172241323,13.6083979328065,0.03954487743420963
ATLAS (C/2025 N1),2461474.5,A.D. 2027-Mar-10 00:00:00.0000,12.5,1.272749483080264,4.5,13.78630149808005,-1.058510953161853,0.001614686312388613,0.03954176567808197,-0.002227201803326412,0.08019498969758265,13.88533203350244,0.0395775420243232
ATLAS (C/2025 N1),2461481.5,A.D. 2027-Mar-17 00:00:00.0000,12.5,1.28384960255286,4.5,14.06322241795903,-1.074095944398434,0.001557730761617721,0.03957697052575149,-0.002225691104294592,0.08179573155856207,14.162491895028,0.0396095716134097
ATLAS (C/2025 N1),2461488.5,A.D. 2027-Mar-24 00:00:00.0000,12.5,1.29454979443156,4.5,14.34039299016978,-1.089670206733129,0.001499700013194281,0.03961256772246655,-0.002224163589144357,0.08339778704965828,14.4398792045576,0.03964194031837839
ATLAS (C/2025 N1),2461495.5,A.D. 2027-Mar-31 00:00:00.0000,12.5,1.304842620085864,4.5,14.61780805880547,-1.10523386805102,0.001441453462493076,0.03964679683467885,-0.002222662378028822,0.08500112479374092,14.71748852930953,0.03967298474621989
ATLAS (C/2025 N1),2461502.5,A.D. 2027-Apr-07 00:00:00.0000,12.5,1.314730529384117,4.5,14.89546433755985,-1.120786861881541,0.0013831215471654,0.03968159774394184,-0.002221124514925423,0.08660572926985124,14.9953171819131,0.03970463953034976
ATLAS (C/2025 N1),2461509.5,A.D. 2027-Apr-14 00:00:00.0000,12.5,1.32420648630119,4.5,15.17336155210072,-1.136329152006698,0.001323679773312069,0.03971531961707069,-0.002219615067016498,0.08821159748456744,15.27336464407338,0.03973518320935504
ATLAS (C/2025 N1),2461516.5,A.D. 2027-Apr-21 00:00:00.0000,12.5,1.333270359128917,4.5,15.45149205495673,-1.151860837862088,0.001264858070798481,0.03974888661918601,-0.002218081499223568,0.08981868781092735,15.55162370830528,0.03976568211638928
ATLAS (C/2025 N1),2461523.5,A.D. 2027-Apr-28 00:00:00.0000,12.5,1.341919616247337,4.5,15.72985785780433,-1.167381746138468,0.001204727288198834,0.03978229905589228,-0.002216549377248429,0.0914270127841369,15.83009654501246,0.03979597433769348
ATLAS (C/2025 N1),2461530.5,A.D. 2027-May-05 00:00:00.0000,12.5,1.350149203859704,4.5,16.0084512382772,-1.182892040051641,0.001145002542739631,0.03981458484180139,-0.002215025842743279,0.09303652808790061,16.1087754810662,0.039825243171069
ATLAS (C/2025 N1),2461537.5,A.D. 2027-May-12 00:00:00.0000,12.5,1.357961063326878,4.5,16.2872716463944,-1.198391562179272,0.001084674455324487,0.03984738549155654,-0.002213472773387699,0.09464723391011745,16.38766054900019,0.03985503255441065
ATLAS (C/2025 N1),2461544.5,A.D. 2027-May-19 00:00:00.0000,12.5,1.365347609595584,4.5,16.56631553653095,-1.213880374870413,0.001023842382824807,0.03987873785964954,-0.002211950103178632,0.0962591088108111,16.66674803659762,0.03988340717051419
ATLAS (C/2025 N1),2461551.5,A.D. 2027-May-26 00:00:00.0000,12.5,1.372311117088502,4.5,16.84557725168278,-1.229358472513016,0.0009633796222608261,0.03991037105955726,-0.002210391755275452,0.09787212399147673,16.94603295755195,0.03991215294569624
ATLAS (C/2025 N1),2461558.5,A.D. 2027-Jun-02 00:00:00.0000,12.5,1.378846329887926,4.5,17.12505764649464,-1.244825744941002,0.0009016896464311475,0.0399411629832615,-0.002208854124076121,0.09948628447695747,17.22551618188778,0.03994003089555843
ATLAS (C/2025 N1),2461565.5,A.D. 2027-Jun-09 00:00:00.0000,12.5,1.384951487720797,4.5,17.40474812431929,-1.260282329608461,0.0008407165531889233,0.03997128772877015,-0.002207305513650855,0.1011015428547966,17.50518950039271,0.03996736938404667
ATLAS (C/2025 N1),2461572.5,A.D. 2027-Jun-16 00:00:00.0000,12.5,1.390626422599423,4.5,17.6846499464737,-1.275728032455034,0.0007786734590860586,0.04000150261810466,-0.002205746029016509,0.102717908943305,17.78505461305462,0.0399947800295474
ATLAS (C/2025 N1),2461579.5,A.D. 2027-Jun-23 00:00:00.0000,12.5,1.395864861179761,4.5,17.96475643188711,-1.291162988816388,0.0007167479545679759,0.04003025017630742,-0.002204208387144169,0.104335344378745,18.06510487739817,0.04002081221253444
ATLAS (C/2025 N1),2461586.5,A.D. 2027-Jun-30 00:00:00.0000,12.5,1.400669797259803,4.5,18.24506479336765,-1.306587086610046,0.0006546437842899649,0.04005944637518824,-0.002202636421844723,0.1059538372810733,18.34533823645766,0.04004734397993336
ATLAS (C/2025 N1),2461593.5,A.D. 2027-Jul-07 00:00:00.0000,12.5,1.405034304448802,4.5,18.52557323702534,-1.32200031463774,0.0005916776470480028,0.04008725935106142,-0.002201096545387968,0.1075733771397726,18.62575287039345,0.04007250831095022
ATLAS (C/2025 N1),2461600.5,A.D. 2027-Jul-14 00:00:00.0000,12.5,1.408959725779261,4.5,18.8062741985076,-1.337402730591434,0.0005293262277730519,0.04011495389853353,-0.002199529219413414,0.1091939240348369,18.90634186727073,0.04009767111582122
ATLAS (C/2025 N1),2461607.5,A.D. 2027-Jul-21 00:00:00.0000,12.5,1.412443037843445,4.5,19.08716907552159,-1.352794169164839,0.000465679576679402,0.0401421368782275,-0.002197972245037684,0.110815487556671,19.18710688761665,0.04012230233925089
ATLAS (C/2025 N1),2461614.5,A.D. 2027-Jul-28 00:00:00.0000,12.5,1.415480757037891,4.5,19.36824922788433,-1.36817478484356,0.0004025970983678297,0.04016822479408629,-0.002196418846604002,0.1124380196316935,19.4680396077486,0.04014596014438602
ATLAS (C/2025 N1),2461621.5,A.D. 2027-Aug-04 00:00:00.0000,12.5,1.418074739721556,4.5,19.64951449021037,-1.383544394434521,0.0003387343164942834,0.04019462908545947,-0.002194842726488198,0.1140615230275089,19.74914050686244,0.04016994862618445
ATLAS (C/2025 N1),2461628.5,A.D. 2027-Aug-11 00:00:00.0000,12.5,1.420218133104983,4.5,19.9309597978246,-1.398903084329481,0.0002745831812557231,0.04021946789132028,-0.002193296112487168,0.1156859688680154,20.03040458521613,0.04019243699828574
ATLAS (C/2025 N1),2461635.5,A.D. 2027-Aug-18 00:00:00.0000,12.5,1.421914154196247,4.5,20.21258007058912,-1.41425080593177,0.0002106313928789007,0.04024463340320313,-0.002191713103157703,0.1173113323448025,20.31182754736655,0.04021533783458191
ATLAS (C/2025 N1),2461642.5,A.D. 2027-Aug-25 00:00:00.0000,12.5,1.423157291344755,4.5,20.49437504258393,-1.429587476416963,0.0001455470111109567,0.04026871744207868,-0.002190155546751745,0.1189376127531018,20.59340927128685,0.04023716238807892
ATLAS (C/2025 N1),2461649.5,A.D. 2027-Sep-01 00:00:00.0000,12.5,1.423947401802737,4.5,20.77633592969112,-1.444913207416012,8.11983351995665e-05,0.04029231298332562,-0.002188579754629251,0.1205647627363759,20.87514155744675,0.04025862807035276
ATLAS (C/2025 N1),2461656.5,A.D. 2027-Sep-08 00:00:00.0000,12.5,1.424283843009011,4.5,21.05846392587224,-1.460227804483235,1.568742864596848e-05,0.04031580807853091,-0.002186998929196244,0.1221927919738179,21.15702608174657,0.04027999241326861
ATLAS (C/2025 N1),2461663.5,A.D. 2027-Sep-15 00:00:00.0000,12.5,1.424161636687402,4.5,21.34075119137808,-1.475531413925987,-4.948910171581086e-05,0.04033793908761737,-0.002185432535541778,0.123821656702134,21.43905526680688,0.04030010206926438
ATLAS (C/2025 N1),2461670.5,A.D. 2027-Sep-22 00:00:00.0000,12.5,1.423584049550773,4.5,21.62319562131582,-1.490823891851717,-0.0001150050470927927,0.04036052843200629,-0.002183832495680268,0.1254513492286569,21.72122778068364,0.040320722236222
ATLAS (C/2025 N1),2461677.5,A.D. 2027-Sep-29 00:00:00.0000,12.5,1.422544427761195,4.5,21.90579402808284,-1.506105261036568,-0.0001811330905121076,0.04038164741262206,-0.002182262837090549,0.127081851930552,22.00354057207763,0.04033992145488008
ATLAS (C/2025 N1),2461684.5,A.D. 2027-Oct-06 00:00:00.0000,12.5,1.421045393370113,4.5,22.18853929672762,-1.521375542957496,-0.0002466762092342905,0.04040283970521576,-0.002180659194899104,0.1287131281515532,22.2859872941531,0.04035930955638668
ATLAS (C/2025 N1),2461691.5,A.D. 2027-Oct-13 00:00:00.0000,12.5,1.419083427790245,4.5,22.47143217672105,-1.536634595067121,-0.0003134062704729604,0.04042332112145954,-0.002179069870059765,0.1303451841041866,22.56856902257563,0.04037799660802346
ATLAS (C/2025 N1),2461698.5,A.D. 2027-Oct-20 00:00:00.0000,12.5,1.416656635224646,4.5,22.75446350412578,-1.551882563548744,-0.000379370885549816,0.0404428981175899,-0.002177474822047119,0.1319779697590822,22.85127709502829,0.04039591276696257
ATLAS (C/2025 N1),2461705.5,A.D. 2027-Oct-27 00:00:00.0000,12.5,1.413766575324091,4.5,23.03763351547824,-1.567119254088787,-0.0004461682506940205,0.04046266146731167,-0.002175861345806205,0.1336114902656605,23.13411240310564,0.0404140433876649
ATLAS (C/2025 N1),2461712.5,A.D. 2027-Nov-03 00:00:00.0000,12.5,1.410407296084624,4.5,23.32093585087591,-1.582344779618718,-0.0005129209688684662,0.0404808576839968,-0.002174272662953149,0.1352457103102633,23.41706883243726,0.04043070093582123
ATLAS (C/2025 N1),2461719.5,A.D. 2027-Nov-10 00:00:00.0000,12.5,1.406582691104705,4.5,23.60436622597378,-1.59755905649937,-0.0005795438679446621,0.04049942428201885,-0.002172647046157532,0.1368806099295901,23.70014292648485,0.04044781507264213
ATLAS (C/2025 N1),2461726.5,A.D. 2027-Nov-17 00:00:00.0000,12.5,1.402287109274972,4.5,23.88792325815016,-1.612762038227055,-0.0006470510340907647,0.04051669232683757,-0.002171050396099139,0.1385161825604308,23.9833335488638,0.0404636691283189
ATLAS (C/2025 N1),2461733.5,A.D. 2027-Nov-24 00:00:00.0000,12.5,1.397521913158412,4.5,24.17159834607895,-1.627953810731599,-0.0007137460241648599,0.04053361688944067,-0.002169430188470906,0.1401523826098005,24.2666328053935,0.04047931047031436
ATLAS (C/2025 N1),2461740.5,A.D. 2027-Dec-01 00:00:00.0000,12.5,1.39228589903336,4.5,24.45539254686512,-1.643134192233463,-0.0007815763064320696,0.04055017360669642,-0.002167813321309715,0.1417892190692267,24.55004225290865,0.040494604191472
ATLAS (C/2025 N1),2461747.5,A.D. 2027-Dec-08 00:00:00.0000,12.5,1.386575491176406,4.5,24.73929718136792,-1.65830333785778,-0.0008488292057640277,0.04056542989207236,-0.002166206147227338,0.1434266443046802,24.83355364383278,0.04050872061765022
ATLAS (C/2025 N1),2461754.5,A.D. 2027-Dec-15 00:00:00.0000,12.5,1.380393982751374,4.5,25.02331089051329,-1.6734610820955,-0.0009165563364283757,0.0405810256680709,-0.002164571461246485,0.1450646549193407,25.11716639002468,0.04052323112373146
ATLAS (C/2025 N1),2461761.5,A.D. 2027-Dec-22 00:00:00.0000,12.5,1.373735182764552,4.5,25.30742919935517,-1.688607484285407,-0.0009846396426688774,0.04059501846976204,-0.002162968546781404,0.1467032266439159,25.40087628938664,0.04053621279818342
ATLAS (C/2025 N1),2461768.5,A.D. 2027-Dec-29 00:00:00.0000,12.5,1.36660278431406,4.5,25.59164571304074,-1.703742532150162,-0.001052242645522382,0.04060917246246086,-0.002161331042704214,0.1483423272908308,25.68467776881284,0.0405494636774481
ATLAS (C/2025 N1),2461775.5,A.D. 2028-Jan-05 00:00:00.0000,12.5,1.358992837496397,4.5,25.87596045630781,-1.718866115194836,-0.001120948381264092,0.040622362391766,-0.002159715383258075,0.1499819591871152,25.96857123121596,0.04056178271349693
ATLAS (C/2025 N1),2461782.5,A.D. 2028-Jan-12 00:00:00.0000,12.5,1.350905033082556,4.5,26.16036408895877,-1.733978367931907,-0.001188815139860945,0.04063481686033224,-0.002158088484811168,0.1516220720189098,26.25254796502136,0.04057349814450621
ATLAS (C/2025 N1),2461789.5,A.D. 2028-Jan-19 00:00:00.0000,12.5,1.342340485449614,4.5,26.4448571818568,-1.74907909620238,-0.001257637209283829,0.04064728588577892,-0.002156450898940527,0.1532626728016055,26.53660918490629,0.04058526424466483
ATLAS (C/2025 N1),2461796.5,A.D. 2028-Jan-26 00:00:00.0000,12.5,1.33329432567913,4.5,26.72943229195088,-1.764168437282151,-0.001326192190921115,0.04065825136062765,-0.002154833831899593,0.1549037208113816,26.82074783975974,0.04059563397221365
ATLAS (C/2025 N1),2461803.5,A.D. 2028-Feb-02 00:00:00.0000,12.5,1.323770879022653,4.5,27.01408604641045,-1.77924627880035,-0.001394794521217046,0.04066964055024143,-0.002153181208753183,0.1565452013414439,27.1049613831793,0.04060650760667325
ATLAS (C/2025 N1),2461810.5,A.D. 2028-Feb-09 00:00:00.0000,12.5,1.313764528121632,4.5,27.2988159297098,-1.79431261512514,-0.001464081561323952,0.04067962357760906,-0.00215155886407447,0.1581871018159166,27.38924763771954,0.04061603595833947
ATLAS (C/2025 N1),2461817.5,A.D. 2028-Feb-16 00:00:00.0000,12.5,1.303278009181337,4.5,27.58361381561105,-1.80936750527223,-0.001532579903238095,0.04068949657636649,-0.002149906602708887,0.1598293797670442,27.67359925031653,0.04062557758410736
ATLAS (C/2025 N1),2461824.5,A.D. 2028-Feb-23 00:00:00.0000,12.5,1.292309539426846,4.5,27.86848049212357,-1.824410790408659,-0.001602174583643412,0.04069883898228732,-0.002148262846003583,0.1614720426942048,27.95801751944735,0.04063462682424923
ATLAS (C/2025 N1),2461831.5,A.D. 2028-Mar-01 00:00:00.0000,12.5,1.280857030816263,4.5,28.15340672686501,-1.839442630110603,-0.00167097942725058,0.04070709539363537,-0.002146619860319071,0.1631150404841771,28.2424937682767,0.04064271806300621
ATLAS (C/2025 N1),2461838.5,A.D. 2028-Mar-08 00:00:00.0000,12.5,1.268923589790474,4.5,28.43839187151778,-1.854462846710312,-0.001740346141905114,0.04071564936903272,-0.002144952515873148,0.1647583736870482,28.52702809204919,0.04065116621306436
ATLAS (C/2025 N1),2461845.5,A.D. 2028-Mar-15 00:00:00.0000,12.5,1.256503687129652,4.5,28.72343026059573,-1.869471535704764,-0.001809739361586286,0.04072261690442933,-0.002143312733260282,0.166402011830203,28.8116152145951,0.04065812193883148
ATLAS (C/2025 N1),2461852.5,A.D. 2028-Mar-22 00:00:00.0000,12.5,1.243601856027298,4.5,29.00851639947642,-1.884468653653864,-0.00187869344335362,0.0407298850009882,-0.002141635389896198,0.1680459279624545,29.09625046946103,0.04066548149730122
ATLAS (C/2025 N1),2461859.5,A.D. 2028-Mar-29 00:00:00.0000,12.5,1.23021381782264,4.5,29.29364948722512,-1.899454128802949,-0.001948512412153626,0.04073600893184792,-0.00213998326244305,0.1696901199231362,29.3809334825392,0.04067175336746781
ATLAS (C/2025 N1),2461866.5,A.D. 2028-Apr-05 00:00:00.0000,12.5,1.216340795196824,4.5,29.5788203147472,-1.914428079859504,-0.002017338304969967,0.04074159646066829,-0.002138312692816724,0.1713345385921508,29.66565574894841,0.0406776188007718
ATLAS (C/2025 N1),2461873.5,A.D. 2028-Apr-12 00:00:00.0000,12.5,1.201983343651162,4.5,29.86402966220352,-1.929390322807852,-0.002087079463789276,0.04074698960206126,-0.002136638645956829,0.1729791920756066,29.95041867221777,0.04068334051123716
ATLAS (C/2025 N1),2461880.5,A.D. 2028-Apr-19 00:00:00.0000,12.5,1.187137825915813,4.5,30.14926922749355,-1.944341014662954,-0.002156228386215871,0.04075093590908499,-0.00213498036685832,0.1746240353408385,30.23521445518305,0.04068773282336166
ATLAS (C/2025 N1),2461887.5,A.D. 2028-Apr-26 00:00:00.0000,12.5,1.171808751354805,4.5,30.43453659571852,-1.959280020424285,-0.002225500798565793,0.04075523625310069,-0.002133291269761284,0.176269059025355,30.52004147677908,0.0406925588160733
ATLAS (C/2025 N1),2461894.5,A.D. 2028-May-03 00:00:00.0000,12.5,1.155990723963813,4.5,30.71982812774822,-1.974207376579174,-0.002295153678569182,0.04075795069012743,-0.002131635665462707,0.1779142445408533,30.80489651854101,0.04069587942870858
ATLAS (C/2025 N1),2461901.5,A.D. 2028-May-10 00:00:00.0000,12.5,1.139687683223397,4.5,31.00513642585605,-1.989123113534351,-0.002364032210991512,0.04076063989096827,-0.002129949513643013,0.17955955373036,31.0897729737937,0.04069928960580951
ATLAS (C/2025 N1),2461908.5,A.D. 2028-May-17 00:00:00.0000,12.5,1.122897297638132,4.5,31.29046187352672,-2.00402710299503,-0.00243391290996554,0.04076249262443019,-0.002128282089439142,0.1812049918173602,31.37467174695555,0.0407019181712819
ATLAS (C/2025 N1),2461915.5,A.D. 2028-May-24 00:00:00.0000,12.5,1.105619016990138,4.5,31.5757949845425,-2.018919502605119,-0.002502857131392639,0.04076335371112264,-0.00212661254923253,0.1828505076866632,31.65958398770567,0.04070367927999546
ATLAS (C/2025 N1),2461922.5,A.D. 2028-May-31 00:00:00.0000,12.5,1.087855589636707,4.5,31.86113574383203,-2.033800130790078,-0.002572495328923756,0.04076429789747456,-0.002124929206445267,0.1844961053087974,31.94451038351968,0.04070558575095234
ATLAS (C/2025 N1),2461929.5,A.D. 2028-Jun-07 00:00:00.0000,12.5,1.069602357999929,4.5,32.14647743356704,-2.048669115475124,-0.002641933401484818,0.04076360010720812,-0.002123274236697136,0.1861417486827463,32.22944470101486,0.04070595169368538
ATLAS (C/2025 N1),2461936.5,A.D. 2028-Jun-14 00:00:00.0000,12.5,1.050864471278304,4.5,32.43181558543348,-2.063526384444281,-0.002711125515665238,0.04076321461408084,-0.002121586056880574,0.1877874166126214,32.51438327023686,0.04070672266352135
ATLAS (C/2025 N1),2461943.5,A.D. 2028-Jun-21 00:00:00.0000,12.5,1.031637485214724,4.5,32.71714849164852,-2.078371908231378,-0.00278106239985386,0.04076147359511754,-0.002119930173156228,0.1894331019738283,32.79932485760042,0.04070620798584444
ATLAS (C/2025 N1),2461950.5,A.D. 2028-Jun-28 00:00:00.0000,12.5,1.011924081661089,4.5,33.00246735355259,-2.093205785136828,-0.002850062300954813,0.04075937636462658,-0.002118253027607793,0.1910787581842024,33.08426139765373,0.04070545400585729
ATLAS (C/2025 N1),2461957.5,A.D. 2028-Jul-05 00:00:00.0000,12.5,0.9917242160585383,4.5,33.28777300155637,-2.108027849846831,-0.002920067573901488,0.04075688283408214,-0.002116581903512254,0.1927243935154728,33.36919432260228,0.04070436231615772
ATLAS (C/2025 N1),2461964.5,A.D. 2028-Jul-12 00:00:00.0000,12.5,0.9710356264004318,4.5,33.57305650484508,-2.122838272972843,-0.002989341763199828,0.04075310164832483,-0.00211492162530832,0.1943699597553001,33.65411528473832,0.04070209696545123
ATLAS (C/2025 N1),2461971.5,A.D. 2028-Jul-19 00:00:00.0000,12.5,0.9498627952965107,4.5,33.85831637652915,-2.137636903570306,-0.003058952110211489,0.04074966558677238,-0.002113235497534454,0.1960154525949283,33.93902353802384,0.04070025213042746
ATLAS (C/2025 N1),2461978.5,A.D. 2028-Jul-26 00:00:00.0000,12.5,0.9282007689087589,4.5,34.14354787233219,-2.152423819546505,-0.003128735708662512,0.04074464067398283,-0.002111581933252444,0.19766084747298,34.22391482978816,0.04069690801533856
ATLAS (C/2025 N1),2461985.5,A.D. 2028-Aug-02 00:00:00.0000,12.5,0.906054502869136,4.5,34.42874450212648,-2.167199022417664,-0.003197871644316599,0.040739806385483,-0.002109894485282908,0.1993061113406587,34.5087834378096,0.04069385705542596
ATLAS (C/2025 N1),2461992.5,A.D. 2028-Aug-09 00:00:00.0000,12.5,0.8834212024278715,4.5,34.71390608278247,-2.181962421071255,-0.003267911095066987,0.04073401017038785,-0.002108230006585494,0.2009512462202429,34.79362971223479,0.04068991225805998
ATLAS (C/2025 N1),2461999.5,A.D. 2028-Aug-16 00:00:00.0000,12.5,0.8603018608911108,4.5,34.99902313970823,-2.196714165538679,-0.003336905315146314,0.04072750600926119,-0.00210655472918884,0.202596201274109,35.07844485080208,0.04068537485264143
ATLAS (C/2025 N1),2462006.5,A.D. 2028-Aug-23 00:00:00.0000,12.5,0.8366987304578338,4.5,35.28409614370959,-2.211454079403464,-0.003406651666202071,0.04072100613502851,-0.002104870516674435,0.2042409830059467,35.36322997959041,0.04068091007902013
ATLAS (C/2025 N1),2462013.5,A.D. 2028-Aug-30 00:00:00.0000,12.5,0.8126082071384018,4.5,35.56911746827782,-2.226182318649051,-0.003475898028176312,0.04071300086341578,-0.00210320804218686,0.2058855505633013,35.64797802521654,0.04067504447131147
ATLAS (C/2025 N1),2462020.5,A.D. 2028-Sep-06 00:00:00.0000,12.5,0.7880358108429546,4.5,35.85408371851139,-2.240898786610135,-0.003544988874311166,0.04070539997942797,-0.00210151240006365,0.2075298886139576,35.9326863329897,0.04066967060354666
ATLAS (C/2025 N1),2462027.5,A.D. 2028-Sep-13 00:00:00.0000,12.5,0.7629771028088372,4.5,36.13899220736032,-2.255603498497321,-0.003614534326630865,0.04069635063778786,-0.002099849830333362,0.2091739846238829,36.21735273270941,0.04066293114052041
ATLAS (C/2025 N1),2462034.5,A.D. 2028-Sep-20 00:00:00.0000,12.5,0.7374360858243999,4.5,36.42383478594817,-2.270296528964139,-0.003683089209221275,0.04068716146188112,-0.002098160384012838,0.2108177956773874,36.50196979375429,0.04065615797527524
ATLAS (C/2025 N1),2462041.5,A.D. 2028-Sep-27 00:00:00.0000,12.5,0.711412096528411,4.5,36.70861215662356,-2.284977739527809,-0.003752541457786102,0.04067737161671584,-0.002096483839698694,0.2124613291913026,36.78653880030895,0.04064885478531371
ATLAS (C/2025 N1),2462048.5,A.D. 2028-Oct-04 00:00:00.0000,12.5,0.6849043277709996,4.5,36.99331500952422,-2.299647307774391,-0.003821009508533737,0.04066645014869377,-0.002094811931325907,0.2141045349921992,37.07105106511337,0.04064052839216287
ATLAS (C/2025 N1),2462055.5,A.D. 2028-Oct-11 00:00:00.0000,12.5,0.6579170245520113,4.5,37.27794271266038,-2.314305074110106,-0.003889882110749289,0.04065575543941129,-0.002093120938096216,0.2157474133287672,37.35550663122689,0.04063250534755371
ATLAS (C/2025 N1),2462062.5,A.D. 2028-Oct-18 00:00:00.0000,12.5,0.630445877518627,4.5,37.56248948822088,-2.328951155024989,-0.003958609613300833,0.04064341364290169,-0.002091462296964633,0.2173899339801459,37.63990026606973,0.04062292969267112
ATLAS (C/2025 N1),2462069.5,A.D. 2028-Oct-25 00:00:00.0000,12.5,0.6024966340546695,4.5,37.84694990208913,-2.343585523593435,-0.004026772637032684,0.04063132461973162,-0.002089771272450408,0.2190320696637466,37.92422724580803,0.04061369894492907
ATLAS (C/2025 N1),2462076.5,A.D. 2028-Nov-01 00:00:00.0000,12.5,0.5740661525699325,4.5,38.13132308005934,-2.358208130199434,-0.004095666221928453,0.04061803185723046,-0.002088110823022755,0.2206738184861736,38.20848724261052,0.04060334297829631
ATLAS (C/2025 N1),2462083.5,A.D. 2028-Nov-08 00:00:00.0000,12.5,0.5451569274468174,4.5,38.41559983890876,-2.372819111065226,-0.004163454371109017,0.04060418663142729,-0.002086436333096053,0.2223151312535412,38.49267173881992,0.04059253657506327
ATLAS (C/2025 N1),2462090.5,A.D. 2028-Nov-15 00:00:00.0000,12.5,0.5157706209243219,4.5,38.69978098163965,-2.387418302903049,-0.004232059618729251,0.04059011556000232,-0.002084763397320073,0.2239560161120301,38.77678214490371,0.04058157808416789
ATLAS (C/2025 N1),2462097.5,A.D. 2028-Nov-22 00:00:00.0000,12.5,0.4859048491253829,4.5,38.98385817025113,-2.40200588322814,-0.004299958880393035,0.04057460897172228,-0.0020831096836328,0.2255964283186685,39.06081071385644,0.04056928269922845
ATLAS (C/2025 N1),2462104.5,A.D. 2028-Nov-29 00:00:00.0000,12.5,0.4555652749202053,4.5,39.26782909392909,-2.416581735494852,-0.004367897439878398,0.04055947423609762,-0.002081428835724293,0.2272363583535773,39.34475579736218,0.04055744026399084
ATLAS (C/2025 N1),2462111.5,A.D. 2028-Dec-06 00:00:00.0000,12.5,0.4247476748001249,4.5,39.55169006482552,-2.431145919245647,-0.004436096514544493,0.04054278603788149,-0.002079784092510599,0.2288757880996265,39.62861425853711,0.04054413142438791
ATLAS (C/2025 N1),2462118.5,A.D. 2028-Dec-13 00:00:00.0000,12.5,0.3934572170344391,4.5,39.83543379648277,-2.445698482723521,-0.004503418218035327,0.04052613998410565,-0.002078110625189328,0.2305146793125756,39.91237947559623,0.0405309559896495
ATLAS (C/2025 N1),2462125.5,A.D. 2028-Dec-20 00:00:00.0000,12.5,0.3616926700766825,4.5,40.11906068905257,-2.460239320774504,-0.004571613594715833,0.0405087104062458,-0.002076457696486212,0.2321530375688845,40.19605241407364,0.04051707511453032
ATLAS (C/2025 N1),2462132.5,A.D. 2028-Dec-27 00:00:00.0000,12.5,0.3294547399476365,4.5,40.40256131099775,-2.47476861089025,-0.00463872608793544,0.04049038387058013,-0.002074802951439032,0.2337908119890844,40.47962426446241,0.04050239234056626
ATLAS (C/2025 N1),2462139.5,A.D. 2029-Jan-03 00:00:00.0000,12.5,0.2967472730063128,4.5,40.6859357632614,-2.489286192509898,-0.00470638653009991,0.04047221482908401,-0.002073135351161267,0.235428006644041,40.76309573161109,0.04048794437586075
ATLAS (C/2025 N1),2462146.5,A.D. 2029-Jan-10 00:00:00.0000,12.5,0.2635668157621273,4.5,40.96917733286423,-2.503792216487272,-0.004773654548864671,0.04045249428706564,-0.002071495907261648,0.2370645860913771,41.04646067886231,0.04047203590586434
ATLAS (C/2025 N1),2462153.5,A.D. 2029-Jan-17 00:00:00.0000,12.5,0.2299196797448165,4.5,41.25228172488887,-2.518286629598288,-0.004840498870480003,0.04043317374633025,-0.002069823462844324,0.2387005291404569,41.32971543717121,0.04045660947651187
ATLAS (C/2025 N1),2462160.5,A.D. 2029-Jan-24 00:00:00.0000,12.5,0.1958025357695751,4.5,41.53524725746666,-2.532769426871468,-0.004907866877733619,0.04041256181429168,-0.002068183639985979,0.2403358292970715,41.61285888210038,0.04043997581480163
ATLAS (C/2025 N1),2462167.5,A.D. 2029-Jan-31 00:00:00.0000,12.5,0.1612192916300434,4.5,41.81806528441933,-2.547240725858032,-0.004974080807214176,0.04039167331924652,-0.002066522633994105,0.2419704401926137,41.89588298517435,0.04042315196556322
ATLAS (C/2025 N1),2462174.5,A.D. 2029-Feb-07 00:00:00.0000,12.5,0.1261709691806727,4.5,42.10073675232479,-2.561700384559326,-0.005041072600995405,0.04037042230708091,-0.002064869082041321,0.2436043705431213,42.17878925552827,0.04040604510270458
ATLAS (C/2025 N1),2462181.5,A.D. 2029-Feb-14 00:00:00.0000,12.5,0.09065652870077981,4.5,42.3832528218558,-2.576148595379133,-0.005107087131288659,0.04034792913513684,-0.002063227320390139,0.2452375727261757,42.461569447596,0.04038778342523545
ATLAS (C/2025 N1),2462188.5,A.D. 2029-Feb-21 00:00:00.0000,12.5,0.05468155085107598,4.5,42.66561221588915,-2.590585228030176,-0.005173217909504699,0.0403257924692833,-0.002061562266949919,0.2468700426738641,42.74422285704024,0.04036995602286153
ATLAS (C/2025 N1),2462195.5,A.D. 2029-Feb-28 00:00:00.0000,12.5,0.01824223156731264,4.5,42.94781025704357,-2.60501038479953,-0.005239275352650478,0.04030206467953302,-0.002059932451650879,0.2485017566683954,43.02674537725278,0.04035062333800999
ATLAS (C/2025 N1),2462202.5,A.D. 2029-Mar-07 00:00:00.0000,12.5,-0.01865529792630103,4.5,43.22984069297831,-2.61942408637163,-0.00530447668276472,0.04027852437457863,-0.002058272218467273,0.2501326819380645,43.30913133398878,0.04033155555601459
ATLAS (C/2025 N1),2462209.5,A.D. 2029-Mar-14 00:00:00.0000,12.5,-0.05601276011826624,4.5,43.51170346086123,-2.633826266343087,-0.005370366644594652,0.04025398237489686,-0.00205663952116663,0.2517628213041996,43.59138121574606,0.040311569293206
ATLAS (C/2025 N1),2462216.5,A.D. 2029-Mar-21 00:00:00.0000,12.5,-0.09382793927129035,4.5,43.79338927827884,-2.648217095119049,-0.005435016299746802,0.04022871709793884,-0.002055000266612045,0.253392124509996,43.87348632082863,0.04029093786450269
ATLAS (C/2025 N1),2462223.5,A.D. 2029-Mar-28 00:00:00.0000,12.5,-0.1320975242672686,4.5,44.07489883584769,-2.662596418867222,-0.005500250973131235,0.04020340803986967,-0.002053357822596511,0.255020598621404,44.15544787266789,0.04027034172686385
ATLAS (C/2025 N1),2462230.5,A.D. 2029-Apr-04 00:00:00.0000,12.5,-0.1708239280323311,4.5,44.35622464123457,-2.676964416823779,-0.005564811415813526,0.04017656775180369,-0.002051742100247503,0.2566482037124732,44.43725895829978,0.04024829501141864
ATLAS (C/2025 N1),2462237.5,A.D. 2029-Apr-11 00:00:00.0000,12.5,-0.2100005108276268,4.5,44.63736358904151,-2.691321012408169,-0.005629088995101948,0.0401501058040203,-0.002050098983828149,0.2582749248654028,44.71891699478719,0.04022669997038152
ATLAS (C/2025 N1),2462244.5,A.D. 2029-Apr-18 00:00:00.0000,12.5,-0.2496306023996649,4.5,44.91831312792571,-2.705666246027879,-0.005693677979548095,0.04012216950634512,-0.002048494424326265,0.2599007505909431,45.0004199928282,0.04020371436597782
ATLAS (C/2025 N1),2462251.5,A.D. 2029-Apr-25 00:00:00.0000,12.5,-0.2897090042124564,4.5,45.19906538929832,-2.720000212031521,-0.005757165307437586,0.0400941038834256,-0.002046867880971287,0.2615256385201224,45.28176061646276,0.04018066837686818
ATLAS (C/2025 N1),2462258.5,A.D. 2029-May-02 00:00:00.0000,12.5,-0.3302353284712325,4.5,45.47962128624056,-2.734322796443798,-0.005821438730261942,0.04006543256003521,-0.002045259558762473,0.2631495969422589,45.56294030094182,0.04015709987069083
ATLAS (C/2025 N1),2462265.5,A.D. 2029-May-09 00:00:00.0000,12.5,-0.3712091693792076,4.5,45.7599717247876,-2.748634198799972,-0.005884611037971324,0.04003567181501127,-0.002043659628336714,0.2647725765620599,45.84395051105003,0.04013251223004886
ATLAS (C/2025 N1),2462272.5,A.D. 2029-May-16 00:00:00.0000,12.5,-0.4126252130980389,4.5,46.04011637686083,-2.762934281498798,-0.005948091893796329,0.04000617339595016,-0.002042044888998104,0.2663945782463603,46.12479139687522,0.04010826263771732
ATLAS (C/2025 N1),2462279.5,A.D. 2029-May-23 00:00:00.0000,12.5,-0.4544866170121148,4.5,46.3200496363362,-2.777223185924119,-0.006011295635827048,0.03997508804329235,-0.002040465408803331,0.2680155729116956,46.40545792277161,0.0400825038024301
ATLAS (C/2025 N1),2462286.5,A.D. 2029-May-30 00:00:00.0000,12.5,-0.4967864915135231,4.5,46.59976641132764,-2.791500905323657,-0.006073825032982093,0.03994433476870092,-0.002038856238426667,0.2696355338382302,46.68594546234308,0.04005714170337107
ATLAS (C/2025 N1),2462293.5,A.D. 2029-Jun-06 00:00:00.0000,12.5,-0.5395269110859552,4.5,46.87926603156682,-2.805767416000117,-0.006136939347388104,0.03991244646614987,-0.002037280073892895,0.2712544602562846,46.96625388232373,0.04003072884088624
ATLAS (C/2025 N1),2462300.5,A.D. 2029-Jun-13 00:00:00.0000,12.5,-0.582704183052519,4.5,47.15853961761131,-2.82002287512978,-0.006198799565393913,0.03988010976486591,-0.00203569121639525,0.2728723037699813,47.24637480322716,0.04000392636273995
ATLAS (C/2025 N1),2462307.5,A.D. 2029-Jun-20 00:00:00.0000,12.5,-0.6263156114175533,4.5,47.43758826886366,-2.834267143643019,-0.006261318861774335,0.03984762233991321,-0.00203410604104119,0.2744890734175661,47.52630978997707,0.03997705422785981
ATLAS (C/2025 N1),2462314.5,A.D. 2029-Jun-27 00:00:00.0000,12.5,-0.6703624002831378,4.5,47.71640388647826,-2.848500422842727,-0.006322940086411362,0.03981379681239669,-0.002032541046475213,0.2761047255984662,47.80605129336836,0.03994890840404824
ATLAS (C/2025 N1),2462321.5,A.D. 2029-Jul-04 00:00:00.0000,12.5,-0.7148378086066588,4.5,47.99498453701164,-2.862722617721655,-0.006384425317052144,0.03978042219265116,-0.002030950814426185,0.2777192515001361,48.08559778755605,0.03992128025376566
ATLAS (C/2025 N1),2462328.5,A.D. 2029-Jul-11 00:00:00.0000,12.5,-0.7597449609655913,4.5,48.27332675709035,-2.876933813952308,-0.006445953752650936,0.03974555997807604,-0.002029398389313152,0.2793326343230425,48.3649463637911,0.0398922416905654
ATLAS (C/2025 N1),2462335.5,A.D. 2029-Jul-18 00:00:00.0000,12.5,-0.8050775350157523,4.5,48.55142364682264,-2.891134080284017,-0.006506406939640766,0.0397108118228725,-0.002027819193651414,0.2809448366166183,48.64409053770884,0.03986336851972861
ATLAS (C/2025 N1),2462342.5,A.D. 2029-Jul-25 00:00:00.0000,12.5,-0.8508357347699755,4.5,48.82927589591744,-2.905323337432119,-0.006567518772361258,0.03967530967530133,-0.002026263615909865,0.2825558651699011,48.9230314847947,0.03983382496704699
ATLAS (C/2025 N1),2462349.5,A.D. 2029-Aug-01 00:00:00.0000,12.5,-0.8970176686337844,4.5,49.10687440434489,-2.919501785066022,-0.006627332745507982,0.03963895736605272,-0.002024708876400716,0.2841656702253028,49.20176058978935,0.03980347965531703
ATLAS (C/2025 N1),2462356.5,A.D. 2029-Aug-08 00:00:00.0000,12.5,-0.9436184614114318,4.5,49.38421966231208,-2.933669285929639,-0.006687501691577139,0.03960276886849508,-0.002023145641652275,0.2857742568343734,49.48027872734161,0.03977337189567685
ATLAS (C/2025 N1),2462363.5,A.D. 2029-Aug-15 00:00:00.0000,12.5,-0.9906404272681208,4.5,49.66130523726495,-2.947826015933487,-0.006747067420959665,0.03956503835511474,-0.002021614602966543,0.2873815909901747,49.75858000933258,0.03974178386883383
ATLAS (C/2025 N1),2462370.5,A.D. 2029-Aug-22 00:00:00.0000,12.5,-1.038076156422799,4.5,49.93812728084693,-2.961971942738669,-0.006806043182800175,0.03952770857714454,-0.002020055675652246,0.2889876523983871,50.03666092190979,0.03971064904847233
ATLAS (C/2025 N1),2462377.5,A.D. 2029-Aug-29 00:00:00.0000,12.5,-1.085927922230028,4.5,50.21468440884757,-2.976107087829581,-0.006865364369092758,0.03948906700025667,-0.002018534963639908,0.290592436058336,50.31452059923325,0.0396782813453886
ATLAS (C/2025 N1),2462384.5,A.D. 2029-Sep-05 00:00:00.0000,12.5,-1.134190648604513,4.5,50.4909683988715,-2.990231589691251,-0.006923386948977438,0.03945015466994683,-0.002016998424932961,0.2921958966938222,50.59215120197214,0.03964568017486247
ATLAS (C/2025 N1),2462391.5,A.D. 2029-Sep-12 00:00:00.0000,12.5,-1.182862302195251,4.5,50.76698058044668,-3.004345331414965,-0.006982058524450495,0.03941085721751853,-0.002015475828141059,0.2937980443180663,50.86955446386178,0.0396127751358075
ATLAS (C/2025 N1),2462398.5,A.D. 2029-Sep-19 00:00:00.0000,12.5,-1.231942751550223,4.5,51.04271247203204,-3.018448528852494,-0.007039626275383262,0.03937033181319387,-0.002013970371298739,0.2953988327409637,51.14672238733353,0.0395786849019802
ATLAS (C/2025 N1),2462405.5,A.D. 2029-Sep-26 00:00:00.0000,12.5,-1.281425369810594,4.5,51.31816326732975,-3.032541074022503,-0.007097223618489848,0.03933017076995442,-0.002012447794300217,0.2969982589725988,51.42365445469955,0.03954502143933356
ATLAS (C/2025 N1),2462412.5,A.D. 2029-Oct-03 00:00:00.0000,12.5,-1.331312858593488,4.5,51.59332861431203,-3.046623095356164,-0.007154640432872912,0.03928844546275752,-0.00201096563551454,0.2985963009351009,51.70034684329499,0.03950985866406159
ATLAS (C/2025 N1),2462419.5,A.D. 2029-Oct-10 00:00:00.0000,12.5,-1.38159796135138,4.5,51.86820275324142,-3.060694634351928,-0.007211129594813033,0.03924696466680755,-0.002009457843224626,0.3001929269399281,51.97679406641893,0.03947497679351556
ATLAS (C/2025 N1),2462426.5,A.D. 2029-Oct-17 00:00:00.0000,12.5,-1.432281376257477,4.5,52.14278599186421,-3.074755651182434,-0.007268218972015378,0.03920453343208314,-0.002007982212030161,0.3017881413699437,52.25299688294062,0.03943922662661475
ATLAS (C/2025 N1),2462433.5,A.D. 2029-Oct-24 00:00:00.0000,12.5,-1.483359715684413,4.5,52.41706948894554,-3.088806338411827,-0.007323981535845594,0.03916148071676833,-0.002006503063216916,0.3033818953137867,52.52894682412045,0.03940288126277126
ATLAS (C/2025 N1),2462440.5,A.D. 2029-Oct-31 00:00:00.0000,12.5,-1.534828661456048,4.5,52.69105439934237,-3.102846566659876,-0.007380246669192586,0.03911847411755959,-0.002005024178958215,0.3049741971498923,52.80464534063945,0.03936665668037358
ATLAS (C/2025 N1),2462447.5,A.D. 2029-Nov-07 00:00:00.0000,12.5,-1.586689487906482,4.5,52.96473360877683,-3.116876540365227,-0.007435719566318224,0.03907406241444597,-0.00200357373235683,0.3065650086054569,53.08008580576718,0.03932906937014041
ATLAS (C/2025 N1),2462454.5,A.D. 2029-Nov-14 00:00:00.0000,12.5,-1.638934492377231,4.5,53.23810454332336,-3.130896204862776,-0.007490808269966243,0.03903016042640779,-0.002002097739991872,0.3081543159281254,53.35526583835709,0.03929203673617514
ATLAS (C/2025 N1),2462461.5,A.D. 2029-Nov-21 00:00:00.0000,12.5,-1.691565952140973,4.5,53.5111650274101,-3.144905627785753,-0.007546059773837134,0.03898491411761126,-0.002000661443860726,0.3097421093831557,53.63018375289086,0.03925372942683165
ATLAS (C/2025 N1),2462468.5,A.D. 2029-Nov-28 00:00:00.0000,12.5,-1.744577534380548,4.5,53.78390771482706,-3.158904924976875,-0.007600065398437469,0.03893969419352995,-0.001999203632112735,0.3113283478990667,53.904832438062,0.0392154658662705
ATLAS (C/2025 N1),2462475.5,A.D. 2029-Dec-05 00:00:00.0000,12.5,-1.797967862199534,4.5,54.05633396899543,-3.172894008902584,-0.007654687053786255,0.03889399257725187,-0.001997765155307433,0.3129130413657981,54.17921360626049,0.03917680027582871
ATLAS (C/2025 N1),2462482.5,A.D. 2029-Dec-12 00:00:00.0000,12.5,-1.851735381733691,4.5,54.32843515581076,-3.186873102822851,-0.007708013585277332,0.0388473499221248,-0.001996335118758007,0.3144961421165253,54.45331900423145,0.03913721033655584
ATLAS (C/2025 N1),2462489.5,A.D. 2029-Dec-19 00:00:00.0000,12.5,-1.905873777032054,4.5,54.60021149405762,-3.200842092793243,-0.007761462701369747,0.03880108549541489,-0.00199489158951384,0.3160776524078873,54.72714902269986,0.03909805669879446
ATLAS (C/2025 N1),2462496.5,A.D. 2029-Dec-26 00:00:00.0000,12.5,-1.960385119725798,4.5,54.87165779602806,-3.214801146759842,-0.007814408128197432,0.0387533465871518,-0.001993484184419477,0.3176575450552278,55.00069895478836,0.03905747232054305
ATLAS (C/2025 N1),2462503.5,A.D. 2030-Jan-02 00:00:00.0000,12.5,-2.015261446406516,4.5,55.14276956059238,-3.228750279520904,-0.007866477696900614,0.03870604367297405,-0.001992048759763793,0.3192357947157548,55.27396441252854,0.0390173440062441
ATLAS (C/2025 N1),2462510.5,A.D. 2030-Jan-09 00:00:00.0000,12.5,-2.070503830999101,4.5,55.4135465706483,-3.242689494744971,-0.007918904392633128,0.03865767329560098,-0.001990648842177595,0.320812402532863,55.54694559389309,0.03897621974172481
ATLAS (C/2025 N1),2462517.5,A.D. 2030-Jan-16 00:00:00.0000,12.5,-2.126107449121551,4.5,55.68398050406199,-3.256618971730413,-0.007969863356878883,0.038608936452095,-0.001989238613250716,0.3223873217436929,55.81963440214385,0.03893472728757802
ATLAS (C/2025 N1),2462524.5,A.D. 2030-Jan-23 00:00:00.0000,12.5,-2.182068637168272,4.5,55.95407300860624,-3.270538596788552,-0.00802127862369689,0.03856008534941432,-0.001987836166649721,0.3239605631107876,56.09203270075737,0.03889319037374871
ATLAS (C/2025 N1),2462531.5,A.D. 2030-Jan-30 00:00:00.0000,12.5,-2.238387482841741,4.5,56.2238164809733,-3.284448596046386,-0.008071584539911563,0.03850994639580971,-0.001986457496751305,0.3255320850138706,56.36413328340619,0.03885037846988322
ATLAS (C/2025 N1),2462538.5,A.D. 2030-Feb-06 00:00:00.0000,12.5,-2.295056231137631,4.5,56.49320961984464,-3.298348896917722,-0.008121584856429808,0.03846028750541923,-0.001985058604861991,0.3271018802179579,56.63593489739169,0.03880808179217484
ATLAS (C/2025 N1),2462545.5,A.D. 2030-Feb-13 00:00:00.0000,12.5,-2.352076967580607,4.5,56.76224944299558,-3.31223961213612,-0.00817144235701497,0.03840916271662331,-0.001983702540899863,0.3286699340811619,56.90743500754957,0.03876436943994111
ATLAS (C/2025 N1),2462552.5,A.D. 2030-Feb-20 00:00:00.0000,12.5,-2.409442276654121,4.5,57.03092969352218,-3.326120831695921,-0.00822008018562037,0.03835819138538435,-0.001982324872915703,0.3302362108277809,57.17862741950911,0.03872080665033294
ATLAS (C/2025 N1),2462559.5,A.D. 2030-Feb-27 00:00:00.0000,12.5,-2.467151392806772,4.5,57.29925160532229,-3.339992502999346,-0.008269233262915144,0.03830648079827589,-0.001980976803517006,0.3318007193093805,57.44951366587144,0.03867657770494307
ATLAS (C/2025 N1),2462566.5,A.D. 2030-Mar-06 00:00:00.0000,12.5,-2.525201296346276,4.5,57.56720666529998,-3.35385484866922,-0.008316957376404668,0.03825397440378968,-0.001979634479799711,0.3333634117498239,57.72008547445481,0.0386315409998159
ATLAS (C/2025 N1),2462573.5,A.D. 2030-Mar-13 00:00:00.0000,12.5,-2.583586141908254,4.5,57.83479600531835,-3.367707755501657,-0.00836493297743448,0.03820166978344563,-0.001978289538484481,0.33492429504828,57.99034403981334,0.03858676202009971
ATLAS (C/2025 N1),2462580.5,A.D. 2030-Mar-20 00:00:00.0000,12.5,-2.642307160860726,4.5,58.10201372568454,-3.38155142533629,-0.008412182205512162,0.03814789056770478,-0.001976981383625428,0.3364833374631661,58.26028386606234,0.03854052788394362
ATLAS (C/2025 N1),2462587.5,A.D. 2030-Mar-27 00:00:00.0000,12.5,-2.701355906009358,4.5,58.36885667571028,-3.395385847468635,-0.008458754014309428,0.03809459359669249,-0.001975650046255641,0.3380405204720836,58.52990174614794,0.03849478652565312
ATLAS (C/2025 N1),2462594.5,A.D. 2030-Apr-03 00:00:00.0000,12.5,-2.760733653488235,4.5,58.63532401860326,-3.409211070755693,-0.00850555612586384,0.03804006694770818,-0.001974361142542296,0.3395958413923805,58.7991972155833,0.03844787594263643
ATLAS (C/2025 N1),2462601.5,A.D. 2030-Apr-10 00:00:00.0000,12.5,-2.820434222369594,4.5,58.90140820653019,-3.423027255441945,-0.008550957417370336,0.0379853925697014,-0.001973059521303413,0.3411492569060671,59.06816277409104,0.03840079421058636
ATLAS (C/2025 N1),2462608.5,A.D. 2030-Apr-17 00:00:00.0000,12.5,-2.880454631361249,4.5,59.16711120053228,-3.4368343105806,-0.008596896165362817,0.03793043731640804,-0.001971775406685548,0.3427007791723569,59.3368005269737,0.03835350098284292
ATLAS (C/2025 N1),2462615.5,A.D. 2030-Apr-24 00:00:00.0000,12.5,-2.940793644219938,4.5,59.43242512791161,-3.450632476402925,-0.008641595082113488,0.03787439682284736,-0.001970510373513097,0.3442503642819146,59.60510287156553,0.03830510809354226
ATLAS (C/2025 N1),2462622.5,A.D. 2030-May-01 00:00:00.0000,12.5,-3.001443657894985,4.5,59.69734990382634,-3.464421668011864,-0.008686200911311842,0.03781885116764952,-0.001969230806289714,0.3457980112145275,59.87306963122222,0.03825724309335418
ATLAS (C/2025 N1),2462629.5,A.D. 2030-May-08 00:00:00.0000,12.5,-3.062406342143869,4.5,59.96188175408769,-3.478202040899845,-0.008730458184847292,0.03776187780144421,-0.001967993353649578,0.3473437003843133,60.14069741475333,0.03820797961004442
ATLAS (C/2025 N1),2462636.5,A.D. 2030-May-15 00:00:00.0000,12.5,-3.123673390314557,4.5,60.22601566765271,-3.491973658046335,-0.008773635942526897,0.03770529542847056,-0.001966731959717535,0.3488874021173329,60.4079810842756,0.03815908794135021
ATLAS (C/2025 N1),2462643.5,A.D. 2030-May-22 00:00:00.0000,12.5,-3.185244551052778,4.5,60.4897525792516,-3.505736506923134,-0.008817229806525845,0.03764787889310017,-0.001965504943069415,0.35042912325571,60.67492182446601,0.0381094261925352
ATLAS (C/2025 N1),2462650.5,A.D. 2030-May-29 00:00:00.0000,12.5,-3.247115342441595,4.5,60.75308435163784,-3.519490802781662,-0.008859308764273937,0.0375899787855296,-0.001964275933571757,0.3519688171876292,60.94151156473891,0.0380592397673608
ATLAS (C/2025 N1),2462657.5,A.D. 2030-Jun-05 00:00:00.0000,12.5,-3.309280516896107,4.5,61.01601286632756,-3.533236441107189,-0.00890170598413799,0.03753222129830953,-0.00196305019349742,0.3535064945748075,61.20775215111339,0.03800924847812797
ATLAS (C/2025 N1),2462664.5,A.D. 2030-Jun-12 00:00:00.0000,12.5,-3.37174028741051,4.5,61.27853165556311,-3.546973651914516,-0.008943100724387521,0.0374731623015058,-0.001961855327043235,0.3550421197662082,61.47363741080378,0.0379579429942349
ATLAS (C/2025 N1),2462671.5,A.D. 2030-Jun-19 00:00:00.0000,12.5,-3.434485966856004,4.5,61.54063894652482,-3.560702402562004,-0.008983933879180648,0.03741469588824425,-0.001960638627162654,0.3565756812132432,61.73916534423402,0.03790722993109819
ATLAS (C/2025 N1),2462678.5,A.D. 2030-Jun-26 00:00:00.0000,12.5,-3.497518855938321,4.5,61.80233321199501,-3.574422788044377,-0.009024728271790098,0.03735494552277882,-0.001959465747130452,0.3581071719339484,62.00433474251454,0.03785527119000826
ATLAS (C/2025 N1),2462685.5,A.D. 2030-Jul-03 00:00:00.0000,12.5,-3.560831563811183,4.5,62.06360790438629,-3.588134945602395,-0.009064108077291693,0.03729529330830253,-0.001958275685792976,0.3596365532264399,62.26913890462184,0.03780336168983995
ATLAS (C/2025 N1),2462692.5,A.D. 2030-Jul-10 00:00:00.0000,12.5,-3.62442179857969,4.5,62.32446511317265,-3.601838813996146,-0.00910394005093735,0.03723519214608725,-0.001957110692726115,0.3611638376315897,62.53358000194058,0.03775106350616363
ATLAS (C/2025 N1),2462699.5,A.D. 2030-Jul-17 00:00:00.0000,12.5,-3.688286930113383,4.5,62.58489694402077,-3.615534639984656,-0.009142322170388358,0.03717420927383814,-0.001955959182283279,0.3626889801801181,62.79765024828139,0.03769783411590754
ATLAS (C/2025 N1),2462706.5,A.D. 2030-Jul-24 00:00:00.0000,12.5,-3.75241971227897,4.5,62.84490443994897,-3.629222332940768,-0.009180710442423707,0.03711364010655682,-0.00195480063202525,0.3642119856174187,63.06135046528367,0.03764504618671603
ATLAS (C/2025 N1),2462713.5,A.D. 2030-Jul-31 00:00:00.0000,12.5,-3.816821198898342,4.5,63.10448311107076,-3.642902087102194,-0.009218466446923687,0.03705164663561927,-0.001953683994762681,0.3657328297102792,63.32467645709679,0.03759083283474138
ATLAS (C/2025 N1),2462720.5,A.D. 2030-Aug-07 00:00:00.0000,12.5,-3.881482422805745,4.5,63.36362932445576,-3.656573938442493,-0.009255265231431506,0.03699015383529151,-0.001952545401335839,0.3672514896071182,63.58762426709208,0.0375370868109572
ATLAS (C/2025 N1),2462727.5,A.D. 2030-Aug-14 00:00:00.0000,12.5,-3.946403524610445,4.5,63.6223435923094,-3.670237917715012,-0.009292329713596701,0.03692765100386076,-0.001951448445918688,0.3687679694175436,63.85019460682609,0.03748238008945579
ATLAS (C/2025 N1),2462734.5,A.D. 2030-Aug-21 00:00:00.0000,12.5,-4.011578617565791,4.5,63.88061842587452,-3.683894226089437,-0.009327857317041405,0.0368648850725125,-0.001950346143576427,0.3702822251009255,64.11237985090013,0.03742734186547505
ATLAS (C/2025 N1),2462741.5,A.D. 2030-Aug-28 00:00:00.0000,12.5,-4.077003140396807,4.5,64.13845629404611,-3.697542774985287,-0.009363782975145542,0.03680209528264389,-0.001949257171410895,0.3717942702216646,64.37418234791735,0.03737233043487984
ATLAS (C/2025 N1),2462748.5,A.D. 2030-Sep-04 00:00:00.0000,12.5,-4.142676134865135,4.5,64.39585036219786,-3.711183815261054,-0.009398524252202074,0.03673815364413848,-0.001948195746111956,0.373304066186611,64.6355954156811,0.03731612254492666
ATLAS (C/2025 N1),2462755.5,A.D. 2030-Sep-11 00:00:00.0000,12.5,-4.208588907134397,4.5,64.65280023178131,-3.724817296578427,-0.009432911129689423,0.03667483429506604,-0.001947118067394633,0.3748116084404301,64.89661826545947,0.03726053381579503
ATLAS (C/2025 N1),2462762.5,A.D. 2030-Sep-18 00:00:00.0000,12.5,-4.274742578573615,4.5,64.90930367133059,-3.738443358754578,-0.00946706765569952,0.03661020774243956,-0.001946086033942779,0.376316885525076,65.15724891335343,0.03720365334422408
ATLAS (C/2025 N1),2462769.5,A.D. 2030-Sep-25 00:00:00.0000,12.5,-4.341128722236021,4.5,65.16535533696725,-3.752062113016347,-0.00949993217117618,0.03654592647899498,-0.001945034367230876,0.3778198644416543,65.4174816457815,0.03714705216636051
ATLAS (C/2025 N1),2462776.5,A.D. 2030-Oct-02 00:00:00.0000,12.5,-4.407745686061543,4.5,65.42095727485611,-3.765673533505508,-0.009533210533502047,0.03648108297873959,-0.00194401431712631,0.379320557158723,65.67731853503527,0.03708994088209107
ATLAS (C/2025 N1),2462783.5,A.D. 2030-Oct-09 00:00:00.0000,12.5,-4.474589411279943,4.5,65.67610183007751,-3.779277865921857,-0.009564940513225189,0.03641566077905296,-0.001943000458808766,0.3808189189661212,65.93675183979035,0.03703216942859128
ATLAS (C/2025 N1),2462790.5,A.D. 2030-Oct-16 00:00:00.0000,12.5,-4.541653175255951,4.5,65.93079104645564,-3.79287502110085,-0.009596800554560287,0.03635063455407134,-0.001941985189522626,0.3823149597297945,66.19578326828227,0.03697481950018575
ATLAS (C/2025 N1),2462797.5,A.D. 2030-Oct-23 00:00:00.0000,12.5,-4.608937222541754,4.5,66.18501983126738,-3.806465226916484,-0.00962776690341694,0.03628434333624557,-0.001941006740051527,0.3838086510560423,66.45440790429414,0.03691616867190137
ATLAS (C/2025 N1),2462804.5,A.D. 2030-Oct-30 00:00:00.0000,12.5,-4.676432170203745,4.5,66.43878600757554,-3.820048494200937,-0.009657903215889767,0.03621873775928315,-0.001940005630724026,0.3852999773760564,66.71262305217041,0.03685815816917428
ATLAS (C/2025 N1),2462811.5,A.D. 2030-Nov-06 00:00:00.0000,12.5,-4.744138400134858,4.5,66.69208956394834,-3.833624899109463,-0.009688073947477184,0.03615208204308847,-0.001939047662852808,0.3867889394476801,66.97042884312758,0.03679912285394017
ATLAS (C/2025 N1),2462818.5,A.D. 2030-Nov-13 00:00:00.0000,12.5,-4.812048734322929,4.5,66.94492391058996,-3.847194623431284,-0.009716654298543724,0.03608547149355302,-0.001938077407744159,0.3882754971248907,67.22781832609725,0.03674003381211739
ATLAS (C/2025 N1),2462825.5,A.D. 2030-Nov-20 00:00:00.0000,12.5,-4.880159353145414,4.5,67.19729192367012,-3.860757601842014,-0.009745571990594134,0.03601872637635514,-0.001937126538840917,0.3897596659196492,67.48479418689233,0.03668084968130116
ATLAS (C/2025 N1),2462832.5,A.D. 2030-Nov-27 00:00:00.0000,12.5,-4.948468027241149,4.5,67.44918662992185,-3.874314098554075,-0.00977303404858616,0.03595105424979505,-0.001936196069418171,0.3912414054288837,67.74134942993764,0.03662065144495653
ATLAS (C/2025 N1),2462839.5,A.D. 2030-Dec-04 00:00:00.0000,12.5,-5.016966291731864,4.5,67.70060895694924,-3.887864051123679,-0.009800213899007044,0.03588399973927158,-0.001935254031706927,0.3927207179014118,67.99748444460388,0.03656105813072806
ATLAS (C/2025 N1),2462846.5,A.D. 2030-Dec-11 00:00:00.0000,12.5,-5.085654898033742,4.5,67.95155600461538,-3.901407641435832,-0.009826831164778768,0.03581562846988211,-0.001934357150304922,0.3941975874933048,68.25319648759996,0.03650012599889103
ATLAS (C/2025 N1),2462853.5,A.D. 2030-Dec-18 00:00:00.0000,12.5,-5.15452460578834,4.5,68.20202380884591,-3.91494495310234,-0.009852194680511173,0.03574775737136244,-0.001933440090395982,0.3956719878993791,68.50848100432445,0.03643960651561753
ATLAS (C/2025 N1),2462860.5,A.D. 2030-Dec-25 00:00:00.0000,12.5,-5.22357432925791,4.5,68.45201423086293,-3.928475999931319,-0.009877793694470569,0.03567912640378201,-0.001932562281162472,0.3971439297249397,68.763339831029,0.03637835929138102
ATLAS (C/2025 N1),2462867.5,A.D. 2031-Jan-01 00:00:00.0000,12.5,-5.292798608513479,4.5,68.7015201403673,-3.942001018880662,-0.009901719280479006,0.03561011120991793,-0.001931686892822292,0.3986133700127653,69.0177655299013,0.03631661023758088
ATLAS (C/2025 N1),2462874.5,A.D. 2031-Jan-08 00:00:00.0000,12.5,-5.362191384470517,4.5,68.95054444709075,-3.955519929147865,-0.009925831760982254,0.03554130575551023,-0.001930820700424316,0.4000803230828295,69.27176058036791,0.03625509111467994
ATLAS (C/2025 N1),2462881.5,A.D. 2031-Jan-15 00:00:00.0000,12.5,-5.431751925610962,4.5,69.19908163427243,-3.969032985224519,-0.009948804716186494,0.03547129039698038,-0.001929990432569799,0.4015447572408932,69.52531949474147,0.03619228754362874
ATLAS (C/2025 N1),2462888.5,A.D. 2031-Jan-22 00:00:00.0000,12.5,-5.501470681625307,4.5,69.44713103329948,-3.98254017527463,-0.009971125651679015,0.03540195837942609,-0.001929144122259964,0.4030066645665587,69.7784409016476,0.03613011639757344
ATLAS (C/2025 N1),2462895.5,A.D. 2031-Jan-29 00:00:00.0000,12.5,-5.571348096246647,4.5,69.69469206926932,-3.996041620438342,-0.009993301043754246,0.03533143582166603,-0.001928347099445261,0.4044660421719801,70.0311243010713,0.03606675573436284
ATLAS (C/2025 N1),2462902.5,A.D. 2031-Feb-05 00:00:00.0000,12.5,-5.641375845653876,4.5,69.9417592972806,-4.009537478163773,-0.01001398791612174,0.03526114069417707,-0.001927537664406542,0.4059228551499298,70.28336364901344,0.0360035047791838
ATLAS (C/2025 N1),2462909.5,A.D. 2031-Feb-12 00:00:00.0000,12.5,-5.711550848595653,4.5,70.18833583532981,-4.023027712205957,-0.01003505090071524,0.03519051135239024,-0.001926758520104373,0.4073771200788965,70.53516181595045,0.03593995491272955
ATLAS (C/2025 N1),2462916.5,A.D. 2031-Feb-19 00:00:00.0000,12.5,-5.781869528521565,4.5,70.43441483289828,-4.036512591683292,-0.01005458325477392,0.03511916258381152,-0.001925996428197801,0.4088287960783399,70.78651172363607,0.03587556727337563
ATLAS (C/2025 N1),2462923.5,A.D. 2031-Feb-26 00:00:00.0000,12.5,-5.852323843919515,4.5,70.67999845983418,-4.049992047976959,-0.01007406009893468,0.03504838194901596,-0.001925231414118194,0.4102778918334201,71.03741487585924,0.03581173978053103
ATLAS (C/2025 N1),2462930.5,A.D. 2031-Mar-05 00:00:00.0000,12.5,-5.922913967998128,4.5,70.92508322793229,-4.063466300427709,-0.01009280719688395,0.0349763566428699,-0.001924511070049385,0.4117243874364555,71.28786782571171,0.035746615773897
ATLAS (C/2025 N1),2462937.5,A.D. 2031-Mar-12 00:00:00.0000,12.5,-5.99363007470171,4.5,71.16966667798584,-4.076935404886971,-0.01011052183569808,0.03490502823552363,-0.001923771308873285,0.4131682640230683,71.53786730692772,0.03568209593195582
ATLAS (C/2025 N1),2462944.5,A.D. 2031-Mar-19 00:00:00.0000,12.5,-6.064471517769598,4.5,71.41375035717192,-4.09039941783484,-0.01012839056488779,0.03483287510911737,-0.001923075573862766,0.4146095300874125,71.78741479022445,0.03561676845511113
ATLAS (C/2025 N1),2462951.5,A.D. 2031-Mar-26 00:00:00.0000,12.5,-6.135431501950646,4.5,71.65732792044162,-4.103858560943412,-0.01014461020083697,0.0347606773806165,-0.001922375790398555,0.4160481458152103,72.03650338197335,0.03555125328010281
ATLAS (C/2025 N1),2462958.5,A.D. 2031-Apr-02 00:00:00.0000,12.5,-6.206504724800702,4.5,71.90040296777212,-4.117312769154988,-0.01016110629559158,0.03468864363401822,-0.001921691547944608,0.41748412908622,72.2851361779587,0.03548592076741539
ATLAS (C/2025 N1),2462965.5,A.D. 2031-Apr-09 00:00:00.0000,12.5,-6.277689343231241,4.5,72.14296974877415,-4.130762316500732,-0.01017626598280764,0.03461566756548347,-0.001921035938824986,0.4189174458355191,72.53330728002194,0.03541953253931949
ATLAS (C/2025 N1),2462972.5,A.D. 2031-Apr-16 00:00:00.0000,12.5,-6.348975890445431,4.5,72.38502908455618,-4.144207173073711,-0.01019093806401316,0.03454350266073559,-0.00192036616523835,0.4203480957996573,72.78101664254805,0.03535390104157875
ATLAS (C/2025 N1),2462979.5,A.D. 2031-Apr-23 00:00:00.0000,12.5,-6.420364691264115,4.5,72.62657981517526,-4.157647503875505,-0.0102052080132849,0.03447020734713226,-0.001919744021439804,0.4217760722384539,73.02826309851095,0.03528710573056209
ATLAS (C/2025 N1),2462986.5,A.D. 2031-Apr-30 00:00:00.0000,12.5,-6.491846479664545,4.5,72.86761783507662,-4.171083439307012,-0.01021803797629078,0.034397439256657,-0.001919104447990731,0.4232013465986182,73.27504170406162,0.03522069830173931
ATLAS (C/2025 N1),2462993.5,A.D. 2031-May-07 00:00:00.0000,12.5,-6.563418890260746,4.5,73.1081463289748,-4.184514977950125,-0.01023111913436059,0.03432425049932214,-0.001918499884465732,0.4246239355873122,73.52135535195548,0.03515388730064807
ATLAS (C/2025 N1),2463000.5,A.D. 2031-May-14 00:00:00.0000,12.5,-6.635077000627298,4.5,73.34815883267218,-4.197942386204687,-0.01024249438361776,0.03425064391936314,-0.001917904387804534,0.4260437992364085,73.76719712192578,0.03508649863809853
ATLAS (C/2025 N1),2463007.5,A.D. 2031-May-21 00:00:00.0000,12.5,-6.706813388130517,4.5,73.58765863333116,-4.211365596321957,-0.0102538658097293,0.03417755589024662,-0.001917312013239498,0.427460952105038,74.01256953480785,0.03501961353870933
ATLAS (C/2025 N1),2463014.5,A.D. 2031-May-28 00:00:00.0000,12.5,-6.778627487333437,4.5,73.8266417813951,-4.224784859505288,-0.01026419525799226,0.03410333339187282,-0.001916760571475544,0.4288753708171722,74.25746854316789,0.03495149627296212
ATLAS (C/2025 N1),2463021.5,A.D. 2031-Jun-04 00:00:00.0000,12.5,-6.85050915970478,4.5,74.06510740899651,-4.238200205286467,-0.01027359221941677,0.03402992058984955,-0.001916191480991126,0.430287044548517,74.50189227283747,0.03488408394808865
ATLAS (C/2025 N1),2463028.5,A.D. 2031-Jun-11 00:00:00.0000,12.5,-6.922458072025279,4.5,74.30305666640638,-4.251611734124436,-0.01028290936288005,0.03395556607248357,-0.001915670928330407,0.4316959791930459,74.74584174432641,0.03481571666348605
ATLAS (C/2025 N1),2463035.5,A.D. 2031-Jun-18 00:00:00.0000,12.5,-6.99446623156634,4.5,74.5404842589937,-4.265019646398637,-0.01029055657439653,0.0338813942938241,-0.001915143020255289,0.4331021395628801,74.98931086504246,0.03474736040436035
ATLAS (C/2025 N1),2463042.5,A.D. 2031-Jun-25 00:00:00.0000,12.5,-7.066529163820388,4.5,74.77739431271567,-4.278423899229798,-0.01029847465543359,0.03380720095199766,-0.00191464044276054,0.4345055462826506,75.2323032060297,0.03467899293174727
ATLAS (C/2025 N1),2463049.5,A.D. 2031-Jul-02 00:00:00.0000,12.5,-7.13864383118596,4.5,75.01378108949714,-4.291824777737686,-0.01030487258932473,0.03373223390682564,-0.001914162894189858,0.4359061641925591,75.47481267955776,0.03460969804477144
ATLAS (C/2025 N1),2463056.5,A.D. 2031-Jul-09 00:00:00.0000,12.5,-7.210801096802385,4.5,75.2496468614679,-4.305222238752488,-0.01031096039768221,0.03365803249151688,-0.001913679079198818,0.4373040006287393,75.71684055583883,0.03454111579555433
ATLAS (C/2025 N1),2463063.5,A.D. 2031-Jul-16 00:00:00.0000,12.5,-7.283000983967852,4.5,75.48498993392128,-4.3186164873821,-0.01031643484114037,0.03358268426252679,-0.001913244659668989,0.4386990451920554,75.95838503431838,0.03447131949104235
ATLAS (C/2025 N1),2463070.5,A.D. 2031-Jul-23 00:00:00.0000,12.5,-7.355233516691005,4.5,75.71980771879743,-4.332007624784647,-0.01032063822288726,0.03350803525199898,-0.001912793765786113,0.4400912767693343,76.19944245936385,0.03440207491101611
ATLAS (C/2025 N1),2463077.5,A.D. 2031-Jul-30 00:00:00.0000,12.5,-7.427496975010846,4.5,75.95410333018107,-4.345395687897353,-0.01032503922267126,0.03343282046772818,-0.001912385673467167,0.4414807114574644,76.44001561806495,0.03433226889421707
ATLAS (C/2025 N1),2463084.5,A.D. 2031-Aug-06 00:00:00.0000,12.5,-7.499785129172325,4.5,76.18787097115248,-4.358780932365264,-0.01032773011847631,0.03335746452492686,-0.00191198190659148,0.4428673117317397,76.68009801322037,0.03426213500320641
ATLAS (C/2025 N1),2463091.5,A.D. 2031-Aug-13 00:00:00.0000,12.5,-7.572091322300485,4.5,76.42111490302993,-4.372163297892898,-0.01033057200903276,0.03328254734830385,-0.001911589677166989,0.4442510973718818,76.91969306958268,0.03419242962504022
ATLAS (C/2025 N1),2463098.5,A.D. 2031-Aug-20 00:00:00.0000,12.5,-7.644414098052988,4.5,76.65383088463238,-4.385543060352044,-0.01033220290049771,0.03320668420930607,-0.001911234032360496,0.4456320423747472,77.1587962848471,0.03412164418122757
ATLAS (C/2025 N1),2463105.5,A.D. 2031-Aug-27 00:00:00.0000,12.5,-7.716743271471753,4.5,76.88601967515157,-4.39892022552942,-0.01033312595714231,0.03313176941334062,-0.001910863147993836,0.4470101443159031,77.39740723923619,0.03405170513778671
ATLAS (C/2025 N1),2463112.5,A.D. 2031-Sep-03 00:00:00.0000,12.5,-7.789078662263566,4.5,77.1176819755484,-4.412294937427232,-0.01033380043506001,0.03305592616412772,-0.00191054178644521,0.4483854061505599,77.63552644442876,0.03398079694277151
ATLAS (C/2025 N1),2463119.5,A.D. 2031-Sep-10 00:00:00.0000,12.5,-7.861411256275745,4.5,77.34881376989007,-4.425667370440982,-0.01033288969947974,0.03298059383655978,-0.00191020760524429,0.4497577986508966,77.87314883978443,0.03391021024435565
ATLAS (C/2025 N1),2463126.5,A.D. 2031-Sep-17 00:00:00.0000,12.5,-7.933737430453688,4.5,77.57941952976526,-4.43903750981526,-0.01033223295395868,0.03290517653233036,-0.001909904089972791,0.4511273442729624,78.11027831344767,0.03383953957401414
ATLAS (C/2025 N1),2463133.5,A.D. 2031-Sep-24 00:00:00.0000,12.5,-8.006052917211269,4.5,77.80949377872972,-4.452405643516111,-0.01032990365349744,0.0328293107095066,-0.001909617028072871,0.452494008093238,78.34690881859845,0.03376822687987969
ATLAS (C/2025 N1),2463140.5,A.D. 2031-Oct-01 00:00:00.0000,12.5,-8.078349141108559,4.5,78.03904014318293,-4.465771721166208,-0.01032738697358623,0.03275424800522764,-0.001909327779131517,0.4538578046972368,78.58304288064019,0.03369766348514048
ATLAS (C/2025 N1),2463147.5,A.D. 2031-Oct-08 00:00:00.0000,12.5,-8.150625660519662,4.5,78.2680564711281,-4.479135983274944,-0.01032397275553293,0.0326781714142774,-0.00190908362320668,0.4552187203782612,78.81867812633175,0.03362597433807984
ATLAS (C/2025 N1),2463154.5,A.D. 2031-Oct-15 00:00:00.0000,12.5,-8.222872063058137,4.5,78.49654181313164,-4.492498501514852,-0.01031938788368995,0.03260301109161707,-0.00190882127897907,0.4565767422988956,79.05381233294355,0.03355504216908992
ATLAS (C/2025 N1),2463161.5,A.D. 2031-Oct-22 00:00:00.0000,12.5,-8.295087190594069,4.5,78.7244990888959,-4.505859353703441,-0.01031479678722318,0.0325272097188033,-0.001908605119596365,0.4579318852799317,79.28844806661614,0.03348344432943944
ATLAS (C/2025 N1),2463168.5,A.D. 2031-Oct-29 00:00:00.0000,12.5,-8.367263619510307,4.5,78.95192343835664,-4.519218777600101,-0.0103084168337797,0.03245156126685523,-0.001908386931129498,0.4592841157787228,79.52257951962024,0.03341177884128452
ATLAS (C/2025 N1),2463175.5,A.D. 2031-Nov-05 00:00:00.0000,12.5,-8.439395590154776,4.5,79.17881993229669,-4.532576726941084,-0.01030218787741529,0.03237622998194472,-0.00190818800198911,0.4606334580430921,79.75621089033628,0.03334041200820471
ATLAS (C/2025 N1),2463182.5,A.D. 2031-Nov-12 00:00:00.0000,12.5,-8.511480660963697,4.5,79.40518424822966,-4.545933494085737,-0.01029449472833848,0.03230012614755473,-0.001908020897666318,0.46197988455186,79.98933741361977,0.03326809150984795
ATLAS (C/2025 N1),2463189.5,A.D. 2031-Nov-19 00:00:00.0000,12.5,-8.583508884197352,4.5,79.63101876815534,-4.559289064584996,-0.01028623113011519,0.03222498353518262,-0.001907844095790842,0.4633234014764132,80.22196015801315,0.03319662885899626
ATLAS (C/2025 N1),2463196.5,A.D. 2031-Nov-26 00:00:00.0000,12.5,-8.65548008081834,4.5,79.85632374655715,-4.572643623379519,-0.01027746991389703,0.03214885804313052,-0.001907719344060998,0.464664008810929,80.45407912250829,0.03312410510262786
ATLAS (C/2025 N1),2463203.5,A.D. 2031-Dec-03 00:00:00.0000,12.5,-8.72738444489772,4.5,80.08109665751057,-4.585997314862513,-0.0102672180380641,0.03207342728052339,-0.001907581533160998,0.4660016846042203,80.68569050637491,0.03305207325164129
ATLAS (C/2025 N1),2463210.5,A.D. 2031-Dec-10 00:00:00.0000,12.5,-8.799219198676338,4.5,80.30534216339282,-4.59935015654862,-0.0102571682994275,0.0319977234720225,-0.001907483787002409,0.4673364523748356,80.91679838172354,0.03297975752031096
ATLAS (C/2025 N1),2463217.5,A.D. 2031-Dec-17 00:00:00.0000,12.5,-8.870978862472764,4.5,80.52905532943885,-4.61270243014325,-0.01024537828083757,0.0319217925718842,-0.001907398934655516,0.4686682789953355,81.14739701271576,0.03290699019817211
ATLAS (C/2025 N1),2463224.5,A.D. 2031-Dec-24 00:00:00.0000,12.5,-8.942655626017093,4.5,80.75224102080853,-4.626054083721792,-0.01023357628967783,0.03184655719591208,-0.001907321806749391,0.4699971858721757,81.37749010576454,0.03283487339445758
ATLAS (C/2025 N1),2463231.5,A.D. 2031-Dec-31 00:00:00.0000,12.5,-9.014248429925892,4.5,80.97489676492381,-4.639405386170733,-0.01022070486596928,0.03177039765011294,-0.001907288845906846,0.4713231566865607,81.60707483535799,0.03276168560419433
ATLAS (C/2025 N1),2463238.5,A.D. 2032-Jan-07 00:00:00.0000,12.5,-9.085746705662945,4.5,81.19702333408142,-4.652756380100471,-0.01020690802235833,0.03169527248813868,-0.001907241402859398,0.4726461875559677,81.83615052925812,0.03268938083039143
ATLAS (C/2025 N1),2463245.5,A.D. 2032-Jan-14 00:00:00.0000,12.5,-9.157149733559402,4.5,81.41862336915948,-4.666107184391222,-0.01019300901592064,0.03161943342544445,-0.001907245138449205,0.4739662915625196,82.06471945256435,0.0326163189139624
ATLAS (C/2025 N1),2463252.5,A.D. 2032-Jan-21 00:00:00.0000,12.5,-9.228449045364593,4.5,81.63969319908846,-4.679458012258861,-0.0101774308206928,0.03154404493175621,-0.001907242969343859,0.4752834406464869,82.29277674688511,0.0325434749134761
ATLAS (C/2025 N1),2463259.5,A.D. 2032-Jan-28 00:00:00.0000,12.5,-9.299639855732398,4.5,81.8602385246186,-4.692808837219719,-0.01016210257544316,0.03146888385542133,-0.001907267991044539,0.4765976626816933,82.52032723842329,0.03247084405007818
ATLAS (C/2025 N1),2463266.5,A.D. 2032-Feb-04 00:00:00.0000,12.5,-9.370718671468547,4.5,82.08025516895746,-4.706159959273827,-0.0101452100357209,0.03139323580372384,-0.001907318323933836,0.4779089298618192,82.74736611266397,0.03239751288194791
ATLAS (C/2025 N1),2463273.5,A.D. 2032-Feb-11 00:00:00.0000,12.5,-9.441676044661607,4.5,82.29974707245965,-4.719511348330417,-0.01012797575050223,0.0313186253555821,-0.001907363263849873,0.479217256845261,82.97389590762981,0.03232512833917025
ATLAS (C/2025 N1),2463280.5,A.D. 2032-Feb-18 00:00:00.0000,12.5,-9.512511637365009,4.5,82.51871407007711,-4.73286322629699,-0.01011005246254338,0.03124314591062025,-0.001907457683699414,0.4805226407727681,83.19991612825689,0.03225176270541996
ATLAS (C/2025 N1),2463287.5,A.D. 2032-Feb-25 00:00:00.0000,12.5,-9.58321511448738,4.5,82.73715527501294,-4.746215705427461,-0.01009080053240729,0.03116865037069352,-0.001907535684737887,0.4818250680039957,83.4254244127927,0.03217917526142079
ATLAS (C/2025 N1),2463294.5,A.D. 2032-Mar-03 00:00:00.0000,12.5,-9.653784502892444,4.5,82.95507537804772,-4.759568838943831,-0.01007165742183069,0.03109384313904398,-0.001907657121215308,0.483124562297037,83.65042487482363,0.03210624860708557
ATLAS (C/2025 N1),2463301.5,A.D. 2032-Mar-10 00:00:00.0000,12.5,-9.724213192137357,4.5,83.17247024321658,-4.77292289426182,-0.0100507153504456,0.03101916877732693,-0.001907782860907278,0.4844210938181853,83.8749123488034,0.03203320058593413
ATLAS (C/2025 N1),2463308.5,A.D. 2032-Mar-17 00:00:00.0000,12.5,-9.794494321509413,4.5,83.38934580802358,-4.786277824373571,-0.01002984032470644,0.03094516472358691,-0.001907921546389349,0.4857146901019607,84.09889160218647,0.03196077912215517
ATLAS (C/2025 N1),2463315.5,A.D. 2032-Mar-24 00:00:00.0000,12.5,-9.864626108733496,4.5,83.60569943501329,-4.79963391905132,-0.01000764857421264,0.03087045376297228,-0.001908097721930652,0.4870053330557142,84.3223595023277,0.03188745875421763
ATLAS (C/2025 N1),2463322.5,A.D. 2032-Mar-31 00:00:00.0000,12.5,-9.934598139201013,4.5,83.82153363693993,-4.812991194115373,-0.009984678303206375,0.03079690793320746,-0.001908260730233739,0.488293028137869,84.54531699432381,0.03181515379497514
ATLAS (C/2025 N1),2463329.5,A.D. 2032-Apr-07 00:00:00.0000,12.5,-10.00441001616111,4.5,84.03685071679625,-4.826349808416209,-0.009961367322506631,0.03072262953129472,-0.00190847575741806,0.4895777863802032,84.76776598826798,0.03174203749268768
ATLAS (C/2025 N1),2463336.5,A.D. 2032-Apr-14 00:00:00.0000,12.5,-10.07405244854783,4.5,84.2516484133996,-4.839709945291942,-0.009936415320469932,0.03064906847743443,-0.00190868058525637,0.4908595866214419,84.98970282019904,0.03166938913474047
ATLAS (C/2025 N1),2463343.5,A.D. 2032-Apr-21 00:00:00.0000,12.5,-10.14352168770217,4.5,84.4659328741569,-4.853071603069909,-0.009911667513754902,0.03057559103506348,-0.0019089200003774,0.4921384595104679,85.21113279680648,0.0315968004580932
ATLAS (C/2025 N1),2463350.5,A.D. 2032-Apr-28 00:00:00.0000,12.5,-10.21281319462393,4.5,84.67970031919796,-4.866435080063593,-0.009885210287328238,0.03050186096681202,-0.001909179070494941,0.4934143783943482,85.43205130327807,0.03152370927327815
ATLAS (C/2025 N1),2463357.5,A.D. 2032-May-05 00:00:00.0000,12.5,-10.28191828487226,4.5,84.89295614770481,-4.879800335519562,-0.009858567805637116,0.03042910584344369,-0.001909440389351223,0.4946873661589936,85.65246230218638,0.03145151174887604
ATLAS (C/2025 N1),2463364.5,A.D. 2032-May-12 00:00:00.0000,12.5,-10.35083632843431,4.5,85.10569985848532,-4.893167622201369,-0.009831020386064183,0.0303555254684321,-0.001909750551390826,0.4959574175415942,85.87236488230417,0.03137833988592591
ATLAS (C/2025 N1),2463371.5,A.D. 2032-May-19 00:00:00.0000,12.5,-10.41955676076027,4.5,85.31793232007048,-4.906537018831466,-0.009802343612014042,0.03028306335740931,-0.001910046391062063,0.4972245281397674,86.09175828138252,0.03130608774584619
ATLAS (C/2025 N1),2463378.5,A.D. 2032-May-26 00:00:00.0000,12.5,-10.48807834840373,4.5,85.5296581279832,-4.91990861543513,-0.009773692496306963,0.03021015682766977,-0.001910392264145426,0.4984887213422555,86.31064654905656,0.03123334954911797
ATLAS (C/2025 N1),2463385.5,A.D. 2032-Jun-02 00:00:00.0000,12.5,-10.55639348412925,4.5,85.74087420574627,-4.933282656898124,-0.009743309048383034,0.03013764505222368,-0.001910738724175563,0.4997499722007191,86.52902536565531,0.03116073988176915
ATLAS (C/2025 N1),2463392.5,A.D. 2032-Jun-09 00:00:00.0000,12.5,-10.62449640144665,4.5,85.95158738626155,-4.946659106570502,-0.009713143408231883,0.03006567929795205,-0.001911107488076459,0.5010083136323599,86.74690043061554,0.03108864642500205
ATLAS (C/2025 N1),2463399.5,A.D. 2032-Jun-16 00:00:00.0000,12.5,-10.69238451725196,4.5,86.16179506241824,-4.960038265918858,-0.009681565835237022,0.0299932155230365,-0.001911509365081534,0.5022637268653055,86.96426849368832,0.03101583581526342
ATLAS (C/2025 N1),2463406.5,A.D. 2032-Jun-23 00:00:00.0000,12.5,-10.76004786956272,4.5,86.37150145760359,-4.97342012678638,-0.009649496227687125,0.02992199150229992,-0.001911902888485454,0.5035162268545615,87.18113214425254,0.03094413898898057
ATLAS (C/2025 N1),2463413.5,A.D. 2032-Jun-30 00:00:00.0000,12.5,-10.82748624747371,4.5,86.58070851610503,-4.986804884605555,-0.009616969778571158,0.02985007960961417,-0.00191234868691844,0.504765822475995,87.39749291911697,0.0308716539747012
ATLAS (C/2025 N1),2463420.5,A.D. 2032-Jul-07 00:00:00.0000,12.5,-10.89468978927668,4.5,86.78941556267041,-5.000192688492461,-0.009583010583378682,0.0297791872428739,-0.001912780777361862,0.5060125006980808,87.61334856194301,0.03079994659539163
ATLAS (C/2025 N1),2463427.5,A.D. 2032-Jul-14 00:00:00.0000,12.5,-10.96165579514917,4.5,86.9976290020747,-5.013583565313182,-0.00954928273288526,0.02970833038823756,-0.001913252312628146,0.5072562940422769,87.8287047036465,0.03072825126196176
ATLAS (C/2025 N1),2463434.5,A.D. 2032-Jul-21 00:00:00.0000,12.5,-11.02837872984907,4.5,87.20534569210261,-5.026977802506639,-0.009513829704194586,0.02963759220901013,-0.001913734660573726,0.5084971784451237,88.04355717776856,0.0306564043911389
ATLAS (C/2025 N1),2463441.5,A.D. 2032-Jul-28 00:00:00.0000,12.5,-11.09485090543746,4.5,87.41257233314522,-5.040375354240705,-0.009478379150387902,0.02956786915365126,-0.001914223358810055,0.5097351844499194,88.25791127271746,0.03058550865234427
ATLAS (C/2025 N1),2463448.5,A.D. 2032-Aug-04 00:00:00.0000,12.5,-11.16107128667369,4.5,87.61930818601486,-5.053776497057291,-0.00944183248372121,0.0294975553680885,-0.00191475383196172,0.5109703049435915,88.47176575690276,0.03051383766081572
ATLAS (C/2025 N1),2463455.5,A.D. 2032-Aug-11 00:00:00.0000,12.5,-11.22702940309111,4.5,87.82555591582388,-5.067181276639777,-0.009404352330043242,0.02942859941827503,-0.001915267903092294,0.512202545331959,88.68512156631296,0.03044333712166173
ATLAS (C/2025 N1),2463462.5,A.D. 2032-Aug-18 00:00:00.0000,12.5,-11.29272468232639,4.5,88.03131990369045,-5.080589819817813,-0.009366723191868563,0.02935922874480848,-0.001915831480365367,0.5134319280464915,88.89798258483678,0.03037235446012659
ATLAS (C/2025 N1),2463469.5,A.D. 2032-Aug-25 00:00:00.0000,12.5,-11.35814872347087,4.5,88.23659835102721,-5.094002342155802,-0.009327380710389008,0.02929061903735087,-0.001916387256317106,0.5146584344652841,89.11034558819122,0.03030185135193434
ATLAS (C/2025 N1),2463476.5,A.D. 2032-Sep-01 00:00:00.0000,12.5,-11.42329697906574,4.5,88.44139877671621,-5.107418822748599,-0.009288247415115762,0.02922250058873411,-0.001916969685726235,0.5158821019690366,89.32221704864384,0.03023180674124882
ATLAS (C/2025 N1),2463483.5,A.D. 2032-Sep-08 00:00:00.0000,12.5,-11.48816605542868,4.5,88.64571880921727,-5.120839565365411,-0.00924750029030066,0.02915417181514411,-0.001917576391061701,0.5171029123239302,89.53359380910682,0.03016129278339945
ATLAS (C/2025 N1),2463490.5,A.D. 2032-Sep-15 00:00:00.0000,12.5,-11.55274675536706,4.5,88.84956429471201,-5.134264541822136,-0.009206392318344884,0.02908712212523145,-0.001918178128132695,0.5183208898637232,89.74448008283974,0.0300919418983056
ATLAS (C/2025 N1),2463497.5,A.D. 2032-Sep-22 00:00:00.0000,12.5,-11.61703894477937,4.5,89.05293683432762,-5.147693979131946,-0.009164556379170097,0.02901943643328101,-0.001918829803810287,0.5195360414328608,89.95487705492158,0.03002181410362456
ATLAS (C/2025 N1),2463504.5,A.D. 2032-Sep-29 00:00:00.0000,12.5,-11.68103250167247,4.5,89.25583747351924,-5.161127989030143,-0.009121396483667107,0.02895296682954185,-0.001919466069274768,0.5207483632186021,90.16478406519676,0.02995266132508506
ATLAS (C/2025 N1),2463511.5,A.D. 2032-Oct-06 00:00:00.0000,12.5,-11.74472577452823,4.5,89.45827270536155,-5.174566628936084,-0.009078345525594734,0.02888638666909326,-0.001920147672250914,0.5219578888298007,90.37420693285779,0.02988335896407572
ATLAS (C/2025 N1),2463518.5,A.D. 2032-Oct-13 00:00:00.0000,12.5,-11.8081123526976,4.5,89.6602402761193,-5.188010165914732,-0.009033521097203078,0.02882016758736616,-0.001920834919824152,0.5231645983705506,90.58314221303547,0.02981412686564944
ATLAS (C/2025 N1),2463525.5,A.D. 2032-Oct-20 00:00:00.0000,12.5,-11.8711857575519,4.5,89.86174801207562,-5.201458553965872,-0.008988815733181587,0.02875481694651429,-0.001921537651602192,0.5243685293901115,90.79159640718245,0.02974571349349111
ATLAS (C/2025 N1),2463532.5,A.D. 2032-Oct-27 00:00:00.0000,12.5,-11.93394447019758,4.5,90.06279508737956,-5.214912084160345,-0.008942841412878896,0.02868898463560561,-0.001922279453108308,0.5255696738168377,90.99956811773669,0.02967660277446297
ATLAS (C/2025 N1),2463539.5,A.D. 2032-Nov-03 00:00:00.0000,12.5,-11.99637844420798,4.5,90.26338596702853,-5.228370769904955,-0.008896181846856577,0.02862454151341767,-0.001923010150974141,0.5267680472737525,91.20706004974075,0.02960871901242139
ATLAS (C/2025 N1),2463546.5,A.D. 2032-Nov-10 00:00:00.0000,12.5,-12.05848766658845,4.5,90.46352474816113,-5.241834771989063,-0.008849257573816495,0.0285595943360031,-0.001923794462996142,0.5279636709157222,91.41407586604626,0.02954024770749867
ATLAS (C/2025 N1),2463553.5,A.D. 2032-Nov-17 00:00:00.0000,12.5,-12.12026317931459,4.5,90.66321110842348,-5.255304269962513,-0.00880080098446864,0.02849562684418785,-0.001924569387486508,0.5291565338430847,91.62061367943515,0.0294724860011278
ATLAS (C/2025 N1),2463560.5,A.D. 2032-Nov-24 00:00:00.0000,12.5,-12.18170172221796,4.5,90.86245304595131,-5.268779262218542,-0.008752652751653198,0.02843199003804951,-0.001925379956918285,0.5303466769717613,91.8266805742796,0.02940503729456631
ATLAS (C/2025 N1),2463567.5,A.D. 2032-Dec-01 00:00:00.0000,12.5,-12.24279910739612,4.5,91.06124864593902,-5.282260044328669,-0.008702895350530008,0.02836839280558517,-0.001926209640121866,0.5315340839550835,92.03227372024176,0.02933735853153725
ATLAS (C/2025 N1),2463574.5,A.D. 2032-Dec-08 00:00:00.0000,12.5,-12.30354717209307,4.5,91.25960523924789,-5.295746572090578,-0.008653070306791084,0.02830605104555155,-0.001927041415794001,0.5327187881082812,92.23739888567484,0.0292708560582941
ATLAS (C/2025 N1),2463581.5,A.D. 2032-Dec-15 00:00:00.0000,12.5,-12.36394573477123,4.5,91.45752412783946,-5.309239097084138,-0.008602423055703492,0.02824318726035864,-0.001927920582727234,0.5339007945220156,92.44205695199945,0.02920367365792479
ATLAS (C/2025 N1),2463588.5,A.D. 2032-Dec-22 00:00:00.0000,12.5,-12.42398472632779,4.5,91.65500814362841,-5.322737691795018,-0.008550752081988296,0.02818175585171763,-0.00192878374870716,0.5350801093465587,92.64624898410227,0.02913771377595604
ATLAS (C/2025 N1),2463595.5,A.D. 2032-Dec-29 00:00:00.0000,12.5,-12.48366349035479,4.5,91.8520636955514,-5.336242444748363,-0.008499176730283655,0.02812018000867337,-0.001929695099451226,0.5362567664371632,92.84998084383854,0.02907157033201683
ATLAS (C/2025 N1),2463602.5,A.D. 2033-Jan-05 00:00:00.0000,12.5,-12.54297489871053,4.5,92.04868962427655,-5.349753594201578,-0.008445941848938097,0.02805932643578228,-0.001930604250534035,0.5374307514482637,93.05325004735057,0.02900586193835908
ATLAS (C/2025 N1),2463609.5,A.D. 2033-Jan-12 00:00:00.0000,12.5,-12.60191384588658,4.5,92.24489464947582,-5.36327109917938,-0.008392989408747921,0.02799931105711527,-0.001931533755294226,0.5386021079418699,93.2560641371666,0.02894096584815232
ATLAS (C/2025 N1),2463616.5,A.D. 2033-Jan-19 00:00:00.0000,12.5,-12.6604782823072,4.5,92.44067800103095,-5.376795255933425,-0.00833866425305459,0.02793910734517754,-0.001932493487313889,0.5397708277615831,93.45842170104996,0.02887564412181206
ATLAS (C/2025 N1),2463623.5,A.D. 2033-Jan-26 00:00:00.0000,12.5,-12.71865891359595,4.5,92.63604585729571,-5.390326048316981,-0.008283908415785237,0.02788042670511053,-0.001933442961512022,0.5409369366822077,93.66032720176965,0.02881171421206415
ATLAS (C/2025 N1),2463630.5,A.D. 2033-Feb-02 00:00:00.0000,12.5,-12.77645618270257,4.5,92.8310019611098,-5.403863667420672,-0.008228723664889366,0.02782132678849476,-0.001934442775481527,0.5421004542538423,93.86178402432036,0.02874725919698528
ATLAS (C/2025 N1),2463637.5,A.D. 2033-Feb-09 00:00:00.0000,12.5,-12.83386086447254,4.5,93.02554759118652,-5.417408252263707,-0.008172163822635128,0.02776351511915759,-0.001935427258385258,0.5432613783559535,94.0627918015431,0.02868383511060285
ATLAS (C/2025 N1),2463644.5,A.D. 2033-Feb-16 00:00:00.0000,12.5,-12.89087103181123,4.5,93.21969098981731,-5.430959823847291,-0.008115882973552717,0.02770596546598193,-0.001936450660071263,0.5444197523375236,94.26335803908144,0.02862065580829296
ATLAS (C/2025 N1),2463651.5,A.D. 2033-Feb-23 00:00:00.0000,12.5,-12.94748179261324,4.5,93.41343089855911,-5.44451865984143,-0.008057937259267628,0.02764877784819636,-0.001937483960433254,0.5455755630428885,94.46348045910277,0.02855755313447441
ATLAS (C/2025 N1),2463658.5,A.D. 2033-Mar-02 00:00:00.0000,12.5,-13.00368628311871,4.5,93.60677593310761,-5.458084704995304,-0.008000082426215119,0.02759280865472535,-0.001938524183319037,0.5467288520409852,94.6631662590455,0.02849561402828169
ATLAS (C/2025 N1),2463665.5,A.D. 2033-Mar-09 00:00:00.0000,12.5,-13.05948419501349,4.5,93.79972716248123,-5.4716582274493,-0.007941212349222111,0.0275364605982118,-0.001939606344191507,0.5478796231080725,94.86241609274845,0.02843310978576252
ATLAS (C/2025 N1),2463672.5,A.D. 2033-Mar-16 00:00:00.0000,12.5,-13.11486586318709,4.5,93.99228920770958,-5.485239260098196,-0.00788154027031905,0.02748167454380176,-0.001940673032261006,0.5490278928094352,95.06123282840188,0.02837198530603803
ATLAS (C/2025 N1),2463679.5,A.D. 2033-Mar-23 00:00:00.0000,12.5,-13.1698315698951,4.5,94.18446824414123,-5.498827921391235,-0.007821843186898308,0.027426664612997,-0.001941790342812519,0.5501736945296435,95.25962224636483,0.02831058623771279
ATLAS (C/2025 N1),2463686.5,A.D. 2033-Mar-30 00:00:00.0000,12.5,-13.22437369338005,4.5,94.37626438932568,-5.512424412972894,-0.007760596105453006,0.0273726357134228,-0.001942900448151296,0.5513170208049673,95.45758305433259,0.02824988998969379
ATLAS (C/2025 N1),2463693.5,A.D. 2033-Apr-06 00:00:00.0000,12.5,-13.27848863767039,4.5,94.56768701100614,-5.526028703124222,-0.007699735946031861,0.02731929536528927,-0.001944038480115638,0.5524579201317175,95.65512364918104,0.02818987775363705
ATLAS (C/2025 N1),2463700.5,A.D. 2033-Apr-13 00:00:00.0000,12.5,-13.33217382472359,4.5,94.75873556380162,-5.539641082742713,-0.007637444974605939,0.02726598373847858,-0.001945200684805989,0.5535963853428629,95.85224278997721,0.02812964540094499
ATLAS (C/2025 N1),2463707.5,A.D. 2033-Apr-20 00:00:00.0000,12.5,-13.38542102957991,4.5,94.94941780607653,-5.553261509162647,-0.007575012548362281,0.02721418469038787,-0.001946358204684669,0.5547324520521997,96.04894664305876,0.02807083737007869
ATLAS (C/2025 N1),2463714.5,A.D. 2033-Apr-27 00:00:00.0000,12.5,-13.43823104449161,4.5,95.13973710012033,-5.566890197706299,-0.007512049424886764,0.02716200664194019,-0.001947564719370928,0.5558661381192129,96.24523830069968,0.02801153338451702
ATLAS (C/2025 N1),2463721.5,A.D. 2033-May-04 00:00:00.0000,12.5,-13.49059469117085,4.5,95.32969640514484,-5.580527243095322,-0.007447993053663631,0.0271113285219019,-0.001948754243037079,0.5569974510528256,96.44111906302966,0.027953508576193
ATLAS (C/2025 N1),2463728.5,A.D. 2033-May-11 00:00:00.0000,12.5,-13.54251137232449,4.5,95.51930398466384,-5.594172690234644,-0.007384254225333237,0.02706081849621812,-0.001949987113294681,0.5581264355586171,96.63659667057983,0.02789564773976545
ATLAS (C/2025 N1),2463735.5,A.D. 2033-May-18 00:00:00.0000,12.5,-13.59397561768875,4.5,95.70855942427102,-5.60782678912167,-0.007318952603532336,0.02701099396810519,-0.001951222048360091,0.5592530829558541,96.83166962032786,0.02783819705255694
ATLAS (C/2025 N1),2463742.5,A.D. 2033-May-25 00:00:00.0000,12.5,-13.6449820760581,4.5,95.89747238211982,-5.621489478152657,-0.007253979572309762,0.02696234495381565,-0.001952469109654496,0.5603774420678,97.02634636575965,0.02778190705238784
ATLAS (C/2025 N1),2463749.5,A.D. 2033-Jun-01 00:00:00.0000,12.5,-13.69553024264388,4.5,96.08604377733383,-5.635161032749261,-0.007187912888591504,0.02691355305463516,-0.001953750266561592,0.5614995158976237,97.22062742685785,0.02772527686839095
ATLAS (C/2025 N1),2463756.5,A.D. 2033-Jun-08 00:00:00.0000,12.5,-13.7456111973524,4.5,96.27427994809936,-5.648841447221035,-0.007121351844186503,0.02686648447717932,-0.001955015452978911,0.5626193314700866,97.41451748281479,0.02767023256285418
ATLAS (C/2025 N1),2463763.5,A.D. 2033-Jun-15 00:00:00.0000,12.5,-13.79522607220092,4.5,96.46218669567968,-5.662530867229912,-0.007054670873582692,0.02681923978038482,-0.001956328772066237,0.5637369209943158,97.60802211046808,0.02761495426375333
ATLAS (C/2025 N1),2463770.5,A.D. 2033-Jun-22 00:00:00.0000,12.5,-13.8443670112675,4.5,96.64976553752041,-5.676229451526912,-0.006986611335422058,0.02677331804680765,-0.001957626722244628,0.5648522849334049,97.80114138999974,0.02756074237503331
ATLAS (C/2025 N1),2463777.5,A.D. 2033-Jun-29 00:00:00.0000,12.5,-13.89303201481839,4.5,96.83702621087133,-5.689937181462299,-0.00691898937158251,0.02672803203120331,-0.001958954982722362,0.5659654754043694,97.99388434519133,0.0275071779022249
ATLAS (C/2025 N1),2463784.5,A.D. 2033-Jul-06 00:00:00.0000,12.5,-13.94121802351767,4.5,97.02396854782997,-5.703654332403563,-0.006849872026636322,0.02668310769920895,-0.001960296221987745,0.5670764872532965,98.18625008367057,0.02745371588450732
ATLAS (C/2025 N1),2463791.5,A.D. 2033-Jul-13 00:00:00.0000,12.5,-13.98891817717007,4.5,97.21060168025144,-5.717380839406554,-0.006780812455002334,0.02663972012422314,-0.001961634656103891,0.5681853651962981,98.37824634779213,0.02740173732456679
ATLAS (C/2025 N1),2463798.5,A.D. 2033-Jul-20 00:00:00.0000,12.5,-14.03613352522494,4.5,97.39692857567113,-5.731116935022838,-0.006711024261779753,0.02659608491642316,-0.001963015299111274,0.5692921253840258,98.56987593395475,0.0273493707921217
ATLAS (C/2025 N1),2463805.5,A.D. 2033-Jul-27 00:00:00.0000,12.5,-14.08285528016379,4.5,97.58295388081306,-5.744862667806679,-0.006640338604904149,0.02655414003454325,-0.001964375601256172,0.5703967854369526,98.76114189304863,0.02729850390851551
ATLAS (C/2025 N1),2463812.5,A.D. 2033-Aug-03 00:00:00.0000,12.5,-14.12908414798933,4.5,97.76868565917638,-5.75861810672999,-0.006569855198631945,0.02651227106504534,-0.001965780513329494,0.5714993903139456,98.95205200946042,0.02724770287543923
ATLAS (C/2025 N1),2463819.5,A.D. 2033-Aug-10 00:00:00.0000,12.5,-14.17481426672279,4.5,97.954124500774,-5.772383465210623,-0.006497843632046418,0.0264713545970294,-0.001967179627307339,0.5725999369990162,99.14260576098783,0.02719758458007792
ATLAS (C/2025 N1),2463826.5,A.D. 2033-Aug-17 00:00:00.0000,12.5,-14.22004197900295,4.5,98.13928083052345,-5.786158679802927,-0.006426261412084465,0.02643145957531087,-0.001968596968499583,0.5736984803478284,99.33281264559466,0.0271484989066789
ATLAS (C/2025 N1),2463833.5,A.D. 2033-Aug-24 00:00:00.0000,12.5,-14.26476655453689,4.5,98.32415552518269,-5.799944022911498,-0.006353455002841987,0.02639157385441546,-0.001970041915342138,0.574795023297452,99.52267317181878,0.0270992107780486
ATLAS (C/2025 N1),2463840.5,A.D. 2033-Aug-31 00:00:00.0000,12.5,-14.30898015389072,4.5,98.50875651296236,-5.813739452086515,-0.006280412643301063,0.02635338521267597,-0.001971475137753768,0.5758896030665174,99.71219378386624,0.02705152747629797
ATLAS (C/2025 N1),2463847.5,A.D. 2033-Sep-07 00:00:00.0000,12.5,-14.35268465763244,4.5,98.69308911952888,-5.827545135301541,-0.006207125710573742,0.02631494770181306,-0.001972957027097627,0.5769822501740965,99.9013797659506,0.0270035298722651
ATLAS (C/2025 N1),2463854.5,A.D. 2033-Sep-14 00:00:00.0000,12.5,-14.39587226300715,4.5,98.87715634750957,-5.841361182878785,-0.006132694927458386,0.02627798455111658,-0.001974421892427427,0.5780729738752638,100.0902327205383,0.02695678806838544
ATLAS (C/2025 N1),2463861.5,A.D. 2033-Sep-21 00:00:00.0000,12.5,-14.43854259849785,4.5,99.06096803232302,-5.855187591281154,-0.00605877618391858,0.02624144791000404,-0.001975924384206556,0.5791618285691368,100.2787620665445,0.02691050909370043
ATLAS (C/2025 N1),2463868.5,A.D. 2033-Sep-28 00:00:00.0000,12.5,-14.4806921986485,4.5,99.24452454201908,-5.869024609573555,-0.00598344275433484,0.02620547739926929,-0.001977434318660592,0.5802488121938786,100.4669674469734,0.02686455276760927
ATLAS (C/2025 N1),2463875.5,A.D. 2033-Oct-05 00:00:00.0000,12.5,-14.52231580791546,4.5,99.42783613403216,-5.882872154562012,-0.00590847591890817,0.0261709119552207,-0.001978949276602123,0.5813339775417489,100.6548580025212,0.02682000509231963
ATLAS (C/2025 N1),2463882.5,A.D. 2033-Oct-12 00:00:00.0000,12.5,-14.56341462736074,4.5,99.61090539902611,-5.89673046710484,-0.005832751799018127,0.026136184905526,-0.00198050285210249,0.5824173391884038,100.8424362568846,0.02677515951333666
ATLAS (C/2025 N1),2463889.5,A.D. 2033-Oct-19 00:00:00.0000,12.5,-14.60398058321217,4.5,99.79373861246492,-5.910599548783151,-0.005756518210271302,0.0261032459036836,-0.001982037552166325,0.5834989249596477,101.0297070279524,0.02673197506484988
ATLAS (C/2025 N1),2463896.5,A.D. 2033-Oct-26 00:00:00.0000,12.5,-14.64401559545817,4.5,99.97634342832801,-5.924479490941313,-0.005680522654566954,0.0260703090921246,-0.001983618754210675,0.5845787789491934,101.2166779503141,0.02668880070707289
ATLAS (C/2025 N1),2463903.5,A.D. 2033-Nov-02 00:00:00.0000,12.5,-14.68351360853777,4.5,100.1587215523138,-5.938370462603375,-0.005603254918082274,0.0260386130967333,-0.001985187592456701,0.58565690472704,101.4033496420959,0.02664663896710139
ATLAS (C/2025 N1),2463910.5,A.D. 2033-Nov-09 00:00:00.0000,12.5,-14.72247276299428,4.5,100.3408838578159,-5.952272402707442,-0.005526639498465353,0.02600784157402791,-0.001986779424736266,0.5867333616277308,101.5897323767557,0.02660545902981043
ATLAS (C/2025 N1),2463917.5,A.D. 2033-Nov-16 00:00:00.0000,12.5,-14.76089208281428,4.5,100.5228312718888,-5.966185570425645,-0.005448838262706921,0.02597736671210243,-0.001988389064063812,0.587808153137515,101.7758267579187,0.02656437534066246
ATLAS (C/2025 N1),2463924.5,A.D. 2033-Nov-23 00:00:00.0000,12.5,-14.79876510200461,4.5,100.7045730970436,-5.980109890092653,-0.005371153684286655,0.02594865066806113,-0.001989988238875199,0.5888813258516963,101.9616408533116,0.02652502014861957
ATLAS (C/2025 N1),2463931.5,A.D. 2033-Nov-30 00:00:00.0000,12.5,-14.83609432393307,4.5,100.886114077794,-5.994045546463835,-0.005293155537496945,0.02591980298808645,-0.001991629833404122,0.589952908009731,102.1471795524448,0.02648546820129953
ATLAS (C/2025 N1),2463938.5,A.D. 2033-Dec-07 00:00:00.0000,12.5,-14.87287229965265,4.5,101.067458697153,-6.007992598489411,-0.005214302453688624,0.02589270220704802,-0.001993248023544224,0.5910229180182537,102.3324460423282,0.02644749333605216
ATLAS (C/2025 N1),2463945.5,A.D. 2033-Dec-14 00:00:00.0000,12.5,-14.90910026763203,4.5,101.248616586214,-6.021951059740697,-0.005135976619178451,0.02586598166073612,-0.00199490359237323,0.5920914109636951,102.5174498608817,0.02640995133665284
ATLAS (C/2025 N1),2463952.5,A.D. 2033-Dec-21 00:00:00.0000,12.5,-14.94477447808525,4.5,101.4295887588937,-6.035921144020195,-0.005056302858245553,0.02584017339085297,-0.00199655481400688,0.5931583887071896,102.7021913303506,0.02637309368703529
ATLAS (C/2025 N1),2463959.5,A.D. 2033-Dec-28 00:00:00.0000,12.5,-14.97989148276092,4.5,101.6103862794458,-6.049902755292255,-0.004977179907597985,0.02581572073915451,-0.001998213067106307,0.5942239106281879,102.8866807319683,0.02633763619115534
ATLAS (C/2025 N1),2463966.5,A.D. 2034-Jan-04 00:00:00.0000,12.5,-15.01445256141757,4.5,101.7910113780265,-6.063896133998652,-0.004897168947956603,0.02579131046290758,-0.001999899843578429,0.5952879898525032,103.0709203383986,0.02630207495642472
ATLAS (C/2025 N1),2463973.5,A.D. 2034-Jan-11 00:00:00.0000,12.5,-15.04845068666339,4.5,101.9714718175641,-6.077901236331644,-0.004816907033483349,0.02576878280772207,-0.002001566249392643,0.5963506640279334,103.2549166681558,0.02626831832623475
ATLAS (C/2025 N1),2463980.5,A.D. 2034-Jan-18 00:00:00.0000,12.5,-15.08188889416294,4.5,102.1517746437942,-6.091918173550992,-0.004736750079176692,0.02574621724725814,-0.002003276586853223,0.5974119752772705,103.4386770145754,0.02623452654222718
ATLAS (C/2025 N1),2463987.5,A.D. 2034-Jan-25 00:00:00.0000,12.5,-15.11476118393464,4.5,102.3319227417869,-6.105947064328434,-0.004655478537152348,0.02572512089401787,-0.002004967554151364,0.5984719344378552,103.6222032540845,0.02620200758740457
ATLAS (C/2025 N1),2463994.5,A.D. 2034-Feb-01 00:00:00.0000,12.5,-15.14706756260095,4.5,102.5119271006764,-6.119987853879005,-0.004574914336547764,0.0257047685486945,-0.002006685805447815,0.5995306036153993,103.8055061399539,0.02617031494693146
ATLAS (C/2025 N1),2464001.5,A.D. 2034-Feb-08 00:00:00.0000,12.5,-15.17880683776513,4.5,102.6917888007204,-6.134040777949666,-0.004493139051386635,0.02568491249902161,-0.002008413267136977,0.6005879875384177,103.9885864909006,0.02613892428077356
ATLAS (C/2025 N1),2464008.5,A.D. 2034-Feb-15 00:00:00.0000,12.5,-15.20997418429017,4.5,102.8715182584527,-6.148105731934633,-0.004411742563702894,0.02566670196858401,-0.002010135180642229,0.6016441410557275,104.1714538037027,0.02610920280951769
ATLAS (C/2025 N1),2464015.5,A.D. 2034-Feb-22 00:00:00.0000,12.5,-15.24057260525029,4.5,103.0511195777018,-6.16218291014256,-0.004329927979812783,0.02564836900136725,-0.002011895655046698,0.6026990897629532,104.3541125101055,0.02607929219314412
ATLAS (C/2025 N1),2464022.5,A.D. 2034-Mar-01 00:00:00.0000,12.5,-15.27059531342435,4.5,103.2305986733268,-6.1762723183636,-0.004247572424173398,0.02563186107481741,-0.002013632250317953,0.6037528613146873,104.5365673983531,0.02605109515571163
ATLAS (C/2025 N1),2464029.5,A.D. 2034-Mar-08 00:00:00.0000,12.5,-15.30004508649813,4.5,103.4099647010139,-6.190373987300194,-0.00416576240922985,0.02561555679245704,-0.002015409571703169,0.6048055099753035,104.7188278640305,0.02602317435132524
ATLAS (C/2025 N1),2464036.5,A.D. 2034-Mar-15 00:00:00.0000,12.5,-15.32891803396748,4.5,103.5892194225167,-6.204488086829959,-0.004082789933011019,0.0256003729142227,-0.002017176067806167,0.6058570423120289,104.9008950442179,0.02599618376063376
ATLAS (C/2025 N1),2464043.5,A.D. 2034-Mar-22 00:00:00.0000,12.5,-15.35721264509152,4.5,103.7683743728946,-6.218614512832,-0.004000617674970238,0.02558636075508022,-0.00201895597735339,0.6069075225972297,105.0827800673306,0.02597046352611021
ATLAS (C/2025 N1),2464050.5,A.D. 2034-Mar-29 00:00:00.0000,12.5,-15.38493020126859,4.5,103.947431466928,-6.232753495480176,-0.003917575470880043,0.02557254855719859,-0.002020756926585142,0.6079569627582646,105.2644849985266,0.02594481171496443
ATLAS (C/2025 N1),2464057.5,A.D. 2034-Apr-05 00:00:00.0000,12.5,-15.41206500684009,4.5,104.1263997571237,-6.246904948174069,-0.003834673564689959,0.02556062046177543,-0.002022539684664568,0.6090054094850017,105.4460179219059,0.02592103798258409
ATLAS (C/2025 N1),2464064.5,A.D. 2034-Apr-12 00:00:00.0000,12.5,-15.43862106089795,4.5,104.3052855118999,-6.261068997920839,-0.003751863071925444,0.02554864125026508,-0.002024363396181355,0.6100529018970775,105.6273856108239,0.02589722897496277
ATLAS (C/2025 N1),2464071.5,A.D. 2034-Apr-19 00:00:00.0000,12.5,-15.46459266196387,4.5,104.4840928043097,-6.275245708694356,-0.00366826012187768,0.02553835476465265,-0.002026161740039829,0.6110994584352507,105.8085912581987,0.02587497487747226
ATLAS (C/2025 N1),2464078.5,A.D. 2034-Apr-26 00:00:00.0000,12.5,-15.48998166525579,4.5,104.662832394029,-6.289435035149851,-0.003585488895916601,0.02552868985972807,-0.002027989270901132,0.612145142069217,105.9896457668953,0.02585345985667761
ATLAS (C/2025 N1),2464085.5,A.D. 2034-May-03 00:00:00.0000,12.5,-15.51478669969868,4.5,104.8415055965658,-6.303637180292198,-0.003501609051518578,0.02551981456325913,-0.002029814580229024,0.6131899593202376,106.1705502660349,0.02583256568494714
ATLAS (C/2025 N1),2464092.5,A.D. 2034-May-10 00:00:00.0000,12.5,-15.53900477911986,4.5,105.0201236176038,-6.317852016059397,-0.003418399331666865,0.02551253282180058,-0.002031636015024765,0.6142339716914449,106.351315404555,0.02581334739063536
ATLAS (C/2025 N1),2464099.5,A.D. 2034-May-17 00:00:00.0000,12.5,-15.56263926802275,4.5,105.198689867044,-6.332079738880648,-0.003334696025669665,0.02550528442403041,-0.002033486216829077,0.6152772017479493,106.5319450894832,0.02579409746039151
ATLAS (C/2025 N1),2464106.5,A.D. 2034-May-24 00:00:00.0000,12.5,-15.58568433221901,4.5,105.3772115604696,-6.346320302175095,-0.0032507661134305,0.02549999946805302,-0.002035308436623766,0.6163196859665768,106.7124456365861,0.02577675880317516
ATLAS (C/2025 N1),2464113.5,A.D. 2034-May-31 00:00:00.0000,12.5,-15.6081441676106,4.5,105.5556971054961,-6.360573753433347,-0.003167319480123031,0.02549486150571207,-0.002037168226553148,0.6173614761699167,106.892826018667,0.0257596465471541
ATLAS (C/2025 N1),2464120.5,A.D. 2034-Jun-07 00:00:00.0000,12.5,-15.6300149155376,4.5,105.7341490625808,-6.374840212188603,-0.003082861605423035,0.02549111200244354,-0.002039006809971647,0.6184025841151475,107.0730882714182,0.02574376620883871
ATLAS (C/2025 N1),2464127.5,A.D. 2034-Jun-14 00:00:00.0000,12.5,-15.65129707336307,4.5,105.9125790644281,-6.389119571635421,-0.002999311378059362,0.0254883820299677,-0.002040860864423534,0.6194430769501751,107.2532440211393,0.02572903709947278
ATLAS (C/2025 N1),2464134.5,A.D. 2034-Jun-21 00:00:00.0000,12.5,-15.67199187666325,4.5,106.090988757548,-6.403412042469973,-0.002914825963168123,0.02548605110951098,-0.002042724833682885,0.6204829656512776,107.4332951683138,0.02571457847421901
ATLAS (C/2025 N1),2464141.5,A.D. 2034-Jun-28 00:00:00.0000,12.5,-15.69209521776087,4.5,106.269388222278,-6.417717499773419,-0.002830739745601012,0.02548554046529467,-0.002044572012193125,0.621522304730259,107.613251151368,0.02570198825307662
ATLAS (C/2025 N1),2464148.5,A.D. 2034-Jul-05 00:00:00.0000,12.5,-15.71161189658736,4.5,106.4477828111943,-6.432036081352558,-0.002746605568722461,0.02548494862808797,-0.00204645519124571,0.6225611293813993,107.7931180640026,0.02568932785885928
ATLAS (C/2025 N1),2464155.5,A.D. 2034-Jul-12 00:00:00.0000,12.5,-15.73053676856479,4.5,106.6261777449333,-6.446367794178891,-0.002661927711795463,0.02548614876650646,-0.002048309277926032,0.6235994656781931,107.9729004207033,0.02567837229819479
ATLAS (C/2025 N1),2464162.5,A.D. 2034-Jul-19 00:00:00.0000,12.5,-15.74887346809604,4.5,106.8045832244653,-6.460712604621432,-0.002578084113617136,0.0254877420435743,-0.002050195702921686,0.6246373755282907,108.1526089404474,0.0256679458702702
ATLAS (C/2025 N1),2464169.5,A.D. 2034-Jul-26 00:00:00.0000,12.5,-15.76662051384357,4.5,106.9830008841659,-6.475070674292711,-0.002493226573666826,0.02549028505894515,-0.002052072249659415,0.625674867792372,108.3322451574141,0.02565832781409746
ATLAS (C/2025 N1),2464176.5,A.D. 2034-Aug-02 00:00:00.0000,12.5,-15.78377689605035,4.5,107.1614423723912,-6.489441857350587,-0.002409278198043544,0.02549418946838413,-0.002053951342808164,0.6267120087902107,108.5118205545163,0.0256502066659561
ATLAS (C/2025 N1),2464183.5,A.D. 2034-Aug-09 00:00:00.0000,12.5,-15.80034619986422,4.5,107.3399103983445,-6.503826343773896,-0.002324795371243811,0.02549816846770716,-0.002055853350569335,0.6277488178834746,108.6913384841228,0.02564210398368189
ATLAS (C/2025 N1),2464190.5,A.D. 2034-Aug-16 00:00:00.0000,12.5,-15.81632380167138,4.5,107.5184133040374,-6.518224036653788,-0.002240457251234967,0.02550405798090085,-0.002057729898537971,0.6287853396181241,108.8708066591276,0.02563593009367643
ATLAS (C/2025 N1),2464197.5,A.D. 2034-Aug-23 00:00:00.0000,12.5,-15.83171513597735,4.5,107.6969585229036,-6.532634998106386,-0.002156598802396559,0.02550994139444919,-0.002059644513202581,0.6298216219076352,109.0502333754918,0.02562984578298549
ATLAS (C/2025 N1),2464204.5,A.D. 2034-Aug-30 00:00:00.0000,12.5,-15.84651654488922,4.5,107.8755494393003,-6.547059292118486,-0.002072029615435023,0.02551735528702938,-0.002061533228786351,0.6308576819907236,109.2296216180065,0.0256251931685602
ATLAS (C/2025 N1),2464211.5,A.D. 2034-Sep-06 00:00:00.0000,12.5,-15.86073051295308,4.5,108.0541974132162,-6.561496813778446,-0.001988561070017283,0.02552555647973279,-0.002063442733644812,0.6318935877417516,109.4089831387535,0.0256215051331799
ATLAS (C/2025 N1),2464218.5,A.D. 2034-Sep-13 00:00:00.0000,12.5,-15.87435817549398,4.5,108.2329038828079,-6.575947745173563,-0.001904267351334175,0.02553433779997202,-0.002065353386733332,0.6329293494564335,109.5883197203801,0.02561829777044084
ATLAS (C/2025 N1),2464225.5,A.D. 2034-Sep-20 00:00:00.0000,12.5,-15.88739719195755,4.5,108.4116796468637,-6.590411928614651,-0.001820749545921364,0.02554483097783329,-0.002067250868226778,0.6339650278471424,109.767641874908,0.0256169212581896
ATLAS (C/2025 N1),2464232.5,A.D. 2034-Sep-27 00:00:00.0000,12.5,-15.89985295529761,4.5,108.5905290343416,-6.604889506877901,-0.001737171981219941,0.0255552862316755,-0.002069177883044582,0.6350006533418399,109.9469548707755,0.02561553000880169
ATLAS (C/2025 N1),2464239.5,A.D. 2034-Oct-04 00:00:00.0000,12.5,-15.9117211054869,4.5,108.7694583085868,-6.619380429962843,-0.00165343041606481,0.02556765415332084,-0.002071072029660163,0.636036259230764,110.1262644720086,0.02561603304455093
ATLAS (C/2025 N1),2464246.5,A.D. 2034-Oct-11 00:00:00.0000,12.5,-15.92300690392289,4.5,108.9484767883581,-6.633884677750809,-0.001570571141286295,0.02558029404871045,-0.002072997630123073,0.6370719043277699,110.3055808619105,0.02561696600178398
ATLAS (C/2025 N1),2464253.5,A.D. 2034-Oct-18 00:00:00.0000,12.5,-15.93370883326508,4.5,109.1275864733709,-6.648402363917389,-0.001486887050034604,0.02559414274258064,-0.002074902448826972,0.6381076001291331,110.4849060309998,0.02561900569682763
ATLAS (C/2025 N1),2464260.5,A.D. 2034-Oct-25 00:00:00.0000,12.5,-15.94382791610572,4.5,109.3067990652986,-6.662933331649065,-0.001404328228054065,0.02560920991248496,-0.002076811614379667,0.6391434155488475,110.6642519113646,0.02562244571382394
ATLAS (C/2025 N1),2464267.5,A.D. 2034-Nov-01 00:00:00.0000,12.5,-15.95336781873848,4.5,109.4861165702618,-6.677477756755108,-0.001321198077441701,0.02562453564869516,-0.002078731885593175,0.6401793665505937,110.8436212670304,0.02562609475802008
ATLAS (C/2025 N1),2464274.5,A.D. 2034-Nov-08 00:00:00.0000,12.5,-15.96232534851074,4.5,109.6655482103778,-6.692035496760687,-0.001238525743638173,0.02564177074757564,-0.002080625262812482,0.6412155044920189,111.0230229902983,0.02563173059477077
ATLAS (C/2025 N1),2464281.5,A.D. 2034-Nov-15 00:00:00.0000,12.5,-15.97070696554134,4.5,109.8451002376816,-6.706606626216181,-0.001156226957911491,0.02565896127312933,-0.002082550764849513,0.6422518719291098,111.202464449509,0.02563741548215035
ATLAS (C/2025 N1),2464288.5,A.D. 2034-Nov-22 00:00:00.0000,12.5,-15.97850939763172,4.5,110.0247768319977,-6.721191151265358,-0.001073445884541213,0.02567784478048907,-0.002084442674967451,0.6432884915321792,111.3819495699053,0.02564474006197551
ATLAS (C/2025 N1),2464295.5,A.D. 2034-Nov-29 00:00:00.0000,12.5,-15.98573703671183,4.5,110.2045887065613,-6.73578897384311,-0.0009917932493940904,0.02569730415087409,-0.002086356578041342,0.6443254296111228,111.56148983269,0.02565283632210311
ATLAS (C/2025 N1),2464302.5,A.D. 2034-Dec-06 00:00:00.0000,12.5,-15.99239089862678,4.5,110.384537151446,-6.750400239801178,-0.0009093402232611697,0.02571751965337182,-0.002088260804066803,0.6453626960395212,111.7410869474203,0.02566160489840878
ATLAS (C/2025 N1),2464309.5,A.D. 2034-Dec-13 00:00:00.0000,12.5,-15.99847054171962,4.5,110.564633338701,-6.765024765749749,-0.0008278894752996999,0.02573925066118821,-0.002090155292980753,0.6464003557945298,111.9207521645422,0.02567205521677263
ATLAS (C/2025 N1),2464316.5,A.D. 2034-Dec-20 00:00:00.0000,12.5,-16.00398174885015,4.5,110.7448805126758,-6.779662693278235,-0.0007462676628700298,0.02576094280180504,-0.002092072183949825,0.6474384339168037,112.1004898197104,0.0256824866234176
ATLAS (C/2025 N1),2464323.5,A.D. 2034-Dec-27 00:00:00.0000,12.5,-16.00892116400112,4.5,110.9252858357278,-6.794313917587322,-0.0006647884906886523,0.02578451330036167,-0.002093955730723552,0.6484769702105906,112.280306804817,0.02569483580139459
ATLAS (C/2025 N1),2464330.5,A.D. 2035-Jan-03 00:00:00.0000,12.5,-16.01329547684261,4.5,111.1058574698827,-6.808978432771505,-0.0005841501752771556,0.0258081303107693,-0.002095871503675561,0.6495160185403285,112.4602124462003,0.02570739729378951
ATLAS (C/2025 N1),2464337.5,A.D. 2035-Jan-10 00:00:00.0000,12.5,-16.017103227007,4.5,111.2865978248985,-6.823656299400086,-0.0005028943465082023,0.02583305981973922,-0.002097760386702227,0.6505555932939762,112.640209235058,0.02572121150128139
ATLAS (C/2025 N1),2464344.5,A.D. 2035-Jan-17 00:00:00.0000,12.5,-16.02034745131408,4.5,111.4675182788037,-6.838347356199105,-0.0004229484296094188,0.02585890703939655,-0.002099659698585416,0.6515957636941112,112.820309156908,0.02573616574823138
ATLAS (C/2025 N1),2464351.5,A.D. 2035-Jan-24 00:00:00.0000,12.5,-16.0230317612534,4.5,111.6486201786985,-6.853051756780753,-0.00034247134626634,0.02588508980675121,-0.00210156248943789,0.6526365423367398,113.0005143926811,0.02575142353584463
ATLAS (C/2025 N1),2464358.5,A.D. 2035-Jan-31 00:00:00.0000,12.5,-16.02515455657656,4.5,111.8299133551705,-6.867769318986869,-0.0002628275933349545,0.02591301903780801,-0.002103442609226942,0.6536779858735978,113.1808347513214,0.02576857196360028
ATLAS (C/2025 N1),2464365.5,A.D. 2035-Feb-07 00:00:00.0000,12.5,-16.02672306329688,4.5,112.0114027355779,-6.882500126148835,-0.0001835428503400455,0.02594081413742377,-0.002105351463499071,0.6547201303280437,113.3612764700799,0.02578568928299803
ATLAS (C/2025 N1),2464372.5,A.D. 2035-Feb-14 00:00:00.0000,12.5,-16.02773455807415,4.5,112.193093238674,-6.897244126028305,-0.0001041494681066024,0.02597036908205033,-0.002107223580791023,0.6557630035216848,113.5418443661187,0.02580457778994437
ATLAS (C/2025 N1),2464379.5,A.D. 2035-Feb-21 00:00:00.0000,12.5,-16.02819516975049,4.5,112.3749945891809,-6.912001231343611,-2.599652114985742e-05,0.0260002763593109,-0.00210911989743467,0.6568066679526098,113.7225492606464,0.02582404150215338
ATLAS (C/2025 N1),2464386.5,A.D. 2035-Feb-28 00:00:00.0000,12.5,-16.02810577114803,4.5,112.5571079929178,-6.926771545186586,5.276634063043362e-05,0.0260311323984657,-0.002110996769817276,0.6578511333074621,113.9033928308532,0.02584440687198767
ATLAS (C/2025 N1),2464393.5,A.D. 2035-Mar-07 00:00:00.0000,12.5,-16.02746786103209,4.5,112.7394446275494,-6.941554866304393,0.0001302240246114264,0.02606332587710517,-0.002112867002913212,0.6588964666206999,114.0843866833959,0.02586632922503052
ATLAS (C/2025 N1),2464400.5,A.D. 2035-Mar-14 00:00:00.0000,12.5,-16.0262873847641,4.5,112.9220066256889,-6.956351328899253,0.0002078581623452283,0.02609559670047595,-0.002114749355429716,0.659942687057367,114.265534136599,0.02588835654345297
ATLAS (C/2025 N1),2464407.5,A.D. 2035-Mar-21 00:00:00.0000,12.5,-16.02456216406018,4.5,113.1048018500325,-6.971160778014785,0.00028497913535566,0.02612976887629221,-0.002116595915591366,0.6609898398228042,114.4468430175244,0.02591238620051571
ATLAS (C/2025 N1),2464414.5,A.D. 2035-Mar-28 00:00:00.0000,12.5,-16.02230005658909,4.5,113.2878370618739,-6.985983222287595,0.0003613021022272294,0.02616391522236751,-0.002118469575860936,0.6620379720479086,114.6283214866341,0.02593655763492836
