targetname,datetime_jd,datetime_str,M1,x,k1,y,z,vx,vy,vz,lighttime,range,range_rate
ATLAS (C/2025 N1),2461131.5,A.D. 2026-Apr-01 00:00:00.0000,12.5,-3.308653738375778,4.5,5.722668151579936,-0.2062152063565733,-0.00859938217949083,0.02049571625717998,-0.002325172869158569,0.03819650523316517,6.613519868036082,0.02210956488910148
ATLAS (C/2025 N1),2461138.5,A.D. 2026-Apr-08 00:00:00.0000,12.5,-3.365182590148307,4.5,5.864697687649485,-0.2225907278041517,-0.007547848445142656,0.02009851920515994,-0.002353553708967511,0.03907285608330999,6.765255314078167,0.02125500071255642
ATLAS (C/2025 N1),2461145.5,A.D. 2026-Apr-15 00:00:00.0000,12.5,-3.414278557985754,4.5,6.004249324155605,-0.2391639333149969,-0.00647698649168012,0.01978783792935963,-0.00238151816784151,0.03991610573868585,6.911259465910899,0.02047310227071589
ATLAS (C/2025 N1),2461152.5,A.D. 2026-Apr-22 00:00:00.0000,12.5,-3.455832917411682,4.5,6.141930075263015,-0.2559296406627402,-0.005394341203423892,0.01956399034881324,-0.002408486161340781,0.0407293165214593,7.052062548180939,0.01976996157639721
ATLAS (C/2025 N1),2461159.5,A.D. 2026-Apr-29 00:00:00.0000,12.5,-3.489789041351733,4.5,6.278347270924388,-0.2728796343499177,-0.004307280231302362,0.01942672686997518,-0.00243412622653492,0.04151578819035637,7.18823589640082,0.01915121629771766
ATLAS (C/2025 N1),2461166.5,A.D. 2026-May-06 00:00:00.0000,12.5,-3.516141435786442,4.5,6.414104203569671,-0.2900037529291496,-0.003223039132532636,0.01937513397587737,-0.002458201545078395,0.04227903707418579,7.32038834403049,0.01862191880942388
ATLAS (C/2025 N1),2461173.5,A.D. 2026-May-13 00:00:00.0000,12.5,-3.534934614639707,4.5,6.549795356824257,-0.3072903670014573,-0.002148656526921128,0.01940760871246158,-0.002480525651343784,0.04302276967421884,7.449161651871066,0.01818640455569358
ATLAS (C/2025 N1),2461180.5,A.D. 2026-May-20 00:00:00.0000,12.5,-3.546261421641933,4.5,6.686001630477222,-0.3247266715778497,-0.001090887790995356,0.01952187896087311,-0.002500947732161773,0.04375085141796892,7.575225097949497,0.01784818411803715
ATLAS (C/2025 N1),2461187.5,A.D. 2026-May-27 00:00:00.0000,12.5,-3.55026075096769,4.5,6.823285809543699,-0.3422989132263827,-5.612174312216449e-05,0.01971505072783351,-0.002519347022448882,0.04446727151741498,7.699269392908526,0.01760985822372281
ATLAS (C/2025 N1),2461194.5,A.D. 2026-Jun-03 00:00:00.0000,12.5,-3.54711472193849,4.5,6.962188428450466,-0.3599925900710562,0.0009496912388132777,0.0199836724607352,-0.002535630112101269,0.04517610484213472,7.822000078544387,0.01747305498193446
ATLAS (C/2025 N1),2461201.5,A.D. 2026-Jun-10 00:00:00.0000,12.5,-3.537045399460257,4.5,7.103224125825371,-0.3777926369553428,0.00192109683126301,0.02032381003490899,-0.002549729208249425,0.04588147169905997,7.944130563887294,0.01743838911844863
ATLAS (C/2025 N1),2461208.5,A.D. 2026-Jun-17 00:00:00.0000,12.5,-3.520311165141439,4.5,7.246878547355316,-0.3956835991915155,0.002853178899127481,0.02073112764703631,-0.00256160054731326,0.04658749641209584,8.066374953484827,0.01750544337593632
ATLAS (C/2025 N1),2461215.5,A.D. 2026-Jun-24 00:00:00.0000,12.5,-3.497202847021401,4.5,7.393605824759421,-0.4136497951375843,0.003741586406304831,0.02120097097684525,-0.002571222761313711,0.04729826559912267,8.189440823288756,0.01767277214206693
ATLAS (C/2025 N1),2461222.5,A.D. 2026-Jul-01 00:00:00.0000,12.5,-3.468039712387018,4.5,7.543826635147495,-0.4316754667445298,0.004582545830224116,0.02172844937338674,-0.00257859507882652,0.04801778703858736,8.314022098626111,0.0179379268740698
ATLAS (C/2025 N1),2461229.5,A.D. 2026-Jul-08 00:00:00.0000,12.5,-3.433165420191559,4.5,7.697926825434537,-0.4497449170570402,0.005372860530767509,0.02230851474838608,-0.002583735392887754,0.04874994999365091,8.440792184538271,0.01829750260625333
ATLAS (C/2025 N1),2461236.5,A.D. 2026-Jul-15 00:00:00.0000,12.5,-3.39294401887177,4.5,7.856256570908057,-0.4678426338039951,0.006109898730616255,0.02293603501734662,-0.002586678235463745,0.04949848781676972,8.570397490964954,0.01874720396452028
ATLAS (C/2025 N1),2461243.5,A.D. 2026-Jul-22 00:00:00.0000,12.5,-3.347756062734613,4.5,8.019130025244653,-0.485953398584023,0.006791571959350194,0.02360586087212511,-0.002587472688395645,0.05026694358883546,8.703451483345676,0.01928192889416229
ATLAS (C/2025 N1),2461250.5,A.D. 2026-Jul-29 00:00:00.0000,12.5,-3.297994906788228,4.5,8.186825411033368,-0.5040623814941811,0.007416305962747938,0.024312884761489,-0.002586180328532733,0.05105863945516677,8.840529373311325,0.01989586734872757
ATLAS (C/2025 N1),2461257.5,A.D. 2026-Aug-05 00:00:00.0000,12.5,-3.24406322641326,4.5,8.359585494945515,-0.5221552214335735,0.007983005846391748,0.02505209174415941,-0.002582873192326489,0.0518766502070306,8.982163544466367,0.02058261206984685
ATLAS (C/2025 N1),2461264.5,A.D. 2026-Aug-12 00:00:00.0000,12.5,-3.186369795515866,4.5,8.537618389480398,-0.5402180926054386,0.008491017367159792,0.02581860196844758,-0.002577631876291529,0.05272378152477422,9.128839785303931,0.02133527782728405
ATLAS (C/2025 N1),2461271.5,A.D. 2026-Aug-19 00:00:00.0000,12.5,-3.12532654510398,4.5,8.721098623573214,-0.5582377579860072,0.008940085765980297,0.02660770505451962,-0.002570543716152367,0.05360255315339792,9.280994376146523,0.02214662554442146
ATLAS (C/2025 N1),2461278.5,A.D. 2026-Aug-26 00:00:00.0000,12.5,-3.06134591371438,4.5,8.910168426826802,-0.57620161070176,0.00933031377641273,0.02741488685330383,-0.002561701156362443,0.05451518712970276,9.439012050739857,0.02300918745279618
ATLAS (C/2025 N1),2461285.5,A.D. 2026-Sep-02 00:00:00.0000,12.5,-2.994838491812867,4.5,9.104939175665749,-0.5940977044401198,0.009662119787270721,0.02823584902097959,-0.002551200252219795,0.05546360102598027,9.603224826433976,0.02391538946782828
ATLAS (C/2025 N1),2461292.5,A.D. 2026-Sep-09 00:00:00.0000,12.5,-2.926210955383131,4.5,9.305492953684647,-0.6119147740784209,0.00993619718170146,0.0290665222317289,-0.002539139366092836,0.0564494060270964,9.773911671240656,0.02485766741416092
ATLAS (C/2025 N1),2461299.5,A.D. 2026-Sep-16 00:00:00.0000,12.5,-2.855864278223269,4.5,9.51188418420059,-0.6296422476719241,0.01015347549625831,0.02990307371209675,-0.002525618010945848,0.05747390952969648,9.95129895387182,0.02582857403079696
ATLAS (C/2025 N1),2461306.5,A.D. 2026-Sep-23 00:00:00.0000,12.5,-2.784192207706472,4.5,9.724141298509243,-0.647270250993344,0.01031508404016573,0.03074191004043627,-0.002510735869177859,0.05853812184107962,10.13556160361366,0.02682087443009519
ATLAS (C/2025 N1),2461313.5,A.D. 2026-Sep-30 00:00:00.0000,12.5,-2.711579985742036,4.5,9.942268408664674,-0.6647896057450623,0.01042231828450336,0.03157967576375958,-0.002494591972816409,0.05964276646897385,10.32682489194598,0.02782762803258488
ATLAS (C/2025 N1),2461320.5,A.D. 2026-Oct-07 00:00:00.0000,12.5,-2.638403294627159,4.5,10.16624695882347,-0.6821918225287871,0.01047660922486433,0.0324132487689086,-0.002477284015431264,0.06078829343480481,10.52516673766321,0.02884225607925229
ATLAS (C/2025 N1),2461327.5,A.D. 2026-Oct-14 00:00:00.0000,12.5,-2.565027406477391,4.5,10.39603733409044,-0.6994690895442074,0.0104794958777116,0.03323973288593314,-0.002458907824640752,0.0619748950125346,10.73062043196991,0.02985859410214114
ATLAS (C/2025 N1),2461334.5,A.D. 2026-Oct-21 00:00:00.0000,12.5,-2.491806514530753,4.5,10.63158041032484,-0.7166142579263735,0.01043260079933339,0.03405644849667911,-0.002439556921819641,0.06320252329123172,10.94317767934544,0.03087092974448156
ATLAS (C/2025 N1),2461341.5,A.D. 2026-Oct-28 00:00:00.0000,12.5,-2.41908322494618,4.5,10.87279903230709,-0.7336208245184855,0.0103376087035878,0.0348609215595375,-0.00241932223048595,0.06447090897880672,11.16279185330987,0.03187402651971621
ATLAS (C/2025 N1),2461348.5,A.D. 2026-Nov-04 00:00:00.0000,12.5,-2.347188188395492,4.5,11.11959941124103,-0.7504829127966904,0.01019624787380753,0.03565087158876227,-0.002398291837070769,0.06577958090373592,11.38938137304283,0.03286313478647711
ATLAS (C/2025 N1),2461355.5,A.D. 2026-Nov-11 00:00:00.0000,12.5,-2.276439851785874,4.5,11.37187243548523,-0.7671952525722852,0.01001027439856157,0.03642419896280021,-0.002376550877090716,0.06712788572492222,11.62283311604004,0.03383399135355404
ATLAS (C/2025 N1),2461362.5,A.D. 2026-Nov-18 00:00:00.0000,12.5,-2.207144311663977,4.5,11.62949489093855,-0.7837531590025935,0.009781458854591935,0.03717897182903118,-0.002354181453029532,0.06851500742350518,11.86300579301566,0.03478280934997021
ATLAS (C/2025 N1),2461369.5,A.D. 2026-Nov-25 00:00:00.0000,12.5,-2.139595252316647,4.5,11.89233058945223,-0.8001525113650939,0.009511575374349908,0.03791341298998086,-0.002331262641555502,0.06993998621867045,12.10973322307312,0.03570626018182723
ATLAS (C/2025 N1),2461376.5,A.D. 2026-Dec-02 00:00:00.0000,12.5,-2.074073953151273,4.5,12.16023140575086,-0.8163897319707712,0.009202392778299125,0.03862588689236827,-0.002307870532627063,0.07140173662205469,12.36282745972851,0.03660144922146401
ATLAS (C/2025 N1),2461383.5,A.D. 2026-Dec-09 00:00:00.0000,12.5,-2.010849350970189,4.5,12.43303822449994,-0.8324617655724148,0.008855667699540446,0.03931488698332498,-0.002284078320505791,0.07289906441171344,12.62208172986191,0.03746588692752141
ATLAS (C/2025 N1),2461390.5,A.D. 2026-Dec-16 00:00:00.0000,12.5,-1.950178144436555,4.5,12.71058179980333,-0.8483660594895281,0.008473139381510772,0.03997902336375248,-0.002259956424951114,0.07443068236772503,12.88727315825281,0.03829745670560489
ATLAS (C/2025 N1),2461397.5,A.D. 2026-Dec-23 00:00:00.0000,12.5,-1.892304929677834,4.5,12.99268353056826,-0.8641005446500282,0.008056525934967619,0.04061701111699803,-0.002235572623149838,0.07599522467031868,13.15816526053869,0.03909438109292453
ATLAS (C/2025 N1),2461404.5,A.D. 2026-Dec-30 00:00:00.0000,12.5,-1.837462357315613,4.5,13.2791561561663,-0.8796636176895418,0.007607521956284917,0.04122765923291591,-0.002210992226879746,0.07759125991265067,13.43451019630741,0.03985518722134919
ATLAS (C/2025 N1),2461411.5,A.D. 2027-Jan-06 00:00:00.0000,12.5,-1.7858713020018,4.5,13.56980437747981,-0.8950541242654177,0.007127797309585529,0.04180986035186994,-0.002186278246888206,0.07921730272243427,13.71605078131998,0.04057867265136036
ATLAS (C/2025 N1),2461418.5,A.D. 2027-Jan-13 00:00:00.0000,12.5,-1.737741036174355,4.5,13.86442540841094,-0.9102713437115082,0.00661899713086644,0.04236258116026045,-0.002161491614208289,0.08087182401787163,14.0025222632702,0.04126387208562125
ATLAS (C/2025 N1),2461425.5,A.D. 2027-Jan-20 00:00:00.0000,12.5,-1.693269400502186,4.5,14.16280946264306,-0.9253149751376104,0.006082742736493401,0.04288485347163671,-0.002136691369339094,0.08255325994650259,14.29365386949827,0.04191002555371454
ATLAS (C/2025 N1),2461432.5,A.D. 2027-Jan-27 00:00:00.0000,12.5,-1.652642964628251,4.5,14.46474018021782,-0.9401851250261511,0.005520633461828193,0.04337576597643555,-0.002111934898940154,0.0842600195731754,14.58917013812176,0.04251654842740454
ATLAS (C/2025 N1),2461439.5,A.D. 2027-Feb-03 00:00:00.0000,12.5,-1.616037172851378,4.5,14.76999499876439,-0.954882296345078,0.004934249113521691,0.04383445666393906,-0.002087278135660608,0.08599049139819569,14.88879204661801,0.04308300355349318
ATLAS (C/2025 N1),2461446.5,A.D. 2027-Feb-10 00:00:00.0000,12.5,-1.583616470118633,4.5,15.07834547435743,-0.9694073791955072,0.004325153119404271,0.04426010602808449,-0.002062775790650667,0.08774304879591212,15.19223795348615,0.04360907575361727
ATLAS (C/2025 N1),2461453.5,A.D. 2027-Feb-17 00:00:00.0000,12.5,-1.555534404297853,4.5,15.38955755714199,-0.9837616429671603,0.00369489615952569,0.04465193092366094,-0.002038481558060689,0.08951605446940247,15.49922436955198,0.04409454864077366
ATLAS (C/2025 N1),2461460.5,A.D. 2027-Feb-24 00:00:00.0000,12.5,-1.531933701116204,4.5,15.70339182680525,-0.9979467299664017,0.003045020312647429,0.04500917924819015,-0.002014448322600528,0.09130786401791535,15.80946657565144,0.04453928391868745
ATLAS (C/2025 N1),2461467.5,A.D. 2027-Mar-03 00:00:00.0000,12.5,-1.512946308797713,4.5,16.01960369312744,-1.011964650433363,0.002377063577897664,0.04533112529095722,-0.001990728358048033,0.09311682871368511,16.12267910342117,0.04494320296506334
ATLAS (C/2025 N1),2461474.5,A.D. 2027-Mar-10 00:00:00.0000,12.5,-1.498693409622251,4.5,16.33794356719002,-1.025817778916278,0.001692564797017096,0.04561706599451313,-0.00196737350845875,0.09494129758381543,16.43857609576547,0.0453062708470892
ATLAS (C/2025 N1),2461481.5,A.D. 2027-Mar-17 00:00:00.0000,12.5,-1.489285395382523,4.5,16.65815700871347,-1.039508851953658,0.000993069061501218,0.04586631786947661,-0.001944435388640447,0.09677961888796348,16.75687156270941,0.04562848239115578
ATLAS (C/2025 N1),2461488.5,A.D. 2027-Mar-24 00:00:00.0000,12.5,-1.48482180373428,4.5,16.97998485462113,-1.053040967068472,0.0002801334515032952,0.04607821470141024,-0.001921965552887359,0.09863014107544012,17.07727954711558,0.04590985032496509
ATLAS (C/2025 N1),2461495.5,A.D. 2027-Mar-31 00:00:00.0000,12.5,-1.485391212959658,4.5,17.30316333380086,-1.066417583060987,-0.0004446668198022628,0.04625210592153601,-0.001900015700211769,0.1004912132993962,17.39951421371268,0.04615039522180316
ATLAS (C/2025 N1),2461502.5,A.D. 2027-Apr-07 00:00:00.0000,12.5,-1.491071093032157,4.5,17.62742417325627,-1.079642521571934,-0.00117973207977396,0.04638735576232995,-0.001878637829622181,0.1023611855614621,17.7232898741391,0.04635013723846818
ATLAS (C/2025 N1),2461509.5,A.D. 2027-Apr-14 00:00:00.0000,12.5,-1.501927611231483,4.5,17.95249470102306,-1.092719969846819,-0.001923431542344186,0.04648334320657434,-0.001857884426502474,0.1042384085556533,18.04832095991598,0.0465090895060211
ATLAS (C/2025 N1),2461516.5,A.D. 2027-Apr-21 00:00:00.0000,12.5,-1.518015390816728,4.5,18.27809795163351,-1.105654484605373,-0.002674096551055159,0.0465394627544112,-0.001837808594880715,0.106121233277193,18.37432195471695,0.04662725307571942
ATLAS (C/2025 N1),2461523.5,A.D. 2027-Apr-28 00:00:00.0000,12.5,-1.539377221477366,4.5,18.60395278017576,-1.118450996919734,-0.003430013573580334,0.0465551261386519,-0.001818464207795524,0.1080080104581649,18.70100729665446,0.04670461341328162
ATLAS (C/2025 N1),2461530.5,A.D. 2027-May-05 00:00:00.0000,12.5,-1.566043720570311,4.5,18.92977399142276,-1.131114817973553,-0.004189417139804866,0.04652976491014164,-0.001799906015343616,0.1098970898894905,19.0280912608838,0.04674113825704137
ATLAS (C/2025 N1),2461537.5,A.D. 2027-May-12 00:00:00.0000,12.5,-1.598032944412183,4.5,19.25527249084119,-1.143651645589309,-0.004950482659431948,0.04646283412444444,-0.001782189747628099,0.1117868196861731,19.35528783238398,0.04673677695805433
ATLAS (C/2025 N1),2461544.5,A.D. 2027-May-19 00:00:00.0000,12.5,-1.635349949324717,4.5,19.58015546478634,-1.156067571359616,-0.005711319237587878,0.04635381700217019,-0.001765372192423685,0.1136755455515995,19.68231057857558,0.04669146108576774
ATLAS (C/2025 N1),2461551.5,A.D. 2027-May-26 00:00:00.0000,12.5,-1.677986302430083,4.5,19.90412659766855,-1.168369088228457,-0.006469962533419187,0.04620223084060466,-0.001749511237358501,0.1155616100958625,20.00887253129189,0.04660510649189705
ATLAS (C/2025 N1),2461558.5,A.D. 2027-Jun-02 00:00:00.0000,12.5,-1.725919542808054,4.5,20.22688633432202,-1.180563098318075,-0.007224367721879262,0.04600763403537457,-0.001734665905203828,0.117443352262625,20.33468608754362,0.04647761662348782
ATLAS (C/2025 N1),2461565.5,A.D. 2027-Jun-09 00:00:00.0000,12.5,-1.779112594405899,4.5,20.54813219631273,-1.192656920811206,-0.007972402785922235,0.04576963447321061,-0.001720896327330217,0.11931910691954,20.65946293860216,0.04630888729753573
ATLAS (C/2025 N1),2461572.5,A.D. 2027-Jun-16 00:00:00.0000,12.5,-1.837513133101463,4.5,20.86755916153132,-1.204658299632345,-0.008711842132337026,0.04548789925463246,-0.001708263715551831,0.1211872046689086,20.98291403721617,0.04609881284881472
ATLAS (C/2025 N1),2461579.5,A.D. 2027-Jun-23 00:00:00.0000,12.5,-1.901052911118992,4.5,21.18486011716643,-1.216575410633625,-0.00944036082288805,0.04516216592777217,-0.001696830246176702,0.1230459719381721,21.30474961327969,0.04584729381363667
ATLAS (C/2025 N1),2461586.5,A.D. 2027-Jun-30 00:00:00.0000,12.5,-1.969647043088852,4.5,21.49972639654668,-1.228416867950312,-0.01015552941798565,0.04479225524774523,-0.001686658937464943,0.1248937314113803,21.62467924853868,0.0455542461447502
ATLAS (C/2025 N1),2461593.5,A.D. 2027-Jul-07 00:00:00.0000,12.5,-2.043193259497356,4.5,21.81184841083652,-1.240191729156031,-0.01085480985233476,0.04437808550777835,-0.001677813430891047,0.1267288028656912,21.94241202142632,0.04521961202594257
ATLAS (C/2025 N1),2461600.5,A.D. 2027-Jul-14 00:00:00.0000,12.5,-2.121571134939813,4.5,22.1209163868936,-1.251909498809907,-0.01153555241304622,0.04391968856496433,-0.001670357744161926,0.1285495044796077,22.25765673357728,0.04484337242606926
ATLAS (C/2025 N1),2461607.5,A.D. 2027-Jul-21 00:00:00.0000,12.5,-2.204641300487332,4.5,22.42662122293783,-1.263580129914198,-0.01219499425954931,0.04341722746122288,-0.001664355926653754,0.1303541546832279,22.57012223018861,0.04442556135401284
ATLAS (C/2025 N1),2461614.5,A.D. 2027-Jul-28 00:00:00.0000,12.5,-2.292244651530317,4.5,22.72865547367487,-1.275214022773915,-0.01283025968427521,0.04287101579435713,-0.001659871652480217,0.1321410746231861,22.87951782681093,0.04396628203256595
ATLAS (C/2025 N1),2461621.5,A.D. 2027-Aug-04 00:00:00.0000,12.5,-2.384201564897712,4.5,23.02671447633149,-1.286822020665851,-0.01343836254667921,0.04228153858887191,-0.001656967723051569,0.1339085913173504,23.18555385556759,0.04346572484534186
ATLAS (C/2025 N1),2461628.5,A.D. 2027-Aug-11 00:00:00.0000,12.5,-2.480311141620152,4.5,23.32049762846226,-1.298415401705213,-0.01401621125411933,0.04164947476424651,-0.0016557054683083,0.1356550415753444,23.48794234397182,0.04292418727529351
ATLAS (C/2025 N1),2461635.5,A.D. 2027-Aug-18 00:00:00.0000,12.5,-2.58035049465092,4.5,23.60970982741064,-1.310005866211011,-0.01456061667914047,0.04097572082671747,-0.001656144065878042,0.1373787767609236,23.78639783950658,0.04234209561176297
ATLAS (C/2025 N1),2461642.5,A.D. 2027-Aug-25 00:00:00.0000,12.5,-2.684074103780865,4.5,23.89406307989232,-1.321605518855997,-0.01506830353080767,0.04026141572201081,-0.001658339724752423,0.1390781684706982,24.08063839286515,0.04172002854677152
ATLAS (C/2025 N1),2461649.5,A.D. 2027-Sep-01 00:00:00.0000,12.5,-2.791213263161148,4.5,24.17327828801649,-1.33322684483435,-0.01553592550699773,0.03950796634174867,-0.001662344796474327,0.1407516151990916,24.37038671195275,0.04105874235145232
ATLAS (C/2025 N1),2461656.5,A.D. 2027-Sep-08 00:00:00.0000,12.5,-2.90147564998978,4.5,24.44708721525816,-1.344882679284873,-0.01596008484174727,0.03871707332519591,-0.001668206734814355,0.14239755005211,24.65537149748434,0.04035919751950842
ATLAS (C/2025 N1),2461663.5,A.D. 2027-Sep-15 00:00:00.0000,12.5,-3.014545046029824,4.5,24.71523463213456,-1.356586169204173,-0.01633735648965472,0.03789075651259629,-0.001675966990860179,0.1440144495606667,24.93532896896455,0.0396225864731345
ATLAS (C/2025 N1),2461670.5,A.D. 2027-Sep-22 00:00:00.0000,12.5,-3.130081246472626,4.5,24.97748063681527,-1.368350727106352,-0.01666431752535609,0.03703137932224402,-0.001685659763076874,0.1456008436287242,25.21000458715495,0.03885036189199222
ATLAS (C/2025 N1),2461677.5,A.D. 2027-Sep-29 00:00:00.0000,12.5,-3.247720193101014,4.5,25.23360314036182,-1.380189975732242,-0.01693758187743147,0.03614167128098671,-0.00169731068737414,0.1471553266306966,25.47915497552982,0.03804426515505848
ATLAS (C/2025 N1),2461684.5,A.D. 2027-Oct-06 00:00:00.0000,12.5,-3.367074370387797,4.5,25.48340050010107,-1.392117683179698,-0.01715384072036969,0.03522474762844597,-0.001710935420502171,0.1486765696479179,25.74255003895487,0.03720635410160362
ATLAS (C/2025 N1),2461691.5,A.D. 2027-Oct-13 00:00:00.0000,12.5,-3.487733503704338,4.5,25.72669427729821,-1.404147688005496,-0.01730990840257435,0.03428412504206635,-0.001726538188177762,0.1501633338020717,25.99997527229904,0.03633902939190198
ATLAS (C/2025 N1),2461698.5,A.D. 2027-Oct-20 00:00:00.0000,12.5,-3.609265598277506,4.5,25.96333208714903,-1.416293814010329,-0.01740277380575701,0.03332373207423074,-0.001744110303335347,0.15161448460575,26.25123424515685,0.03544505827734127
ATLAS (C/2025 N1),2461705.5,A.D. 2027-Oct-27 00:00:00.0000,12.5,-3.731218355272377,4.5,26.19319050032273,-1.428569774689189,-0.01742965665434298,0.03234791322494586,-0.001763628694080109,0.1530290072066803,26.49615124130435,0.03452759483964952
ATLAS (C/2025 N1),2461712.5,A.D. 2027-Nov-03 00:00:00.0000,12.5,-3.853120997207526,4.5,26.41617794609212,-1.440989067608027,-0.01738806798448449,0.03136142509953668,-0.001785054514707147,0.1544060223530416,26.73457402300793,0.0335901951978822
ATLAS (C/2025 N1),2461719.5,A.D. 2027-Nov-10 00:00:00.0000,12.5,-3.974486528355861,4.5,26.63223755753102,-1.453564859381905,-0.01727587377106798,0.03036942345896523,-0.001808331852400303,0.1557448028518048,26.96637668069772,0.03263682643274129
ATLAS (C/2025 N1),2461726.5,A.D. 2027-Nov-17 00:00:00.0000,12.5,-4.094814447400217,4.5,26.84134988979073,-1.466309862298248,-0.0170913602608295,0.02937743973326047,-0.001833386646550005,0.1570447902322765,27.19146251817065,0.03167186759499218
ATLAS (C/2025 N1),2461733.5,A.D. 2027-Nov-24 00:00:00.0000,12.5,-4.213593919292523,4.5,27.04353543474487,-1.479236204002028,-0.01683329954640312,0.02839134619165135,-0.00186012579298424,0.1583056112716345,27.40976691389824,0.03070010166247305
ATLAS (C/2025 N1),2461740.5,A.D. 2027-Dec-01 00:00:00.0000,12.5,-4.330307400514394,4.5,27.23885685024824,-1.492355292017576,-0.01650101315236973,0.02741730919733915,-0.001888436576138559,0.159527093992354,27.62126009089516,0.02972669731326646
ATLAS (C/2025 N1),2461747.5,A.D. 2027-Dec-08 00:00:00.0000,12.5,-4.444434696103959,4.5,27.42742081988148,-1.505677675351637,-0.01609443138000323,0.02646173034561828,-0.001918186417591919,0.1607092827017472,27.82594972073466,0.02875717959486974
ATLAS (C/2025 N1),2461754.5,A.D. 2027-Dec-15 00:00:00.0000,12.5,-4.555457408955625,4.5,27.60937945865446,-1.519212905940565,-0.01561414560864765,0.02553117568266045,-0.001949223088632889,0.1618524516078005,28.02388328105789,0.02779738874179936
ATLAS (C/2025 N1),2461761.5,A.D. 2027-Dec-22 00:00:00.0000,12.5,-4.662863723551347,4.5,27.78493118304834,-1.532969403105278,-0.01506145110258534,0.02463229359663114,-0.00198137536981971,0.1629571165220403,28.21515008186205,0.02685342668931583
ATLAS (C/2025 N1),2461768.5,A.D. 2027-Dec-29 00:00:00.0000,12.5,-4.766153448143673,4.5,27.95432097097184,-1.546954324482126,-0.01443837765141911,0.02377172291532698,-0.002014454237439594,0.1640240441560074,28.39988287513527,0.02593159161145094
ATLAS (C/2025 N1),2461775.5,A.D. 2028-Jan-05 00:00:00.0000,12.5,-4.8648432222866,4.5,28.11783994925861,-1.561173447010884,-0.01374770578923797,0.02295599306133822,-0.002048254558668782,0.1650542585380242,28.5782589658853,0.0250383010941867
ATLAS (C/2025 N1),2461782.5,A.D. 2028-Jan-12 00:00:00.0000,12.5,-4.958471781392481,4.5,28.27582426267542,-1.575631061589753,-0.01299296660939126,0.02219141910219753,-0.002082557289426969,0.1660490441203278,28.75050075012288,0.02418000552258719
ATLAS (C/2025 N1),2461789.5,A.D. 2028-Jan-19 00:00:00.0000,12.5,-5.046605158453282,4.5,28.42865319883741,-1.590329884837635,-0.01217842380535591,0.02148399468151766,-0.00211713216596558,0.1670099452157299,28.91687561732255,0.02336309351047075
ATLAS (C/2025 N1),2461796.5,A.D. 2028-Jan-26 00:00:00.0000,12.5,-5.128841695784585,4.5,28.57674656735936,-1.605270991156754,-0.01130903731265987,0.02083928661930273,-0.002151740794664722,0.1679387614973342,29.07769517122279,0.02259379217239615
ATLAS (C/2025 N1),2461803.5,A.D. 2028-Feb-02 00:00:00.0000,12.5,-5.204816737539744,4.5,28.72056135730421,-1.620453767768681,-0.01039040853452428,0.02026233475015259,-0.002186140115008689,0.1688375394080711,29.23331374243305,0.02187806504954125
ATLAS (C/2025 N1),2461810.5,A.D. 2028-Feb-09 00:00:00.0000,12.5,-5.274206877483524,4.5,28.86058772315649,-1.635875894744129,-0.009428708298098123,0.01975756082138646,-0.002220086056029404,0.1697085594543322,29.38412618839482,0.02122151112128133
ATLAS (C/2025 N1),2461817.5,A.D. 2028-Feb-16 00:00:00.0000,12.5,-5.336733646653912,4.5,28.99734437472757,-1.651533351253276,-0.008430589246567768,0.01932868986008867,-0.00225333735161239,0.1705543194945022,29.53056499988062,0.02062926826049039
ATLAS (C/2025 N1),2461824.5,A.D. 2028-Feb-23 00:00:00.0000,12.5,-5.392166541582264,4.5,29.13137346939939,-1.667420448406196,-0.00740308553948854,0.0189786870503749,-0.00228565930235278,0.1713775142732105,29.67309675745942,0.02010592458580114
ATLAS (C/2025 N1),2461831.5,A.D. 2028-Mar-01 00:00:00.0000,12.5,-5.440325314845073,4.5,29.2632351239674,-1.683529888152602,-0.006353502993749501,0.01870971251547514,-0.002316827433722949,0.1721810115846634,29.81221800430566,0.0196554408586023
ATLAS (C/2025 N1),2461838.5,A.D. 2028-Mar-08 00:00:00.0000,12.5,-5.481081474697393,4.5,29.39350167701899,-1.699852846795887,-0.005289303610829839,0.01852309542162566,-0.002346630856622961,0.1729678255666129,29.94845062219328,0.01928108651766463
ATLAS (C/2025 N1),2461845.5,A.D. 2028-Mar-15 00:00:00.0000,12.5,-5.514358967879202,4.5,29.52275184017178,-1.716379080869724,-0.004217988359911669,0.01841932815518067,-0.002374875271758865,0.173741087721844,30.08233681402166,0.01898539152373601
ATLAS (C/2025 N1),2461852.5,A.D. 2028-Mar-22 00:00:00.0000,12.5,-5.540134047903821,4.5,29.65156487750594,-1.733097052385439,-0.00314698230938254,0.01839808006264746,-0.00240138549490787,0.1745040163329215,30.21443380814332,0.01877011517619488
ATLAS (C/2025 N1),2461859.5,A.D. 2028-Mar-29 00:00:00.0000,12.5,-5.558434358291026,4.5,29.7805149470625,-1.749994069938285,-0.002083525804763692,0.01845822974670353,-0.002426007445489764,0.1752598849735997,30.34530840628354,0.01863623263798282
ATLAS (C/2025 N1),2461866.5,A.D. 2028-Apr-05 00:00:00.0000,12.5,-5.569337285017818,4.5,29.9101657270365,-1.767056441758788,-0.001034574978562884,0.01859791372958167,-0.002448609574939497,0.1760119908265912,30.4755314979319,0.01858393873105559
ATLAS (C/2025 N1),2461873.5,A.D. 2028-Apr-12 00:00:00.0000,12.5,-5.572967653362718,4.5,30.0410654332432,-1.784269636651701,-6.714329248360134e-06,0.0188145891042927,-0.002469083684817366,0.1767636234933213,30.60567265991885,0.01861266826252591
ATLAS (C/2025 N1),2461880.5,A.D. 2028-Apr-19 00:00:00.0000,12.5,-5.569494860555164,4.5,30.1737423148879,-1.801618448732347,0.000993916821945882,0.01910510703690948,-0.00248734520307967,0.177518034930608,30.73629495111308,0.01872113115519823
ATLAS (C/2025 N1),2461887.5,A.D. 2028-Apr-26 00:00:00.0000,12.5,-5.55912954612818,4.5,30.30870069395981,-1.819087162073945,0.001961682728311833,0.0194657940108918,-0.002503332889424494,0.1782784110758306,30.8679499994719,0.01890736044223351
ATLAS (C/2025 N1),2461894.5,A.D. 2028-May-03 00:00:00.0000,12.5,-5.542119907654358,4.5,30.44641759048494,-1.836659711769958,0.0028914941083945,0.01989253747085644,-0.002517008116396988,0.1790478456296429,31.00117346265861,0.01916877062181013
ATLAS (C/2025 N1),2461901.5,A.D. 2028-May-10 00:00:00.0000,12.5,-5.518747770730035,4.5,30.58733995411199,-1.854319838340174,0.003778835584899734,0.02038087292086293,-0.002528353698559075,0.1798293163676169,31.13648092653079,0.01950222396635833
ATLAS (C/2025 N1),2461908.5,A.D. 2028-May-17 00:00:00.0000,12.5,-5.489324517652455,4.5,30.73188250244003,-1.872051232882767,0.004619778802440779,0.0209260697663845,-0.00253737243043489,0.1806256642497416,31.27436428806216,0.01990410221308038
ATLAS (C/2025 N1),2461915.5,A.D. 2028-May-24 00:00:00.0000,12.5,-5.454186971373859,4.5,30.88042614851097,-1.889837670957242,0.005410982341386827,0.02152321343307227,-0.002544085348094566,0.1814395754939251,31.41528865146577,0.02037038108860422
ATLAS (C/2025 N1),2461922.5,A.D. 2028-May-31 00:00:00.0000,12.5,-5.413693321084359,4.5,31.03331698491646,-1.907663133782636,0.006149680187595087,0.02216728202134333,-0.002548529848850982,0.1822735666834661,31.55968974963238,0.02089670553715373
ATLAS (C/2025 N1),2461929.5,A.D. 2028-Jun-07 00:00:00.0000,12.5,-5.36821916367743,4.5,31.1908657805507,-1.925511915840798,0.006833660486498983,0.02285321591998188,-0.002550757707271434,0.183129972893422,31.70797188827515,0.0214784635230491
ATLAS (C/2025 N1),2461936.5,A.D. 2028-Jun-14 00:00:00.0000,12.5,-5.318153722108857,4.5,31.35334793785425,-1.943368718498498,0.007461236548051522,0.023575979645595,-0.002550833066265407,0.1840109387471764,31.860506397422,0.02211085694258295
ATLAS (C/2025 N1),2461943.5,A.D. 2028-Jun-21 00:00:00.0000,12.5,-5.263896288399726,4.5,31.52100385339119,-1.961218729659637,0.008031211984030662,0.02433061519327892,-0.002548830471452144,0.1849184122545638,32.0176305645202,0.0227889681248468
ATLAS (C/2025 N1),2461950.5,A.D. 2028-Jun-28 00:00:00.0000,12.5,-5.205852926105018,4.5,31.69403962242005,-1.979047689852799,0.008542841704018353,0.02511228696705707,-0.002544832960760115,0.1858541412365012,32.17964701538039,0.02350782114209853
ATLAS (C/2025 N1),2461957.5,A.D. 2028-Jul-05 00:00:00.0000,12.5,-5.144433455245511,4.5,31.87262802828606,-1.99684194541875,0.008995790483444078,0.02591631829249048,-0.002538930299979651,0.1868196721076266,32.34682350339705,0.02426243707413432
ATLAS (C/2025 N1),2461964.5,A.D. 2028-Jul-12 00:00:00.0000,12.5,-5.080048732036182,4.5,32.05690975963391,-2.014588489702288,0.009390090374275222,0.02673822006290008,-0.002531217319739103,0.1878163507673677,32.51939306383216,0.02504788298688416
ATLAS (C/2025 N1),2461971.5,A.D. 2028-Jul-19 00:00:00.0000,12.5,-5.013108226693694,4.5,32.24699480188852,-2.032274993286227,0.00972609831073804,0.02757371201331527,-0.002521792450708379,0.1888453253384429,32.69755448797213,0.02585931435801479
ATLAS (C/2025 N1),2461978.5,A.D. 2028-Jul-26 00:00:00.0000,12.5,-4.944017895159108,4.5,32.44296395416082,-2.049889824378607,0.01000445467250863,0.02841873740113821,-0.002510756376736913,0.1899075504907638,32.88147307178804,0.02669201109779046
ATLAS (C/2025 N1),2461985.5,A.D. 2028-Aug-02 00:00:00.0000,12.5,-4.873178334406524,4.5,32.64487042829335,-2.067422060512878,0.01022604381474871,0.02926947193599856,-0.002498210898691456,0.1910037930959938,33.07128159499245,0.0275414074110814
ATLAS (C/2025 N1),2461992.5,A.D. 2028-Aug-09 00:00:00.0000,12.5,-4.800983206134275,4.5,32.85274149202202,-2.084861492760139,0.01039195692622328,0.03012232755563558,-0.002484257933537223,0.1921346389675233,33.26708148802961,0.0284031156651163
ATLAS (C/2025 N1),2461999.5,A.D. 2028-Aug-16 00:00:00.0000,12.5,-4.727817910786478,4.5,33.06658012332517,-2.10219862358343,0.01050345768885103,0.03097395200670388,-0.002468998690315548,0.1933005004537891,33.46894414681814,0.02927294484492177
ATLAS (C/2025 N1),2462006.5,A.D. 2028-Aug-23 00:00:00.0000,12.5,-4.654058491745019,4.5,33.28636664894285,-2.119424659363915,0.01056195090542612,0.03182122484884858,-0.002452532978943288,0.1945016246741774,33.67691235875341,0.03014691395382688
ATLAS (C/2025 N1),2462013.5,A.D. 2028-Aug-30 00:00:00.0000,12.5,-4.580070748073438,4.5,33.51206034504761,-2.136531498612767,0.01056895427441023,0.03266125074725409,-0.002434958658001017,0.1957381022062371,33.89100180685184,0.03102126102790047
ATLAS (C/2025 N1),2462020.5,A.D. 2028-Sep-06 00:00:00.0000,12.5,-4.506209533894303,4.5,33.74360098255202,-2.153511716761625,0.01052607330446071,0.03349135046213886,-0.002416371215415774,0.1970098760531046,34.11120262241241,0.03189244806900617
ATLAS (C/2025 N1),2462027.5,A.D. 2028-Sep-13 00:00:00.0000,12.5,-4.432818222641218,4.5,33.98091030365084,-2.170358548362683,0.01043497925841189,0.03430905028995829,-0.002396863437935464,0.1983167507406757,34.33748096014318,0.03275716260765677
ATLAS (C/2025 N1),2462034.5,A.D. 2028-Sep-20 00:00:00.0000,12.5,-4.360228315172921,4.5,34.22389341977311,-2.187065867407602,0.01029739009687813,0.03511207025452556,-0.002376525208003084,0.1996584014140713,34.56978057316541,0.0336123161954088
ATLAS (C/2025 N1),2462041.5,A.D. 2028-Sep-27 00:00:00.0000,12.5,-4.288759171683107,4.5,34.47244012426133,-2.203628166408687,0.01011505412297617,0.0358983115965506,-0.002355443347039375,0.2010343828223048,34.80802436866058,0.03445504043935049
ATLAS (C/2025 N1),2462048.5,A.D. 2028-Oct-04 00:00:00.0000,12.5,-4.218717848634194,4.5,34.72642611561387,-2.22004053478289,0.009889736303152997,0.03666584380136938,-0.002333701572763048,0.2024441380974646,35.05211592793869,0.03528268088878378
ATLAS (C/2025 N1),2462055.5,A.D. 2028-Oct-11 00:00:00.0000,12.5,-4.150399023355605,4.5,34.98571412934728,-2.236298637001419,0.009623206859887629,0.03741289148439306,-0.002311380473417906,0.2038870072515486,35.30194097761957,0.03609278922319056
ATLAS (C/2025 N1),2462062.5,A.D. 2028-Oct-18 00:00:00.0000,12.5,-4.084084990531145,4.5,35.25015497825638,-2.252398690885604,0.009317232097069708,0.03813782139104944,-0.002288557570447881,0.2053622353289255,35.55736880118772,0.03688311410822116
ATLAS (C/2025 N1),2462069.5,A.D. 2028-Oct-25 00:00:00.0000,12.5,-4.020045716420025,4.5,35.51958850249299,-2.268337446337439,0.008973567050486629,0.03883912964709856,-0.002265307383608613,0.206868980167297,35.81825358276134,0.0376515910114715
ATLAS (C/2025 N1),2462076.5,A.D. 2028-Nov-01 00:00:00.0000,12.5,-3.958538938153668,4.5,35.79384443230174,-2.284112164761809,0.00859394992130989,0.03951542960329073,-0.002241701557322986,0.208406319733862,36.08443567730982,0.03839633144568694
ATLAS (C/2025 N1),2462083.5,A.D. 2028-Nov-08 00:00:00.0000,12.5,-3.899810296465657,4.5,36.07274316756286,-2.299720599420368,0.008180098099014134,0.04016544020392635,-0.002217809007655397,0.2099732590164123,36.35574280380985,0.03911561171037785
ATLAS (C/2025 N1),2462090.5,A.D. 2028-Nov-15 00:00:00.0000,12.5,-3.844093490742412,4.5,36.35609647815335,-2.315160976954572,0.007733705701402575,0.04078797499099326,-0.002193696098394774,0.2115687364535186,36.63199115859764,0.03980786137078506
ATLAS (C/2025 N1),2462097.5,A.D. 2028-Nov-22 00:00:00.0000,12.5,-3.791610446876513,4.5,36.64370812891036,-2.330431980193658,0.007256442358057987,0.04138193157696046,-0.002169426839472463,0.2131916298923848,36.91298644693956,0.0404716514524651
ATLAS (C/2025 N1),2462104.5,A.D. 2028-Nov-29 00:00:00.0000,12.5,-3.742571489888897,4.5,36.93537443357867,-2.345532732347044,0.006749953022430853,0.04194628188776778,-0.002145063075842295,0.21484076207174,37.19852483236529,0.04110568277719021
ATLAS (C/2025 N1),2462111.5,A.D. 2028-Dec-06 00:00:00.0000,12.5,-3.697175514393675,4.5,37.2308847426409,-2.360462782623132,0.006215858774020653,0.04248006304775121,-0.002120664712117504,0.2165149056348598,37.48839380464562,0.04170877441711889
ATLAS (C/2025 N1),2462118.5,A.D. 2028-Dec-13 00:00:00.0000,12.5,-3.655610146690676,4.5,37.53002187024462,-2.375222093324517,0.005655758380643135,0.04298236907869041,-0.002096289905143686,0.2182127876837987,37.78237296833332,0.04227985254579537
ATLAS (C/2025 N1),2462125.5,A.D. 2028-Dec-20 00:00:00.0000,12.5,-3.61805189298129,4.5,37.83256246544609,-2.389811028439752,0.005071230694189036,0.04345234330982493,-0.002071995301020054,0.2199330938897362,38.08023475444759,0.04281793965981056
ATLAS (C/2025 N1),2462132.5,A.D. 2028-Dec-27 00:00:00.0000,12.5,-3.584666268780768,4.5,38.1382773330419,-2.404230343747574,0.004463837611805629,0.04388917154216468,-0.002047836230104119,0.2216744721779577,38.38174505850859,0.04332214430440556
ATLAS (C/2025 N1),2462139.5,A.D. 2029-Jan-03 00:00:00.0000,12.5,-3.555607905165046,4.5,38.44693170912966,-2.41848117843708,0.003835127718544385,0.04429207596906374,-0.002023866942359522,0.2234355360081545,38.68666380850391,0.04379165135816544
ATLAS (C/2025 N1),2462146.5,A.D. 2029-Jan-10 00:00:00.0000,12.5,-3.531020627998726,4.5,38.75828549658168,-2.432565048225911,0.003186640362421364,0.04466030978308454,-0.002000140804445406,0.2252148672734614,38.99474546684125,0.04422571287620639
ATLAS (C/2025 N1),2462153.5,A.D. 2029-Jan-17 00:00:00.0000,12.5,-3.511037506675918,4.5,39.07209346553002,-2.446483839966426,0.002519910270415406,0.04499315258759441,-0.001976710520932636,0.2270110188432055,39.30573947061187,0.04462363964416991
ATLAS (C/2025 N1),2462160.5,A.D. 2029-Jan-24 00:00:00.0000,12.5,-3.495780869243494,4.5,39.38810542400554,-2.460239807691507,0.001836472548445438,0.04528990644441896,-0.001953628331857888,0.2288225167762563,39.61939061482008,0.04498479331984395
ATLAS (C/2025 N1),2462167.5,A.D. 2029-Jan-31 00:00:00.0000,12.5,-3.485362280983387,4.5,39.70606636375144,-2.473835570072711,0.001137868089352218,0.04554989273935495,-0.001930946210481949,0.2306478622324472,39.93543938333585,0.04530857936736864
ATLAS (C/2025 N1),2462174.5,A.D. 2029-Feb-07 00:00:00.0000,12.5,-3.479882484108505,4.5,40.02571658631967,-2.487274109237225,0.0004256492877666259,0.04577244969322425,-0.001908716062076813,0.2324855331112074,40.25362223261494,0.04559444063987179
ATLAS (C/2025 N1),2462181.5,A.D. 2029-Feb-14 00:00:00.0000,12.5,-3.47943129640372,4.5,40.34679181486884,-2.500558770916663,-0.0002986139581407119,0.04595693075941868,-0.001886989897039514,0.2343339854490146,40.57367183366042,0.04584185186184512
ATLAS (C/2025 N1),2462188.5,A.D. 2029-Feb-21 00:00:00.0000,12.5,-3.484087466623618,4.5,40.66902329711095,-2.513693265845051,-0.001033327884121995,0.04610270370834929,-0.001865820021333602,0.2361916546077858,40.89531727778611,0.04605031481564038
ATLAS (C/2025 N1),2462195.5,A.D. 2029-Feb-28 00:00:00.0000,12.5,-3.493918484629079,4.5,40.99213790490965,-2.526681672348559,-0.001776868311433328,0.04620915057712942,-0.001845259181749602,0.2380569562869012,41.2182842518432,0.04621935442241415
ATLAS (C/2025 N1),2462202.5,A.D. 2029-Mar-07 00:00:00.0000,12.5,-3.508980344617016,4.5,41.31585823621538,-2.539528440050213,-0.002527573790133753,0.04627566841286391,-0.00182536074139884,0.2399282873927688,41.54229518878054,0.0463485156380402
ATLAS (C/2025 N1),2462209.5,A.D. 2029-Mar-14 00:00:00.0000,12.5,-3.529317260001461,4.5,41.63990272535874,-2.552238394607751,-0.003283738652625466,0.04630167090221961,-0.00180617879847314,0.2418040268016981,41.86706939973219,0.04643736126377808
ATLAS (C/2025 N1),2462216.5,A.D. 2029-Mar-21 00:00:00.0000,12.5,-3.554961328836677,4.5,41.96398576788539,-2.564816743375478,-0.004043605843091044,0.04628659092508161,-0.001787768328441779,0.2436825360526533,42.19232319396398,0.04648547069453515
ATLAS (C/2025 N1),2462223.5,A.D. 2029-Mar-28 00:00:00.0000,12.5,-3.585932149159914,4.5,42.28781786652699,-2.577269081837874,-0.004805359786230344,0.04622988403281104,-0.001770185265846466,0.2455621600086675,42.51776999339377,0.04649243961237459
ATLAS (C/2025 N1),2462230.5,A.D. 2029-Apr-04 00:00:00.0000,12.5,-3.622236384182536,4.5,42.61110580533521,-2.589601400646431,-0.005567119214448741,0.04613103304977203,-0.001753486588249638,0.2474412275280219,42.84312044880249,0.046457880808901
ATLAS (C/2025 N1),2462237.5,A.D. 2029-Apr-11 00:00:00.0000,12.5,-3.663867277836381,4.5,42.93355285976326,-2.601820093051449,-0.006326930149379738,0.04598955374890215,-0.00173773035301043,0.2493180521904636,43.16808256557491,0.04638142609012558
ATLAS (C/2025 N1),2462244.5,A.D. 2029-Apr-18 00:00:00.0000,12.5,-3.710804121498002,4.5,43.25485905116471,-2.613931962556382,-0.007082758995833081,0.04580500188747964,-0.001722975715887117,0.251190933127412,43.49236184744542,0.04626272953643303
ATLAS (C/2025 N1),2462251.5,A.D. 2029-Apr-25 00:00:00.0000,12.5,-3.763011673093764,4.5,43.57472145479354,-2.625944230591164,-0.007832485834533576,0.04557698146549553,-0.001709282925912212,0.253058156008417,43.81566146729796,0.04610147197890203
ATLAS (C/2025 N1),2462258.5,A.D. 2029-May-02 00:00:00.0000,12.5,-3.820439530235356,4.5,43.89283457076232,-2.637864544012654,-0.008573898038450106,0.04530515445577225,-0.001696713272237623,0.2549179942381796,44.13768247442373,0.04589736694219104
ATLAS (C/2025 N1),2462265.5,A.D. 2029-May-09 00:00:00.0000,12.5,-3.883021460137005,4.5,44.20889076766402,-2.649700982168059,-0.009304684327699977,0.0449892518540542,-0.001685329018021558,0.2567687104201783,44.45812404794017,0.04565016791137923
ATLAS (C/2025 N1),2462272.5,A.D. 2029-May-16 00:00:00.0000,12.5,-3.950674690478518,4.5,44.5225808089811,-2.661462063229983,-0.0100224296083857,0.04462908628172801,-0.001675193251573781,0.2586085581459775,44.7766838066002,0.04535967718065886
ATLAS (C/2025 N1),2462279.5,A.D. 2029-May-23 00:00:00.0000,12.5,-4.023299167024968,4.5,44.83359447293962,-2.673156749419701,-0.01072461066160368,0.0442245661150079,-0.001666369718906929,0.2604357841733095,45.09305818591542,0.04502575627436069
ATLAS (C/2025 N1),2462286.5,A.D. 2029-May-30 00:00:00.0000,12.5,-4.100776785291578,4.5,45.14162127711275,-2.684794450682325,-0.01140859308319606,0.04377571126892643,-0.001658922547490893,0.2622486310608769,45.40694289435791,0.044648338111484
ATLAS (C/2025 N1),2462293.5,A.D. 2029-Jun-06 00:00:00.0000,12.5,-4.182970605276418,4.5,45.44635131925128,-2.696385026338718,-0.01207162955849773,0.04328267064249713,-0.001652915941732302,0.2640453403304069,45.7180334608531,0.04422744095460276
ATLAS (C/2025 N1),2462300.5,A.D. 2029-Jun-13 00:00:00.0000,12.5,-4.269724060399447,4.5,45.74747624592852,-2.707938784193539,-0.01271085998185539,0.04274574116879433,-0.00164841376343241,0.2658241562292891,46.02602588626014,0.04376318415947837
ATLAS (C/2025 N1),2462307.5,A.D. 2029-Jun-20 00:00:00.0000,12.5,-4.360860174120615,4.5,46.04469036034244,-2.719466476542676,-0.01332331360349064,0.04216538852920866,-0.001645479058148038,0.2675833301684266,46.3306174117622,0.04325580584772075
ATLAS (C/2025 N1),2462314.5,A.D. 2029-Jun-27 00:00:00.0000,12.5,-4.456180800316565,4.5,46.33769188019272,-2.730979292445538,-0.01390591372183704,0.04154226928351397,-0.00164417346790922,0.2693211259108375,46.63150741724478,0.04270568235499872
ATLAS (C/2025 N1),2462321.5,A.D. 2029-Jul-04 00:00:00.0000,12.5,-4.555465906216818,4.5,46.62618435557946,-2.742488845608333,-0.01445548524032888,0.04087725443322875,-0.001644556555133561,0.2710358255849208,46.92839846246058,0.04211334957260744
ATLAS (C/2025 N1),2462328.5,A.D. 2029-Jul-11 00:00:00.0000,12.5,-4.658472919760423,4.5,46.90987825545361,-2.754007157149055,-0.01496876557258008,0.04017145396562204,-0.00164668502400156,0.2727257365928926,47.22099748318801,0.04147952586077876
ATLAS (C/2025 N1),2462335.5,A.D. 2029-Jul-18 00:00:00.0000,12.5,-4.764936166303777,4.5,47.18849272909322,-2.765546632512775,-0.01544241936118502,0.03942624224877966,-0.001650611818851051,0.2743891994784528,47.50901715347557,0.0408051365469415
ATLAS (C/2025 N1),2462342.5,A.D. 2029-Jul-25 00:00:00.0000,12.5,-4.874566422857622,4.5,47.46175754637222,-2.777120031746825,-0.01587305739409876,0.03864328364888452,-0.001656385135533268,0.2760245968082844,47.79217742342569,0.04009133953669628
ATLAS (C/2025 N1),2462349.5,A.D. 2029-Aug-01 00:00:00.0000,12.5,-4.987050621004443,4.5,47.72941521718734,-2.788740432371072,-0.01625726025057897,0.03782455798222495,-0.001664047289476568,0.2776303631090171,48.07020723972673,0.03933955182875479
ATLAS (C/2025 N1),2462356.5,A.D. 2029-Aug-08 00:00:00.0000,12.5,-5.10205173253839,4.5,47.99122328598516,-2.800421184081666,-0.01659160691035649,0.03697238498478717,-0.001673633518845481,0.2792049958829482,48.34284645296587,0.03855147628877637
ATLAS (C/2025 N1),2462363.5,A.D. 2029-Aug-15 00:00:00.0000,12.5,-5.219208874248958,4.5,48.24695679212974,-2.812175854592231,-0.01687270880209489,0.03608944705813037,-0.001685170650416608,0.280747067703173,48.60984791183598,0.03772912813712774
ATLAS (C/2025 N1),2462370.5,A.D. 2029-Aug-22 00:00:00.0000,12.5,-5.338137669957342,4.5,48.49641088056505,-2.824018166005748,-0.01709724927215057,0.03517880931299466,-0.001698675730269438,0.2822552393597824,48.87097973932931,0.03687486033341228
ATLAS (C/2025 N1),2462377.5,A.D. 2029-Aug-29 00:00:00.0000,12.5,-5.458430908574227,4.5,48.7394035400429,-2.835961921247837,-0.01726202867505158,0.03424393575450414,-0.001714154561856447,0.2837282739940884,49.12602778000264,0.03599138687510509
ATLAS (C/2025 N1),2462384.5,A.D. 2029-Sep-05 00:00:00.0000,12.5,-5.57965953639083,4.5,48.97577843778425,-2.848020920302502,-0.017364014744407,0.03328870044725039,-0.001731600254916469,0.2851650521151448,49.37479820000736,0.03508180296312201
ATLAS (C/2025 N1),2462391.5,A.D. 2029-Sep-12 00:00:00.0000,12.5,-5.701374019991508,4.5,49.20540781035726,-2.860208866222658,-0.01740039802147688,0.03231739217328765,-0.001750991768813439,0.2865645873448385,49.61712021326731,0.03414960064932984
ATLAS (C/2025 N1),2462398.5,A.D. 2029-Sep-19 00:00:00.0000,12.5,-5.82310611280363,4.5,49.42819536114965,-2.872539261180688,-0.01736865164406634,0.03133471146118166,-0.001772292520874335,0.2879260426859828,49.85284889821213,0.03319867886539429
ATLAS (C/2025 N1),2462405.5,A.D. 2029-Sep-26 00:00:00.0000,12.5,-5.944371052986163,4.5,49.64407910623829,-2.885025293042464,-0.01726659457713021,0.03034575862741687,-0.001795449087221861,0.289248747057998,50.08186806084134,0.03223334642577873
ATLAS (C/2025 N1),2462412.5,A.D. 2029-Oct-03 00:00:00.0000,12.5,-6.064670211868044,4.5,49.85303410263904,-2.89767971332995,-0.01709245685835436,0.02935601194283566,-0.001820390045168699,0.2905322117951437,50.30409309130475,0.03125831695067768
ATLAS (C/2025 N1),2462419.5,A.D. 2029-Oct-10 00:00:00.0000,12.5,-6.183494200944879,4.5,50.05507498530515,-2.910514707887411,-0.01684494503591552,0.02837129466780719,-0.001847025065617271,0.2917761467494234,50.51947375203417,0.03027869417443842
ATLAS (C/2025 N1),2462426.5,A.D. 2029-Oct-17 00:00:00.0000,12.5,-6.300326432128442,4.5,50.25025823256976,-2.923541762100021,-0.01652330589133985,0.02739773031258139,-0.001875244269236302,0.2929804755883388,50.72799682646717,0.02929994661659171
ATLAS (C/2025 N1),2462433.5,A.D. 2029-Oct-24 00:00:00.0000,12.5,-6.414647111083882,4.5,50.43868407544554,-2.936771522944949,-0.01612738604867517,0.02644168562135236,-0.001904917978861654,0.29414534983492,50.92968855000314,0.02832787059480044
ATLAS (C/2025 N1),2462440.5,A.D. 2029-Oct-31 00:00:00.0000,12.5,-6.525937626830093,4.5,50.62049796550753,-2.950213660583108,-0.01565768516098335,0.0255097015189886,-0.00193589684330915,0.2952711611704888,51.12461674016071,0.027368541206046
ATLAS (C/2025 N1),2462447.5,A.D. 2029-Nov-07 00:00:00.0000,12.5,-6.633685282925699,4.5,50.79589151899277,-2.963876732562514,-0.01511539988373226,0.02460841270014287,-0.001968012465781624,0.2963585515098159,51.31289254103701,0.02642825120407117
ATLAS (C/2025 N1),2462454.5,A.D. 2029-Nov-14 00:00:00.0000,12.5,-6.737388297371883,4.5,50.96510286189501,-2.977768053992784,-0.0145024562555534,0.02374445714799355,-0.002001078489255422,0.2974084203682701,51.49467169889019,0.02551343826964945
ATLAS (C/2025 N1),2462461.5,A.D. 2029-Nov-21 00:00:00.0000,12.5,-6.83656098094239,4.5,51.12841631219015,-2.991893577248874,-0.01382152793641715,0.02292437761880505,-0.002034892229561721,0.2984219290725015,51.67015529119648,0.02463060184353828
ATLAS (C/2025 N1),2462468.5,A.D. 2029-Nov-28 00:00:00.0000,12.5,-6.930738988254941,4.5,51.28616135119618,-3.006257784791183,-0.01307603844365977,0.02215451751257833,-0.00206923679421024,0.2994005014236421,51.83958984147988,0.02378621112267961
ATLAS (C/2025 N1),2462475.5,A.D. 2029-Dec-05 00:00:00.0000,12.5,-7.019484523554573,4.5,51.43871085583243,-3.020863598607211,-0.01227014579909319,0.02144091439246533,-0.002103883697425246,0.3003458205034174,52.00326676630753,0.02298660669734893
ATLAS (C/2025 N1),2462482.5,A.D. 2029-Dec-12 00:00:00.0000,12.5,-7.102391375154006,4.5,51.58647858666025,-3.035712309454726,-0.01140870883530269,0.02078919442977603,-0.002138595899593443,0.3012598214181849,52.16152111895888,0.02223789846486656
ATLAS (C/2025 N1),2462489.5,A.D. 2029-Dec-19 00:00:00.0000,12.5,-7.179089649473703,4.5,51.72991595170546,-3.050803528640261,-0.01049723515712454,0.02020447165782057,-0.002173131183446133,0.3021446798981138,52.31472961543485,0.02154586323088585
ATLAS (C/2025 N1),2462496.5,A.D. 2029-Dec-26 00:00:00.0000,12.5,-7.249250078955038,4.5,51.86950809205412,-3.066135164422628,-0.009541811640386148,0.01969125556703685,-0.002207245804162767,0.3030027968045463,52.46330795199066,0.02091584529411281
ATLAS (C/2025 N1),2462503.5,A.D. 2030-Jan-02 00:00:00.0000,12.5,-7.312587787523684,4.5,52.00576936101347,-3.08170342443933,-0.008549019316366039,0.01925337079118991,-0.002240698247275387,0.3038367787431597,52.60770744840882,0.02035266379073142
ATLAS (C/2025 N1),2462510.5,A.D. 2030-Jan-09 00:00:00.0000,12.5,-7.368865412212729,4.5,52.13923829196916,-3.097502844656,-0.007525834999630088,0.01889389180960858,-0.002273253030439038,0.3046494151214235,52.74841107562104,0.01986052999354226
ATLAS (C/2025 N1),2462517.5,A.D. 2030-Jan-16 00:00:00.0000,12.5,-7.417895499510208,4.5,52.27047216931972,-3.113526344423466,-0.006479523029544191,0.018615095158784,-0.002304684338089462,0.3054436521169675,52.88592894847078,0.01944297763116516
ATLAS (C/2025 N1),2462524.5,A.D. 2030-Jan-23 00:00:00.0000,12.5,-7.45954211940315,4.5,52.40004133099552,-3.129765306330991,-0.005417520663194264,0.01841843075449362,-0.002334779451057843,0.3062225641325451,53.02079338329352,0.01910280860490434
ATLAS (C/2025 N1),2462531.5,A.D. 2030-Jan-30 00:00:00.0000,12.5,-7.493721667229074,4.5,52.52852333959532,-3.14620967871578,-0.004347321294622783,0.01830451305912406,-0.002363341775738636,0.3069893233987631,53.15355363479241,0.01884205584590356
ATLAS (C/2025 N1),2462538.5,A.D. 2030-Feb-06 00:00:00.0000,12.5,-7.520402851470119,4.5,52.65649716109695,-3.162848097973968,-0.003276359310369253,0.01827313198892358,-0.002390193453576644,0.3077471684394569,53.28477043598732,0.01866196429638902
ATLAS (C/2025 N1),2462545.5,A.D. 2030-Feb-13 00:00:00.0000,12.5,-7.539605892951283,4.5,52.78453748570971,-3.179668027219213,-0.002211900506438531,0.01832328235514862,-0.002415177419639593,0.3084993721355141,53.41501046863737,0.01856298999385249
ATLAS (C/2025 N1),2462552.5,A.D. 2030-Feb-20 00:00:00.0000,12.5,-7.551400985883393,4.5,52.91320931501669,-3.196655907463995,-0.001160941299551628,0.01845321014761407,-0.002438158909156927,0.3092492101097403,53.54484088924996,0.01854481669826626
ATLAS (C/2025 N1),2462559.5,A.D. 2030-Feb-27 00:00:00.0000,12.5,-7.555906092701473,4.5,53.04306292426514,-3.213797317262689,-0.0001301195557188368,0.01866047297427751,-0.002459026376925049,0.3099999301119266,53.67482402826972,0.01860638844688581
ATLAS (C/2025 N1),2462566.5,A.D. 2030-Mar-06 00:00:00.0000,12.5,-7.553284161437261,4.5,53.17462928955918,-3.231077136776647,0.0008743609301950051,0.01894201193439903,-0.002477691836996664,0.3107547230130067,53.80551236787235,0.01874595622461564
ATLAS (C/2025 N1),2462573.5,A.D. 2030-Mar-13 00:00:00.0000,12.5,-7.543739866159195,4.5,53.30841604822611,-3.248479712353979,0.001846791045406461,0.01929423155026412,-0.002494090685260862,0.3115166959265057,53.93744388808785,0.01896113610226718
ATLAS (C/2025 N1),2462580.5,A.D. 2030-Mar-20 00:00:00.0000,12.5,-7.527515977398997,4.5,53.44490403822815,-3.265989018058289,0.002782001419673633,0.01971308474023911,-0.002508181008578511,0.3122888478713037,54.0711378529386,0.0192489763497099
ATLAS (C/2025 N1),2462587.5,A.D. 2030-Mar-27 00:00:00.0000,12.5,-7.504889470825085,4.5,53.58454444054622,-3.283588810962586,0.003675392256878979,0.0201941596534615,-0.002519942510696171,0.3130740482793805,54.20709108917073,0.01960603062106204
ATLAS (C/2025 N1),2462594.5,A.D. 2030-Apr-03 00:00:00.0000,12.5,-7.476167478678112,4.5,53.72775652802936,-3.301262777561421,0.004522948586361836,0.02073276563718009,-0.002529375062382761,0.3138750185414005,54.34577479097118,0.02002843457671678
ATLAS (C/2025 N1),2462601.5,A.D. 2030-Apr-10 00:00:00.0000,12.5,-7.441683181686305,4.5,53.87492600539018,-3.318994669269024,0.005321242236351162,0.02132401583363142,-0.002536497043868002,0.3146943166740498,54.48763186519943,0.02051198332955577
ATLAS (C/2025 N1),2462608.5,A.D. 2030-Apr-17 00:00:00.0000,12.5,-7.401791729814752,4.5,54.02640391006035,-3.336768425474313,0.006067421931995279,0.02196290453364828,-0.002541343462112266,0.3155343250993592,54.63307481544289,0.02105220759408901
ATLAS (C/2025 N1),2462615.5,A.D. 2030-Apr-24 00:00:00.0000,12.5,-7.356866267746423,4.5,54.18250603191916,-3.35456828314834,0.006759193577871084,0.02264437787774088,-0.00254396399977291,0.3163972414448034,54.7824841491034,0.0216444467074438
ATLAS (C/2025 N1),2462622.5,A.D. 2030-May-01 00:00:00.0000,12.5,-7.307294127884306,4.5,54.34351280111949,-3.37237887252046,0.007394792438101712,0.0233633967511904,-0.002544421002798227,0.3172850722045028,54.93620727986846,0.02228391691589035
ATLAS (C/2025 N1),2462629.5,A.D. 2030-May-08 00:00:00.0000,12.5,-7.25347324050175,4.5,54.50966958761553,-3.390185298808177,0.007972949205447877,0.02411499146817481,-0.002542787509064472,0.3181996290491609,55.09455788879649,0.02296577398286558
ATLAS (C/2025 N1),2462636.5,A.D. 2030-May-15 00:00:00.0000,12.5,-7.195808797867967,4.5,54.68118735344292,-3.407973210319906,0.008492851673719529,0.02489430786643128,-0.002539145341822533,0.3191425275359986,55.25781570094912,0.02368516920884076
ATLAS (C/2025 N1),2462643.5,A.D. 2030-May-22 00:00:00.0000,12.5,-7.134710197077399,4.5,54.85824359863164,-3.425728853579396,0.008954103673718976,0.02569664515201669,-0.002533583305095912,0.3201151879471356,55.42622663055221,0.02443729866530293
ATLAS (C/2025 N1),2462650.5,A.D. 2030-May-29 00:00:00.0000,12.5,-7.070588275605346,4.5,55.04098354347045,-3.44343911631308,0.009356682741975758,0.02651748567134004,-0.002526195532114655,0.3211188379746195,55.60000324589441,0.02521744532039644
ATLAS (C/2025 N1),2462657.5,A.D. 2030-Jun-05 00:00:00.0000,12.5,-7.003852844211255,4.5,55.22952149323464,-3.461091559330583,0.00970089766485777,0.02735251736661095,-0.002517079959331437,0.3221545169705796,55.77932550521835,0.02602101436593227
ATLAS (C/2025 N1),2462664.5,A.D. 2030-Jun-12 00:00:00.0000,12.5,-6.934910514085547,4.5,55.42394233589132,-3.478674438401785,0.009987347026485701,0.02819764945290895,-0.002506337000118313,0.3232230814893037,55.96434171630155,0.02684356187830664
ATLAS (C/2025 N1),2462671.5,A.D. 2030-Jun-19 00:00:00.0000,12.5,-6.86416280882175,4.5,55.62430312847032,-3.496176717300111,0.01021687938803936,0.0290490221832694,-0.002494068344704873,0.3243252118631497,56.15516967504022,0.02768081736131336
ATLAS (C/2025 N1),2462678.5,A.D. 2030-Jun-26 00:00:00.0000,12.5,-6.792004547055107,4.5,55.83063473308957,-3.513588073171814,0.01039055585553747,0.02990301142374526,-0.002480375966355762,0.3254614195726863,56.35189794154958,0.02852870060705267
ATLAS (C/2025 N1),2462685.5,A.D. 2030-Jul-03 00:00:00.0000,12.5,-6.718822478266048,4.5,56.0429434693274,-3.530898895338865,0.01050961524167248,0.03075622887244531,-0.002465361240708568,0.3266320551947821,56.55458721633273,0.02938333351862906
ATLAS (C/2025 N1),2462692.5,A.D. 2030-Jul-10 00:00:00.0000,12.5,-6.644994151707701,4.5,56.261212755327,-3.548100278624933,0.01057544233059462,0.03160551874269249,-0.002449124256802975,0.3278373167377457,56.76327178346556,0.03024104753497564
ATLAS (C/2025 N1),2462699.5,A.D. 2030-Jul-17 00:00:00.0000,12.5,-6.570886996888793,4.5,56.48540471465268,-3.565184012233061,0.01058953917710978,0.03244795138557167,-0.002431763237212291,0.3290772581941164,56.97796099146644,0.03109838705133203
ATLAS (C/2025 N1),2462706.5,A.D. 2030-Jul-24 00:00:00.0000,12.5,-6.496857593880298,4.5,56.71546173032942,-3.58214256508752,0.01055349955865085,0.03328081470070716,-0.002413374098643648,0.3303517981641375,57.19864074640439,0.03195210961305277
ATLAS (C/2025 N1),2462713.5,A.D. 2030-Jul-31 00:00:00.0000,12.5,-6.423251111810284,4.5,56.95130793210901,-3.598969068442556,0.01046898647551769,0.03410160372382125,-0.002394050117041272,0.331660728427845,57.42527499611022,0.03279918325306789
ATLAS (C/2025 N1),2462720.5,A.D. 2030-Aug-07 00:00:00.0000,12.5,-6.350400894339519,4.5,57.19285060655696,-3.615657296517075,0.01033771260997008,0.03490800906106668,-0.002373881687298753,0.3330037223637542,57.65780718782695,0.03363678164388043
ATLAS (C/2025 N1),2462727.5,A.D. 2030-Aug-14 00:00:00.0000,12.5,-6.2786281720854,4.5,57.43998152263594,-3.632201645775751,0.01016142358040269,0.03569790438387502,-0.002352956182199363,0.3343803431307585,57.89616168486162,0.03446227730991919
ATLAS (C/2025 N1),2462734.5,A.D. 2030-Aug-21 00:00:00.0000,12.5,-6.208241883299108,4.5,57.6925781683242,-3.648597113404346,0.009941883705918812,0.03646933356745919,-0.002331357854300759,0.3357900515479794,58.14024513093913,0.03527323353529423
ATLAS (C/2025 N1),2462741.5,A.D. 2030-Aug-28 00:00:00.0000,12.5,-6.139538585595778,4.5,57.95050489637935,-3.664839275416059,0.009680864212875789,0.03722049766078566,-0.002309167832635785,0.3372322136243358,58.38994775390657,0.03606739520306974
ATLAS (C/2025 N1),2462748.5,A.D. 2030-Sep-04 00:00:00.0000,12.5,-6.072802442627204,4.5,58.21361397951518,-3.680924264802111,0.009380133584754514,0.03794974204303456,-0.002286464135183974,0.3387061077043807,58.6451446029967,0.03684267899264617
ATLAS (C/2025 N1),2462755.5,A.D. 2030-Sep-11 00:00:00.0000,12.5,-6.00830527064078,4.5,58.48174657636151,-3.696848750100914,0.009041450071986394,0.03865554380860335,-0.002263321775085876,0.34021093120593,58.90569671541203,0.03759716303228587
ATLAS (C/2025 N1),2462762.5,A.D. 2030-Sep-18 00:00:00.0000,12.5,-5.946306631254246,4.5,58.75473361022952,-3.712609914701475,0.008666555937061064,0.03933649946513837,-0.002239812863754612,0.3417458069317402,59.17145220915803,0.03832907618394553
ATLAS (C/2025 N1),2462769.5,A.D. 2030-Sep-25 00:00:00.0000,12.5,-5.88705395847137,4.5,59.03239656330748,-3.728205437114156,0.008257173383356641,0.03999131311272098,-0.002216006778141414,0.3433097889441524,59.44224730020625,0.03903678719118963
ATLAS (C/2025 N1),2462776.5,A.D. 2030-Oct-02 00:00:00.0000,12.5,-5.830782709534502,4.5,59.31454818982304,-3.743633472347553,0.007815001792590077,0.04061878511622218,-0.002191970314664478,0.3449018679999202,59.71790724350549,0.03971879378876485
ATLAS (C/2025 N1),2462783.5,A.D. 2030-Oct-09 00:00:00.0000,12.5,-5.777716530570281,4.5,59.60099315252834,-3.75889263452018,0.007341716224263402,0.04121780155913063,-0.002167767880979854,0.3465209765500306,59.99824719867411,0.04037371211856051
ATLAS (C/2025 N1),2462790.5,A.D. 2030-Oct-16 00:00:00.0000,12.5,-5.728067428930872,4.5,59.89152858764765,-3.77398198080594,0.006838967010612658,0.04178732433550649,-0.002143461692328306,0.3481659933163618,60.28307302242349,0.04100026637235786
ATLAS (C/2025 N1),2462797.5,A.D. 2030-Oct-23 00:00:00.0000,12.5,-5.682035944661092,4.5,60.18594460326675,-3.788900996804286,0.006308380363607131,0.04232638204248498,-0.002119111973028719,0.3498357474582788,60.572181989982,0.04159727887581739
ATLAS (C/2025 N1),2462804.5,A.D. 2030-Oct-30 00:00:00.0000,12.5,-5.639811314649928,4.5,60.4840247161147,-3.803649583361822,0.005751559857966633,0.04283406149702206,-0.002094777177673576,0.3515290223444624,60.86536344816678,0.04216366049367609
ATLAS (C/2025 N1),2462811.5,A.D. 2030-Nov-06 00:00:00.0000,12.5,-5.601571623787203,4.5,60.78554623192559,-3.818228044895731,0.005170088629920438,0.04330950008864393,-0.00207051419166512,0.3532445589486198,61.16239940333285,0.04269840161584123
ATLAS (C/2025 N1),2462818.5,A.D. 2030-Nov-13 00:00:00.0000,12.5,-5.567483938123555,4.5,61.09028057454405,-3.832637079225974,0.00456553232075278,0.04375187879588419,-0.002046378566810684,0.3549810588893444,61.46306504770842,0.04320056358646442
ATLAS (C/2025 N1),2462825.5,A.D. 2030-Nov-20 00:00:00.0000,12.5,-5.537704415542271,4.5,61.39799356895247,-3.846877768928034,0.003939442537099517,0.04416041598530244,-0.002022424716629575,0.3567371871359751,61.76712922790015,0.04366927073888918
ATLAS (C/2025 N1),2462832.5,A.D. 2030-Nov-27 00:00:00.0000,12.5,-5.51237838999208,4.5,61.7084456832909,-3.86095157419205,0.003293360939022462,0.04453436191599206,-0.0019987061522838,0.3585115744030389,62.07435485947777,0.04410370297886883
ATLAS (C/2025 N1),2462839.5,A.D. 2030-Dec-04 00:00:00.0000,12.5,-5.49164042574548,4.5,62.02139223500078,-3.874860327168146,0.002628823708082989,0.04487299396333134,-0.001975275672524552,0.3603028192573074,62.38449929179972,0.0445030889670818
ATLAS (C/2025 N1),2462846.5,A.D. 2030-Dec-11 00:00:00.0000,12.5,-5.475614338518949,4.5,62.33658356613435,-3.88860622777459,0.001947366533264947,0.04517561260558386,-0.001952185587800581,0.3621094899619308,62.69731462731504,0.0448666999533079
ATLAS (C/2025 N1),2462853.5,A.D. 2030-Dec-18 00:00:00.0000,12.5,-5.464413180643661,4.5,62.65376519297477,-3.902191840922998,0.001250529900854702,0.04544153808187353,-0.001929487906471898,0.363930126083466,63.01254799981172,0.04519384419894604
ATLAS (C/2025 N1),2462860.5,A.D. 2030-Dec-25 00:00:00.0000,12.5,-5.458139187689719,4.5,62.97267793510735,-3.915620095127971,0.0005398647996901168,0.04567010787768249,-0.001907234536521524,0.3657632398881665,63.32994181617664,0.04548386214631284
ATLAS (C/2025 N1),2462867.5,A.D. 2031-Jan-01 00:00:00.0000,12.5,-5.456883684156368,4.5,63.293058029193,-3.928894282427739,-0.0001830612760142757,0.04586067486041429,-0.001885477466457132,0.3676073175549639,63.64923396641704,0.04573612217331635
ATLAS (C/2025 N1),2462874.5,A.D. 2031-Jan-08 00:00:00.0000,12.5,-5.460726946015705,4.5,63.61463723268396,-3.942018059571052,-0.0009166580344821842,0.04601260627718318,-0.001864268937839254,0.3694608202328309,63.97015800673707,0.04595001715008731
ATLAS (C/2025 N1),2462881.5,A.D. 2031-Jan-15 00:00:00.0000,12.5,-5.469738018440912,4.5,63.93714292294799,-3.954995450396699,-0.001659305858305694,0.0461252834605605,-0.001843661621126611,0.3713221849718954,64.29244332075517,0.04612496165133356
ATLAS (C/2025 N1),2462888.5,A.D. 2031-Jan-22 00:00:00.0000,12.5,-5.483974487128067,4.5,64.26029819768459,-3.967830849343596,-0.002409349088577365,0.04619810248530517,-0.001823708754860064,0.3731898255601434,64.61581526437487,0.04626039006755412
ATLAS (C/2025 N1),2462895.5,A.D. 2031-Jan-29 00:00:00.0000,12.5,-5.503482201675813,4.5,64.58382198265248,-3.980529025975274,-0.003165089038268103,0.04623047561948298,-0.001804464302064716,0.3750621332983028,64.93999529995163,0.0463557554538939
ATLAS (C/2025 N1),2462902.5,A.D. 2031-Feb-05 00:00:00.0000,12.5,-5.528294949771518,4.5,64.90742915299101,-3.993095130422864,-0.00392477694384409,0.04622183374991345,-0.001785983052300688,0.3769374777470545,65.26470112566841,0.04641052930585388
ATLAS (C/2025 N1),2462909.5,A.D. 2031-Feb-12 00:00:00.0000,12.5,-5.558434081388603,4.5,65.23083067476512,-4.005534699625689,-0.004686606734309535,0.04617162976627006,-0.001768320748338651,0.3788142074827808,65.58964680638954,0.04642420223675404
ATLAS (C/2025 N1),2462916.5,A.D. 2031-Feb-19 00:00:00.0000,12.5,-5.593908082548844,4.5,65.55373377390812,-4.017853664233646,-0.005448707862434254,0.04607934299533623,-0.001751534149054011,0.3806906509011787,65.91454291280206,0.04639628565866649
ATLAS (C/2025 N1),2462923.5,A.D. 2031-Feb-26 00:00:00.0000,12.5,-5.634712098636523,4.5,65.87584214013124,-4.030058356017359,-0.006209138078010724,0.04594448478958712,-0.001735681107651453,0.3825651171103461,66.23909667604863,0.04632631456037994
ATLAS (C/2025 N1),2462930.5,A.D. 2031-Mar-05 00:00:00.0000,12.5,-5.680827407813672,4.5,66.19685617396058,-4.042155515594708,-0.006965876403299966,0.0457666052564776,-0.001720820588606454,0.3844358969584262,66.56301216565882,0.04621385138194525
ATLAS (C/2025 N1),2462937.5,A.D. 2031-Mar-12 00:00:00.0000,12.5,-5.732220845712158,4.5,66.51647328554093,-4.054152300277027,-0.007716816270431773,0.04554530134699938,-0.001707012677168101,0.3863012642437967,66.88599049908686,0.04605849119975725
ATLAS (C/2025 N1),2462944.5,A.D. 2031-Mar-19 00:00:00.0000,12.5,-5.788844183452787,4.5,66.83438825447017,-4.066056291779746,-0.008459759054589192,0.04528022621022856,-0.001694318538434914,0.3881594771596857,67.20773009183897,0.04585986814497354
ATLAS (C/2025 N1),2462951.5,A.D. 2031-Mar-26 00:00:00.0000,12.5,-5.850633461940045,4.5,67.15029366049544,-4.077875503536962,-0.009192408092190584,0.04497110010294903,-0.001682800335578715,0.3900087800287602,67.5279269578083,0.04561766335162383
ATLAS (C/2025 N1),2462958.5,A.D. 2031-Apr-02 00:00:00.0000,12.5,-5.917508286523942,4.5,67.46388039552888,-4.089618387282458,-0.009912363348758845,0.04461772272978565,-0.00167252110953576,0.3918474053874722,67.84627507016803,0.04533161432842542
ATLAS (C/2025 N1),2462965.5,A.D. 2031-Apr-09 00:00:00.0000,12.5,-5.989371087282579,4.5,67.77483826797517,-4.10129383855344,-0.01061711698280746,0.04421998727714196,-0.001663544583260013,0.3936735764837961,68.16246679384135,0.04500152604268676
ATLAS (C/2025 N1),2462972.5,A.D. 2031-Apr-16 00:00:00.0000,12.5,-6.066106351792491,4.5,68.08285671067189,-4.112911200705928,-0.01130404995064507,0.04377789600060799,-0.001655934937101281,0.3954855102549591,68.4761934010794,0.04462728360442055
ATLAS (C/2025 N1),2462979.5,A.D. 2031-Apr-23 00:00:00.0000,12.5,-6.147579839050398,4.5,68.38762560398226,-4.124480267002997,-0.01197043007753248,0.0432915775223025,-0.001649756476748081,0.3972814208546321,68.78714568217558,0.04420886675680313
ATLAS (C/2025 N1),2462986.5,A.D. 2031-Apr-30 00:00:00.0000,12.5,-6.233637785349154,4.5,68.68883622556858,-4.136011280240791,-0.01261341173521089,0.04276130574341211,-0.001645073261646231,0.3990595238009099,69.09501466366582,0.04374636612027461
ATLAS (C/2025 N1),2462993.5,A.D. 2031-May-07 00:00:00.0000,12.5,-6.324106115174396,4.5,68.98618233823407,-4.147514929308992,-0.01323003766453312,0.04218752034224398,-0.001641948600430352,0.4008180408178954,69.39949244662317,0.04324000123585516
ATLAS (C/2025 N1),2463000.5,A.D. 2031-May-14 00:00:00.0000,12.5,-6.418789672914222,4.5,69.27936142649045,-4.159002342044952,-0.01381724318038741,0.04157084876962269,-0.001640444493031121,0.4025552054424203,69.70027317743121,0.04269014038818799
ATLAS (C/2025 N1),2463007.5,A.D. 2031-May-21 00:00:00.0000,12.5,-6.517471494340978,4.5,69.56807609175507,-4.170485073707498,-0.01437186339594651,0.04091212953579959,-0.001640620941709361,0.4042692694666379,69.99705416328453,0.04209732210874274
ATLAS (C/2025 N1),2463014.5,A.D. 2031-May-28 00:00:00.0000,12.5,-6.619912139915973,4.5,69.85203561502483,-4.181975090397991,-0.01489064374339278,0.04021243675299667,-0.001642535188947805,0.4059585102851131,70.28953714429775,0.04146227841545855
ATLAS (C/2025 N1),2463021.5,A.D. 2031-Jun-04 00:00:00.0000,12.5,-6.725849114879117,4.5,70.13095769439424,-4.193484746703693,-0.01537025429672447,0.0394731054789724,-0.001646240835799378,0.4076212392108296,70.57742973337774,0.04078595945443233
ATLAS (C/2025 N1),2463028.5,A.D. 2031-Jun-11 00:00:00.0000,12.5,-6.834996403763496,4.5,70.40457036222634,-4.205026756831729,-0.01580730822854362,0.0386957576203695,-0.001651786854283495,0.4092558108144689,70.86044703326962,0.04006955941985495
ATLAS (C/2025 N1),2463035.5,A.D. 2031-Jun-18 00:00:00.0000,12.5,-6.947044149893538,4.5,70.67261408319185,-4.216614158435585,-0.0161983848271093,0.037882327599193,-0.001659216495549122,0.4108606333258512,71.13831343751029,0.03931454309449584
ATLAS (C/2025 N1),2463042.5,A.D. 2031-Jun-25 00:00:00.0000,12.5,-7.061658513199542,4.5,70.93484402983646,-4.22826026837347,-0.01654005750441538,0.03703508727094574,-0.001668566070442263,0.4124341801157785,71.41076461844791,0.03852267264466352
ATLAS (C/2025 N1),2463049.5,A.D. 2031-Jul-02 00:00:00.0000,12.5,-7.178481742236371,4.5,71.19103252681188,-4.239978629676343,-0.01682892702039658,0.03615666905078772,-0.001679863666935054,0.4139750022505311,71.67754970098602,0.03769603376696556
ATLAS (C/2025 N1),2463056.5,A.D. 2031-Jul-09 00:00:00.0000,12.5,-7.297132498201608,4.5,71.44097164832877,-4.251782949159357,-0.01706166030664775,0.03525008636739587,-0.001693127758219425,0.4154817420791238,71.93843361514335,0.03683706045896575
ATLAS (C/2025 N1),2463063.5,A.D. 2031-Jul-16 00:00:00.0000,12.5,-7.417206470254405,4.5,71.68447594583864,-4.263687025224389,-0.01723503487468349,0.03431875025794976,-0.001708365796359047,0.416953147775512,72.19319961395927,0.03594855735031397
ATLAS (C/2025 N1),2463070.5,A.D. 2031-Jul-23 00:00:00.0000,12.5,-7.538277321693948,4.5,71.92138527548748,-4.275704665513152,-0.01734598889363536,0.03336648107798348,-0.001725572722910265,0.4183880887196931,72.44165193664874,0.03503371868379837
ATLAS (C/2025 N1),2463077.5,A.D. 2031-Jul-30 00:00:00.0000,12.5,-7.659898004589301,4.5,72.1515676870732,-4.287849594240672,-0.01739167628301432,0.03239751417310641,-0.001744729514747495,0.4197855715597034,72.6836185896509,0.03409614283162917
ATLAS (C/2025 N1),2463084.5,A.D. 2031-Aug-06 00:00:00.0000,12.5,-7.781602476165015,4.5,72.37492232746658,-4.300135349333546,-0.01736952625736519,0.03141649808597418,-0.001765801739424819,0.4211447567469467,72.9189542096324,0.03313984093682886
ATLAS (C/2025 N1),2463091.5,A.D. 2031-Aug-13 00:00:00.0000,12.5,-7.902907844269642,4.5,72.59138230167717,-4.312575169896497,-0.01727730620817151,0.0304284840427031,-0.001788738239425292,0.4224649752798292,73.14754296255806,0.03216923835823193
ATLAS (C/2025 N1),2463098.5,A.D. 2031-Aug-20 00:00:00.0000,12.5,-8.023316961583742,4.5,72.80091742562786,-4.325181874906824,-0.0171131867738803,0.0294389053273536,-0.001813469959967146,0.4237457453344876,73.36930142321205,0.03118916741143651
ATLAS (C/2025 N1),2463105.5,A.D. 2031-Aug-27 00:00:00.0000,12.5,-8.14232147797482,4.5,73.00353679676022,-4.337967734500182,-0.01687580738470818,0.02845354571106734,-0.001839909006277931,0.4249867884085399,73.58418137040174,0.03020485034628026
ATLAS (C/2025 N1),2463112.5,A.D. 2031-Sep-03 00:00:00.0000,12.5,-8.25940534779538,4.5,73.19929110228333,-4.350944335612587,-0.01656434032762671,0.02747849596651804,-0.001867947992588397,0.4261880445566255,73.79217242490971,0.02922187128075983
ATLAS (C/2025 N1),2463119.5,A.D. 2031-Sep-10 00:00:00.0000,12.5,-8.374048773974065,4.5,73.38827458082366,-4.364122444208641,-0.01617855109859589,0.02652009829117909,-0.001897459720128833,0.4273496862583562,73.99330445065493,0.02824613650334755
ATLAS (C/2025 N1),2463126.5,A.D. 2031-Sep-17 00:00:00.0000,12.5,-8.48573255412445,4.5,73.57062655211689,-4.377511866717957,-0.01571885246858815,0.02558487853600924,-0.001928297288556571,0.4284721304342931,74.18764963519489,0.02728382252944634
ATLAS (C/2025 N1),2463133.5,A.D. 2031-Sep-24 00:00:00.0000,12.5,-8.593942775949575,4.5,73.74653243187996,-4.391121313709354,-0.01518634979366396,0.02467946702580457,-0.00196029462663622,0.4295560481178572,74.3753241643647,0.02634131212267258
ATLAS (C/2025 N1),2463140.5,A.D. 2031-Oct-01 00:00:00.0000,12.5,-8.698175791088861,4.5,73.9162241555425,-4.404958269123871,-0.01458287483215903,0.0238105091231557,-0.001993267557323655,0.43060237130398,74.55648940808446,0.02542511877762839
ATLAS (C/2025 N1),2463147.5,A.D. 2031-Oct-08 00:00:00.0000,12.5,-8.79794337899914,4.5,74.07997994559526,-4.419028868604157,-0.01391100584790064,0.02298456747004073,-0.002027015333140486,0.4316122965326292,74.73135254082739,0.02454180094366454
ATLAS (C/2025 N1),2463154.5,A.D. 2031-Oct-15 00:00:00.0000,12.5,-8.892777996740637,4.5,74.2381233725188,-4.433337790524252,-0.0131740717493176,0.02220801839398989,-0.002061322724950359,0.432587284826163,74.90016653077299,0.02369786780083775
ATLAS (C/2025 N1),2463161.5,A.D. 2031-Oct-22 00:00:00.0000,12.5,-8.982237997859222,4.5,74.39102167865131,-4.447888163219244,-0.01237613890772292,0.02148694543744472,-0.00209596255979366,0.4335290576858281,75.06322944662227,0.02289967896053914
ATLAS (C/2025 N1),2463168.5,A.D. 2031-Oct-29 00:00:00.0000,12.5,-9.065912695011665,4.5,74.5390833569927,-4.462681491664847,-0.01152197962485863,0.02082703356884991,-0.002130698723271408,0.4344395889609459,75.22088304979096,0.02215334113099526
ATLAS (C/2025 N1),2463175.5,A.D. 2031-Nov-05 00:00:00.0000,12.5,-9.143427137654372,4.5,74.6827550020815,-4.477717606391542,-0.01061702229617787,0.02023346760717866,-0.00216528950308984,0.435321092532012,75.3735106618042,0.02146460493426649
ATLAS (C/2025 N1),2463182.5,A.D. 2031-Nov-12 00:00:00.0000,12.5,-9.214446478476434,4.5,74.82251747617283,-4.492994636844722,-0.009667283965620077,0.01971083879032113,-0.002199491203615516,0.4361760058886341,75.52153432090486,0.02083876561679266
ATLAS (C/2025 N1),2463189.5,A.D. 2031-Nov-19 00:00:00.0000,12.5,-9.278679810743316,4.5,74.95888145962847,-4.508509010616464,-0.008679286921140283,0.01926306282868707,-0.002233061910801389,0.4370069698284109,75.66541126702305,0.02028057102316532
ATLAS (C/2025 N1),2463196.5,A.D. 2031-Nov-26 00:00:00.0000,12.5,-9.335883372834665,4.5,75.09238247782407,-4.524255479143096,-0.007659961790456853,0.01889331274771347,-0.002265765259940151,0.4378168046431818,75.80562981855337,0.01979414037616785
ATLAS (C/2025 N1),2463203.5,A.D. 2031-Dec-03 00:00:00.0000,12.5,-9.38586303617367,4.5,75.22357551651011,-4.540227169554226,-0.006616540270966425,0.01860396883895076,-0.002297374126356095,0.4386084832866822,75.9427047264783,0.01938289663699743
ATLAS (C/2025 N1),2463210.5,A.D. 2031-Dec-10 00:00:00.0000,12.5,-9.428476017035742,4.5,75.35302935282994,-4.556415661523435,-0.005556441296754437,0.01839658767763721,-0.00232767405148739,0.4393851021281637,76.07717211051448,0.01904951505254814
ATLAS (C/2025 N1),2463217.5,A.D. 2031-Dec-17 00:00:00.0000,12.5,-9.463631779298275,4.5,75.48132073846358,-4.572811087068263,-0.004487154362386489,0.01827189092965853,-0.00235646635847385,0.4401498499787617,76.20958409619469,0.01879588937350116
ATLAS (C/2025 N1),2463224.5,A.D. 2031-Dec-24 00:00:00.0000,12.5,-9.491292122739292,4.5,75.609028573873,-4.589402250496274,-0.00341612416249701,0.01822977388838747,-0.002383570778538558,0.4409059761254124,76.34050328011192,0.01862311657882087
ATLAS (C/2025 N1),2463231.5,A.D. 2031-Dec-31 00:00:00.0000,12.5,-9.51147047902239,4.5,75.73672820867702,-4.606176765117138,-0.002350640189618513,0.01826933276531306,-0.002408827603238751,0.4416567581209821,76.47049715295327,0.01853150003554326
ATLAS (C/2025 N1),2463238.5,A.D. 2032-Jan-07 00:00:00.0000,12.5,-9.524230463008537,4.5,75.86498599364892,-4.623121202923635,-0.00129773488860525,0.01838890891868849,-0.002432099236302812,0.4424054700613277,76.60013260684323,0.01852057019982203
ATLAS (C/2025 N1),2463245.5,A.D. 2032-Jan-14 00:00:00.0000,12.5,-9.52968374890068,4.5,75.99435419502728,-4.64022125323146,-0.0002640930241525767,0.01858614771110022,-0.002453271194516648,0.4431553520296798,76.72997064480256,0.01858912136195719
ATLAS (C/2025 N1),2463252.5,A.D. 2032-Jan-21 00:00:00.0000,12.5,-9.527987358144399,4.5,76.12536636322314,-4.657461886205851,0.0007440254791170254,0.01885806895909658,-0.002472252514073218,0.4439095813125874,76.86056139694378,0.01873526212585822
ATLAS (C/2025 N1),2463259.5,A.D. 2032-Jan-28 00:00:00.0000,12.5,-9.519340458228529,4.5,76.25853322675037,-4.674827517375707,0.001720847935675775,0.01920114601918213,-0.002488975625149297,0.4446712458947543,76.99243953124405,0.01895647721967814
ATLAS (C/2025 N1),2463266.5,A.D. 2032-Feb-04 00:00:00.0000,12.5,-9.503980778585293,4.5,76.39433915990568,-4.692302169499613,0.002661135876308006,0.01961139009982786,-0.002503395739383508,0.4454433206307383,77.12612012780305,0.01924969762856846
ATLAS (C/2025 N1),2463273.5,A.D. 2032-Feb-11 00:00:00.0000,12.5,-9.482180751576946,4.5,76.53323925059793,-4.709869628601038,0.00356021666601676,0.02008443691878816,-0.002515489800495419,0.4462286463761314,77.26209506551876,0.01961137638973813
ATLAS (C/2025 N1),2463280.5,A.D. 2032-Feb-18 00:00:00.0000,12.5,-9.45424348389302,4.5,76.67565697392838,-4.727513591463243,0.004414000514889218,0.02061563268512521,-0.002525255113718068,0.4470299122463385,77.40082995029017,0.02003756708199968
ATLAS (C/2025 N1),2463287.5,A.D. 2032-Feb-25 00:00:00.0000,12.5,-9.420498657071978,4.5,76.82198245866091,-4.745217802447069,0.005218983933423492,0.02120011713209068,-0.002532707673031074,0.4478496410636738,77.54276159526019,0.02052400265484834
ATLAS (C/2025 N1),2463294.5,A.D. 2032-Mar-03 00:00:00.0000,12.5,-9.381298446269122,4.5,76.97257131828006,-4.762966178009489,0.005972241369567499,0.02183290152506521,-0.002537880336640125,0.4486901779580071,77.68829604707871,0.02106617228748953
ATLAS (C/2025 N1),2463301.5,A.D. 2032-Mar-10 00:00:00.0000,12.5,-9.337013534205328,4.5,77.12774400612005,-4.780742917888378,0.006671406671310219,0.02250894013015705,-0.002540820855120724,0.4495536820045981,77.8378071380384,0.02165939446552673
ATLAS (C/2025 N1),2463308.5,A.D. 2032-Mar-17 00:00:00.0000,12.5,-9.288029284708342,4.5,77.28778564433283,-4.798532602472382,0.007314646325769226,0.02322319402297077,-0.002541589902173851,0.4504421207130268,77.99163553186284,0.02229888477771795
ATLAS (C/2025 N1),2463315.5,A.D. 2032-Mar-24 00:00:00.0000,12.5,-9.234742127477832,4.5,77.45294627098532,-4.81632027623713,0.007900626204814994,0.0239706866647709,-0.002540259076129485,0.4513572671337941,78.15008822272978,0.02297981746169029
ATLAS (C/2025 N1),2463322.5,A.D. 2032-Mar-31 00:00:00.0000,12.5,-9.177556192243168,4.5,77.62344144686912,-4.834091517524797,0.008428473840708167,0.02474655110174242,-0.002536908998835151,0.4523006993162478,78.31343844141378,0.02369738010967872
ATLAS (C/2025 N1),2463329.5,A.D. 2032-Apr-07 00:00:00.0000,12.5,-9.116880218369912,4.5,77.79945316302772,-4.851832495259276,0.00889773772308098,0.02554606871125902,-0.002531627496770446,0.4532738018312563,78.48192591892928,0.02444682106427826
ATLAS (C/2025 N1),2463336.5,A.D. 2032-Apr-14 00:00:00.0000,12.5,-9.053124755125022,4.5,77.98113099150545,-4.869530013448307,0.009308345164782796,0.02636470003260246,-0.002524507926042392,0.4542777690646312,78.65575745676895,0.02522348964675684
ATLAS (C/2025 N1),2463343.5,A.D. 2032-Apr-21 00:00:00.0000,12.5,-8.986699658415024,4.5,78.16859342505502,-4.887171544451936,0.009660559938277729,0.02719810802684708,-0.002515647648914186,0.4553136099911887,78.83510775350669,0.02602286922222547
ATLAS (C/2025 N1),2463350.5,A.D. 2032-Apr-28 00:00:00.0000,12.5,-8.91801188177367,4.5,78.36192935586291,-4.904745252135057,0.0099549407020694,0.02804217465321935,-0.002505146659993143,0.4563821541511286,79.02012043957569,0.02684060368530146
ATLAS (C/2025 N1),2463357.5,A.D. 2032-May-05 00:00:00.0000,12.5,-8.8474635530207,4.5,78.5611996483833,-4.922240006040677,0.01019230108930658,0.02889301132036995,-0.002493106402066216,0.4574840585682827,79.21090927512597,0.02767251766838918
ATLAS (C/2025 N1),2463364.5,A.D. 2032-May-12 00:00:00.0000,12.5,-8.775450322973018,4.5,78.76643876683232,-4.939645387759136,0.01037367196227952,0.02974696416953843,-0.0024796287142649,0.4586198153720341,79.40755946971878,0.02851463123221327
ATLAS (C/2025 N1),2463371.5,A.D. 2032-May-19 00:00:00.0000,12.5,-8.702359968997598,4.5,78.9776564233428,-4.956951690621411,0.01050026641488142,0.03060061483996948,-0.002464814979011142,0.4597897599088712,79.61012908679866,0.02936316951942226
ATLAS (C/2025 N1),2463378.5,A.D. 2032-May-26 00:00:00.0000,12.5,-8.628571233671753,4.5,79.19483921817577,-4.974149913810079,0.0105734476253843,0.03145077753050748,-0.002448765376975857,0.4609940791551638,79.81865050032052,0.03021456808359809
ATLAS (C/2025 N1),2463385.5,A.D. 2032-Jun-02 00:00:00.0000,12.5,-8.554452877434827,4.5,79.41795224824162,-4.991231751896441,0.01059469986982665,0.03229449301845612,-0.00243157832141879,0.4622328202669629,80.03313187510143,0.0310654744642387
ATLAS (C/2025 N1),2463392.5,A.D. 2032-Jun-09 00:00:00.0000,12.5,-8.48036292371973,4.5,79.64694066510157,-5.008189580703025,0.01056560252317077,0.03312902030219923,-0.002413349976302611,0.4635058991286946,80.25355864698132,0.03191274664678304
ATLAS (C/2025 N1),2463399.5,A.D. 2032-Jun-16 00:00:00.0000,12.5,-8.406648074954834,4.5,79.88173116814094,-5.025016440340312,0.01048780721492766,0.03395182652715482,-0.002394173922584123,0.4648131087873832,80.47989498316318,0.03275344903033425
ATLAS (C/2025 N1),2463406.5,A.D. 2032-Jun-23 00:00:00.0000,12.5,-8.333643278436131,4.5,80.12223342211624,-5.041706016132691,0.0103630178363375,0.03476057553108299,-0.002374140892631488,0.4661541276790782,80.71208520657494,0.03358484626107931
ATLAS (C/2025 N1),2463413.5,A.D. 2032-Jun-30 00:00:00.0000,12.5,-8.261671422133599,4.5,80.36834139187735,-5.0582526180558,0.01019297338116244,0.03555311571610596,-0.002353338602466783,0.4675285275755402,80.95005517179536,0.03440439564573229
ATLAS (C/2025 N1),2463420.5,A.D. 2032-Jul-07 00:00:00.0000,12.5,-8.191043141188796,4.5,80.61993459010604,-5.074651159257093,0.009979433473461644,0.0363274673555929,-0.002331851665134309,0.4689357811976157,81.19371358326913,0.03520973828534361
ATLAS (C/2025 N1),2463427.5,A.D. 2032-Jul-14 00:00:00.0000,12.5,-8.122056716822435,4.5,80.87687923550827,-5.090897134222424,0.009724166374003708,0.03708180973085834,-0.002309761565198955,0.470375269452374,81.44295324837812,0.03599868936745174
ATLAS (C/2025 N1),2463434.5,A.D. 2032-Jul-21 00:00:00.0000,12.5,-8.054998051205018,4.5,81.13902932026068,-5.106986597015575,0.009428939242024934,0.03781446811700216,-0.002287146709656656,0.4718462882610598,81.69765225966492,0.03676922768967713
ATLAS (C/2025 N1),2463441.5,A.D. 2032-Jul-28 00:00:00.0000,12.5,-7.990140703633225,4.5,81.4062275872182,-5.122916139935672,0.009095510307103774,0.03852390103981628,-0.002264082488658304,0.4733480549569988,81.9576751025957,0.03751948489685202
ATLAS (C/2025 N1),2463448.5,A.D. 2032-Aug-04 00:00:00.0000,12.5,-7.927745974925827,4.5,81.67830641892976,-5.138682872840056,0.008725622901480976,0.03920868786574589,-0.002240641407820005,0.4748797142436382,82.22287368716296,0.03824773453599394
ATLAS (C/2025 N1),2463455.5,A.D. 2032-Aug-11 00:00:00.0000,12.5,-7.868063028165211,4.5,81.9550886417162,-5.154284403351824,0.008321001009253388,0.03986751694076019,-0.002216893206158483,0.4764403437119061,82.49308830318681,0.03895238120645263
ATLAS (C/2025 N1),2463462.5,A.D. 2032-Aug-18 00:00:00.0000,12.5,-7.811329035117107,4.5,82.23638824870515,-5.169718818130399,0.007883346353715074,0.04049917432838952,-0.002192905040345317,0.4780289589217954,82.76814850016379,0.03963194989195305
ATLAS (C/2025 N1),2463469.5,A.D. 2032-Aug-25 00:00:00.0000,12.5,-7.757769338797185,4.5,82.52201104626656,-5.184984665346501,0.007414336677316091,0.04110253317270656,-0.002168741646811512,0.479644518058197,83.04787389339957,0.04028507556064648
ATLAS (C/2025 N1),2463476.5,A.D. 2032-Sep-01 00:00:00.0000,12.5,-7.707597623655622,4.5,82.81175522848143,-5.200080938479537,0.006915625252303196,0.04167654379220399,-0.002144465551378575,0.4812859261739249,83.33207489866577,0.04091049316977793
ATLAS (C/2025 N1),2463483.5,A.D. 2032-Sep-08 00:00:00.0000,12.5,-7.661016085907389,4.5,83.10541188444115,-5.215007061498437,0.006388841312554811,0.04222022438828157,-0.002120137261531577,0.4829520390355679,83.62055339808882,0.04150702801310851
ATLAS (C/2025 N1),2463490.5,A.D. 2032-Sep-15 00:00:00.0000,12.5,-7.618215597610748,4.5,83.40276544342964,-5.229762875501804,0.005835591378921985,0.04273265260744693,-0.002095815482997777,0.4846416665909611,83.91310334052363,0.04207358667942604
ATLAS (C/2025 N1),2463497.5,A.D. 2032-Sep-22 00:00:00.0000,12.5,-7.579375858745568,4.5,83.70359406333357,-5.244348626850146,0.005257461371867303,0.04321295774319609,-0.002071557336799318,0.4863535760800524,84.20951128018385,0.04260914844106557
ATLAS (C/2025 N1),2463504.5,A.D. 2032-Sep-29 00:00:00.0000,12.5,-7.544665531940786,4.5,84.00766996730172,-5.258764956816521,0.004656019415253446,0.04366031374703041,-0.002047418567514051,0.4880864948101932,84.50955685716843,0.04311275726961518
ATLAS (C/2025 N1),2463511.5,A.D. 2032-Oct-06 00:00:00.0000,12.5,-7.514242355382513,4.5,84.31475973364289,-5.273012892737434,0.004032819272539627,0.04407393286860285,-0.002023453771254395,0.4898391126179154,84.81301322370481,0.04358351432482979
ATLAS (C/2025 N1),2463518.5,A.D. 2032-Oct-13 00:00:00.0000,12.5,-7.488253229910841,4.5,84.62462454410596,-5.287093840672417,0.003389404261104165,0.04445306011079649,-0.001999716592244661,0.4916100840410591,85.11964742024162,0.04402057112720064
ATLAS (C/2025 N1),2463525.5,A.D. 2032-Oct-20 00:00:00.0000,12.5,-7.46683427676129,4.5,84.9370203956187,-5.301009579544524,0.002727311727999917,0.04479696835067195,-0.001976259953548697,0.4933980302255248,85.42922070559223,0.04442312327526445
ATLAS (C/2025 N1),2463532.5,A.D. 2032-Oct-27 00:00:00.0000,12.5,-7.450110862722277,4.5,85.25169828060109,-5.314762256741078,0.002048077869759407,0.04510495422000052,-0.001953136241290855,0.495201540591757,85.74148884547769,0.04479040482533744
ATLAS (C/2025 N1),2463539.5,A.D. 2032-Nov-03 00:00:00.0000,12.5,-7.4381975898285,4.5,85.56840434089489,-5.328354385136864,0.00135324303987191,0.04537633470821256,-0.001930397526456157,0.4970191742861973,86.05620236383787,0.04512168329727892
ATLAS (C/2025 N1),2463546.5,A.D. 2032-Nov-10 00:00:00.0000,12.5,-7.431198246989259,4.5,85.88688000047175,-5.34178884149363,0.0006443573149569041,0.04561044447732171,-0.001908095738834739,0.4988494614440446,86.37310676147175,0.04541625531662113
ATLAS (C/2025 N1),2463553.5,A.D. 2032-Nov-17 00:00:00.0000,12.5,-7.429205721193616,4.5,86.20686208207799,-5.355068866192903,-7.701353693164003e-05,0.0458066339785842,-0.001886282868972974,0.50069090428997,86.6919427066201,0.0456734429785402
ATLAS (C/2025 N1),2463560.5,A.D. 2032-Nov-24 00:00:00.0000,12.5,-7.432301866209983,4.5,86.52808291317409,-5.368198064231961,-0.0008092818712882108,0.04596426826677449,-0.001865011133382192,0.5025419781048334,87.01244620234752,0.04589259084456546
ATLAS (C/2025 N1),2463567.5,A.D. 2032-Dec-01 00:00:00.0000,12.5,-7.440557326823305,4.5,86.85027042664989,-5.381180407426706,-0.001550831667569819,0.04608272670761816,-0.001844333145855646,0.5044011320872912,87.33434873572502,0.04607306376149949
ATLAS (C/2025 N1),2463574.5,A.D. 2032-Dec-08 00:00:00.0000,12.5,-7.454031316840628,4.5,87.17314826201049,-5.394020237721533,-0.002300011808586431,0.04616140340334428,-0.001824302070882219,0.5062667901404925,87.65737741404229,0.04621424533462731
ATLAS (C/2025 N1),2463581.5,A.D. 2032-Dec-15 00:00:00.0000,12.5,-7.472771349340963,4.5,87.49643587287308,-5.406722271538912,-0.003055129189485654,0.04619970857845371,-0.001804971758763075,0.5081373516149944,87.98125509343953,0.04631553729866349
ATLAS (C/2025 N1),2463588.5,A.D. 2032-Dec-22 00:00:00.0000,12.5,-7.496812918206619,4.5,87.81984864699898,-5.419291605063563,-0.0038144416740242,0.04619707079637671,-0.001786396884325416,0.5100111920414062,88.30570050576071,0.04637635965824705
ATLAS (C/2025 N1),2463595.5,A.D. 2032-Dec-29 00:00:00.0000,12.5,-7.526179130076942,4.5,88.14309804563072,-5.431733720353275,-0.004576150991596862,0.04615294025287105,-0.001768633037319618,0.5118866638893498,88.63042838996378,0.0463961518442279
ATLAS (C/2025 N1),2463602.5,A.D. 2033-Jan-05 00:00:00.0000,12.5,-7.560880286089276,4.5,88.46589176918052,-5.444054492119144,-0.005338395495198149,0.04606679303696748,-0.001751736827884116,0.5137620973908733,88.95514963469003,0.04637437477097694
ATLAS (C/2025 N1),2463609.5,A.D. 2033-Jan-12 00:00:00.0000,12.5,-7.600913413242281,4.5,88.78793395675629,-5.456260195028753,-0.006099243031820917,0.04593813653180704,-0.00173576592744755,0.5156358014690833,89.27957143905194,0.04631051397927111
ATLAS (C/2025 N1),2463616.5,A.D. 2033-Jan-19 00:00:00.0000,12.5,-7.646261745858701,4.5,89.10892542747705,-5.468357511354722,-0.006856683827493627,0.04576651598835503,-0.001720779125905052,0.5175060648156072,89.60339749918992,0.04620408389125347
ATLAS (C/2025 N1),2463623.5,A.D. 2033-Jan-26 00:00:00.0000,12.5,-7.696894158254037,4.5,89.42856397218655,-5.480353538762032,-0.007608623675816737,0.04555152234398438,-0.001706836315578242,0.519371157164472,89.92632822883768,0.04605463326597046
ATLAS (C/2025 N1),2463630.5,A.D. 2033-Feb-02 00:00:00.0000,12.5,-7.75276455046248,4.5,89.74654470465867,-5.492255798003884,-0.008352877367462796,0.04529280143398669,-0.00169399847584269,0.5212293308130541,90.24806102266636,0.04586175200101617
ATLAS (C/2025 N1),2463637.5,A.D. 2033-Feb-09 00:00:00.0000,12.5,-7.813811189826717,4.5,90.0625604820286,-5.504072240244282,-0.009087162663846932,0.04499006455658731,-0.001682327587313355,0.5230788224448901,90.56829057189468,0.04562507926343919
ATLAS (C/2025 N1),2463644.5,A.D. 2033-Feb-16 00:00:00.0000,12.5,-7.879956012318845,4.5,90.3763024046676,-5.515811253712471,-0.009809094865924982,0.04464310062887903,-0.001671886518020877,0.5249178553125131,90.88670924223511,0.04534431319620973
ATLAS (C/2025 N1),2463651.5,A.D. 2033-Feb-23 00:00:00.0000,12.5,-7.951103888852034,4.5,90.68746040626345,-5.527481669320306,-0.01051618226057843,0.0442517898098071,-0.001662738848325966,0.526744641842456,91.20300752493633,0.04501922210551566
ATLAS (C/2025 N1),2463658.5,A.D. 2033-Mar-02 00:00:00.0000,12.5,-8.027141863292757,4.5,90.99572394530867,-5.53909276485713,-0.01120582264758512,0.04381611885904013,-0.001654948629765133,0.5285573867281341,91.51687457229917,0.04464965742347683
ATLAS (C/2025 N1),2463665.5,A.D. 2033-Mar-09 00:00:00.0000,12.5,-8.107938370651205,4.5,91.30078280954983,-5.550654267290196,-0.01187530117752533,0.04333619806204511,-0.001648580091981549,0.5303542905796819,91.82799882962632,0.04423556831281727
ATLAS (C/2025 N1),2463672.5,A.D. 2033-Mar-16 00:00:00.0000,12.5,-8.193342445826085,4.5,91.60232804509968,-5.562176352685462,-0.01252178988624814,0.04281227990693729,-0.001643697248104867,0.5321335542023027,92.13606877599568,0.04377701814842172
ATLAS (C/2025 N1),2463679.5,A.D. 2033-Mar-23 00:00:00.0000,12.5,-8.283182935649956,4.5,91.90005302169698,-5.573669643191576,-0.01314234915297092,0.04224477931206246,-0.001640363454113065,0.5338933835755492,92.44077378639578,0.04327420272506819
ATLAS (C/2025 N1),2463686.5,A.D. 2033-Mar-30 00:00:00.0000,12.5,-8.377267729540675,4.5,92.19365464521452,-5.585145200495898,-0.01373393163431575,0.04163429543376463,-0.001638640836760731,0.5356319956062063,92.7418051278069,0.0427274702971449
ATLAS (C/2025 N1),2463693.5,A.D. 2033-Apr-06 00:00:00.0000,12.5,-8.475383026914724,4.5,92.4828347277483,-5.59661451507806,-0.01429338889781886,0.04098163487765617,-0.001638589663885185,0.5373476247259696,93.03885710155356,0.04213734333970617
ATLAS (C/2025 N1),2463700.5,A.D. 2033-Apr-13 00:00:00.0000,12.5,-8.577292662337033,4.5,92.76730152461339,-5.608089490530189,-0.01481748135139051,0.04028783611076341,-0.001640267566104988,0.5390385304025589,93.33162834381339,0.04150454192613363
ATLAS (C/2025 N1),2463707.5,A.D. 2033-Apr-20 00:00:00.0000,12.5,-8.682737512285614,4.5,93.04677144566138,-5.619582422200741,-0.01530289171370633,0.03955419481075761,-0.001643728688933891,0.5407030056255872,93.61982329490002,0.04083000854433575
ATLAS (C/2025 N1),2463714.5,A.D. 2033-Apr-27 00:00:00.0000,12.5,-8.791435010517414,4.5,93.32097094571651,-5.631105969401054,-0.01574624263608428,0.03878228959103153,-0.001649022708162783,0.5423393864175827,93.90315384604523,0.04011493391073413
ATLAS (C/2025 N1),2463721.5,A.D. 2033-May-04 00:00:00.0000,12.5,-8.903078802155626,4.5,93.58963859522633,-5.642673120461009,-0.01614411881068114,0.03797400766818253,-0.001656193764514033,0.5439460624038024,94.18134116950577,0.03936078345928237
ATLAS (C/2025 N1),2463728.5,A.D. 2033-May-11 00:00:00.0000,12.5,-9.017338569993758,4.5,93.85252732776345,-5.654297149918277,-0.01649309412534799,0.03713156960079739,-0.001665279289778495,0.545521488453823,94.45411773424205,0.03856932377123826
ATLAS (C/2025 N1),2463735.5,A.D. 2033-May-18 00:00:00.0000,12.5,-9.133860069537313,4.5,94.10940685611196,-5.66599156715734,-0.01678976421579532,0.03625755259596111,-0.001676308728734257,0.5470641973847964,94.72122950541869,0.03774264856564416
ATLAS (C/2025 N1),2463742.5,A.D. 2033-May-25 00:00:00.0000,12.5,-9.25226541137234,4.5,94.36006624343132,-5.67777005577761,-0.01703078457038871,0.03535491136429084,-0.001689302178684139,0.5485728136908921,94.982438321584,0.03688320334374353
ATLAS (C/2025 N1),2463749.5,A.D. 2033-Jun-01 00:00:00.0000,12.5,-9.37215362989602,4.5,94.60431660959068,-5.689646403095044,-0.01721291424694927,0.03442699568234686,-0.001704268928911344,0.5500460682306392,95.23752443770418,0.03599380794503892
ATLAS (C/2025 N1),2463756.5,A.D. 2033-Jun-08 00:00:00.0000,12.5,-9.493101576983383,4.5,94.84199394473939,-5.701634419356449,-0.01733306494752088,0.03347756326882782,-0.001721205993227368,0.5514828137611072,95.48628921482339,0.03507767569448999
ATLAS (C/2025 N1),2463763.5,A.D. 2033-Jun-15 00:00:00.0000,12.5,-9.614665177601292,4.5,95.07296199324283,-5.71374784651206,-0.01738835529330159,0.0325107867702641,-0.001740096596932132,0.5528820411589644,95.72855792865312,0.03413842799902116
ATLAS (C/2025 N1),2463770.5,A.D. 2033-Jun-22 00:00:00.0000,12.5,-9.736381081298898,4.5,95.2971151616614,-5.726000256643797,-0.01737616952758293,0.03153125343969959,-0.001760908743162985,0.5542428961151753,95.96418266016917,0.03318010297320287
ATLAS (C/2025 N1),2463777.5,A.D. 2033-Jun-29 00:00:00.0000,12.5,-9.857768738203585,4.5,95.5143813950517,-5.738404940488154,-0.01729421991872787,0.03054395616164927,-0.001783593828829952,0.5555646960350454,96.19304522176394,0.03220715671388464
ATLAS (C/2025 N1),2463784.5,A.D. 2033-Jul-06 00:00:00.0000,12.5,-9.97833292061562,4.5,95.72472495642312,-5.750974786946121,-0.0171406114480892,0.02955427457070288,-0.001808085462098892,0.5568469468176307,96.4150600625109,0.03122445584758644
ATLAS (C/2025 N1),2463791.5,A.D. 2033-Jul-13 00:00:00.0000,12.5,-10.09756670168429,4.5,95.92814903570898,-5.763722154961475,-0.01691390742681437,0.02856794504491325,-0.001834298481226353,0.5580893591337832,96.63017708662109,0.03023725996607278
ATLAS (C/2025 N1),2463798.5,A.D. 2033-Jul-20 00:00:00.0000,12.5,-10.2149548908719,4.5,96.12469810790212,-5.776658739622233,-0.01661319406847377,0.02759101896887066,-0.001862128286169601,0.5592918637745332,96.83838431093284,0.02925119307462107
ATLAS (C/2025 N1),2463805.5,A.D. 2033-Jul-27 00:00:00.0000,12.5,-10.32997791179919,4.5,96.3144599563185,-5.789795434668543,-0.01623814189089149,0.02662980876749988,-0.001891450496366249,0.5604546256079417,97.03971028146594,0.02827220321180327
ATLAS (C/2025 N1),2463812.5,A.D. 2033-Aug-03 00:00:00.0000,12.5,-10.44211609120371,4.5,96.49756727612578,-5.803142193948619,-0.01578906135005011,0.02569082199365685,-0.001922120991453916,0.5615780556617036,97.23422616545977,0.02730651007814354
ATLAS (C/2025 N1),2463819.5,A.D. 2033-Aug-10 00:00:00.0000,12.5,-10.55085430932866,4.5,96.67419877523497,-5.81670789465768,-0.01526695000496863,0.02478068376075398,-0.001953976396485605,0.5626628208408817,97.42204743394637,0.0263605404577051
ATLAS (C/2025 N1),2463826.5,A.D. 2033-Aug-17 00:00:00.0000,12.5,-10.65568694324617,4.5,96.84457969507692,-5.830500205564482,-0.01467352863618919,0.023906048783497,-0.001986835021325038,0.5637098507999256,97.60333505160395,0.0254408521470621
ATLAS (C/2025 N1),2463833.5,A.D. 2033-Aug-24 00:00:00.0000,12.5,-10.75612301676227,4.5,97.0089816834616,-5.844525463681872,-0.01401126375125221,0.02307350457483391,-0.002020498342998494,0.5647203415212633,97.77829609637068,0.02455404736088664
ATLAS (C/2025 N1),2463840.5,A.D. 2033-Aug-31 00:00:00.0000,12.5,-10.85169145440778,4.5,97.16772196613995,-5.858788563004222,-0.01328337451128393,0.02228946831091167,-0.002054752966443806,0.5656957552130044,97.94718374173263,0.02370667757614973
ATLAS (C/2025 N1),2463847.5,A.D. 2033-Sep-07 00:00:00.0000,12.5,-10.94194632386566,4.5,97.3211617824612,-5.87329285888111,-0.01249382227255246,0.02156008026633063,-0.002089373127015269,0.566637816224878,98.11029654959019,0.02290514218820209
ATLAS (C/2025 N1),2463854.5,A.D. 2033-Sep-14 00:00:00.0000,12.5,-11.02647194189248,4.5,97.46970407308997,-5.88804009136956,-0.01164728193753796,0.02089109725917966,-0.002124123601378027,0.5675485027925891,98.26797704083793,0.02215558400186773
ATLAS (C/2025 N1),2463861.5,A.D. 2033-Sep-21 00:00:00.0000,12.5,-11.10488771446203,4.5,97.61379043267907,-5.903030330487597,-0.01074909470665967,0.020287789842586,-0.002158763036416659,0.5684300345496663,98.42060953310771,0.0214637849682864
ATLAS (C/2025 N1),2463868.5,A.D. 2033-Sep-28 00:00:00.0000,12.5,-11.17685258331649,4.5,97.75389736675449,-5.918261945684235,-0.009805203041114997,0.01975484692350289,-0.002193047527206349,0.5692848558886048,98.56861725984032,0.02083506570765447
ATLAS (C/2025 N1),2463875.5,A.D. 2033-Oct-05 00:00:00.0000,12.5,-11.24206895863342,4.5,97.89053191804399,-5.933731601126691,-0.00882206921655681,0.01929629157735422,-0.002226734388015509,0.5701156154003204,98.71245881033694,0.0202741925929937
ATLAS (C/2025 N1),2463882.5,A.D. 2033-Oct-12 00:00:00.0000,12.5,-11.30028603119779,4.5,98.02422675170514,-5.949434277535383,-0.007806579925430288,0.01891541112263343,-0.002259585952948204,0.570925141765399,98.85262395545857,0.01978529567482484
ATLAS (C/2025 N1),2463889.5,A.D. 2033-Oct-19 00:00:00.0000,12.5,-11.35130237651694,4.5,98.15553480963398,-5.965363320426869,-0.006765939955356534,0.01861470431283628,-0.002291373289669794,0.5717164166022873,98.98962894643599,0.01937180068285222
ATLAS (C/2025 N1),2463896.5,A.D. 2033-Oct-26 00:00:00.0000,12.5,-11.39496778688958,4.5,98.2850236600449,-5.98151051366769,-0.005707558537040606,0.01839584732362074,-0.002321879704314516,0.5724925448889104,99.12401139353146,0.01903637732629098
ATLAS (C/2025 N1),2463903.5,A.D. 2033-Nov-02 00:00:00.0000,12.5,-11.43118429372746,4.5,98.41326967853422,-5.997866176391328,-0.004638932331836871,0.01825967968586288,-0.002350903886967918,0.5732567236565863,99.25632484555815,0.0187809057144518
ATLAS (C/2025 N1),2463910.5,A.D. 2033-Nov-09 00:00:00.0000,12.5,-11.45990637071247,4.5,98.54085220015399,-6.014419280571375,-0.003567529068821938,0.01820621002180563,-0.002378262660187106,0.5740122097034218,99.387133199628,0.0186064615131873
ATLAS (C/2025 N1),2463917.5,A.D. 2033-Nov-16 00:00:00.0000,12.5,-11.48114033672234,4.5,98.66834777943599,-6.031157585974367,-0.002500675891478202,0.01823464092804418,-0.002403793179580277,0.5747622870912167,99.51700507341496,0.01851331998666062
ATLAS (C/2025 N1),2463924.5,A.D. 2033-Nov-23 00:00:00.0000,12.5,-11.49494300317662,4.5,98.79632468656031,-6.048067788697335,-0.001445455655600826,0.01834341123129722,-0.002427354610293225,0.5755102351710459,99.64650826895642,0.01850097790175841
ATLAS (C/2025 N1),2463931.5,A.D. 2033-Nov-30 00:00:00.0000,12.5,-11.50141963266467,4.5,98.9253377534376,-6.065135679240012,-0.0004086142958937332,0.01853025324377327,-0.002448829174832622,0.5762592978293803,99.77620444778374,0.01856819165187011
ATLAS (C/2025 N1),2463938.5,A.D. 2033-Dec-07 00:00:00.0000,12.5,-11.50072129407765,4.5,99.05592366489786,-6.082346306028887,0.0006035186467022134,0.01879226219655846,-0.002468122662824346,0.5770126545663808,99.90664412328435,0.01871302937906284
ATLAS (C/2025 N1),2463945.5,A.D. 2033-Dec-14 00:00:00.0000,12.5,-11.49304171274204,4.5,99.18859676919084,-6.099684140422889,0.001585094664065196,0.01912597462623774,-0.002485164356386672,0.5777733939191856,100.0383620590866,0.01893293437190863
ATLAS (C/2025 N1),2463952.5,A.D. 2033-Dec-21 00:00:00.0000,12.5,-11.47861372175885,4.5,99.3238454595228,-6.117133239526345,0.002530795510374591,0.0195274526192142,-0.002499906481174376,0.5785444896298564,100.1718731426673,0.01922479696856205
ATLAS (C/2025 N1),2463959.5,A.D. 2033-Dec-28 00:00:00.0000,12.5,-11.45770542331264,4.5,99.46212915601852,-6.134677403514714,0.003435866910475023,0.01999237060265003,-0.002512323207528205,0.5793287798393821,100.3076687829057,0.01958503185579144
ATLAS (C/2025 N1),2463966.5,A.D. 2034-Jan-04 00:00:00.0000,12.5,-11.43061616641496,4.5,99.6038758963136,-6.15230032470765,0.004296137430786866,0.02051610199833774,-0.002522409295988639,0.5801289494715456,100.4462138599437,0.02000965812093511
ATLAS (C/2025 N1),2463973.5,A.D. 2034-Jan-11 00:00:00.0000,12.5,-11.3976724413736,4.5,99.74948052404295,-6.169985726140829,0.005108023645886754,0.02109380301469752,-0.002530178473552474,0.5809475158604103,100.5879442366631,0.0204943792555309
ATLAS (C/2025 N1),2463980.5,A.D. 2034-Jan-18 00:00:00.0000,12.5,-11.35922378181478,4.5,99.89930344840194,-6.187717487990786,0.005868523074142733,0.02172049170289179,-0.002535661592464239,0.581786817576805,100.7332648240512,0.02103466105350694
ATLAS (C/2025 N1),2463987.5,A.D. 2034-Jan-25 00:00:00.0000,12.5,-11.31563875358274,4.5,100.0536699350334,-6.205479760732238,0.006575196740989737,0.02239112049391703,-0.002538904699117909,0.58264900632539,100.8825481782208,0.0216258053493038
ATLAS (C/2025 N1),2463994.5,A.D. 2034-Feb-01 00:00:00.0000,12.5,-11.26730109700462,4.5,100.2128698790224,-6.223257064438093,0.007226143103592817,0.02310064124818455,-0.002539967011513108,0.5835360417172639,101.0361335953158,0.02226301831843053
ATLAS (C/2025 N1),2464001.5,A.D. 2034-Feb-08 00:00:00.0000,12.5,-11.21460607567373,4.5,100.3771580047306,-6.241034374047456,0.00781996545709385,0.02384406210693312,-0.002538918945457833,0.584449688674423,101.1943266621071,0.02294147225880396
ATLAS (C/2025 N1),2464008.5,A.D. 2034-Feb-15 00:00:00.0000,12.5,-11.15795707133544,4.5,100.5467544340011,-6.258797190876112,0.008355734491564664,0.0246164958283247,-0.002535840166393768,0.5853915171891559,101.3573992143327,0.02365636018895301
ATLAS (C/2025 N1),2464015.5,A.D. 2034-Feb-22 00:00:00.0000,12.5,-11.09776245256862,4.5,100.721845562844,-6.276531600981153,0.008832947760647974,0.02541319966092693,-0.002530817781724425,0.5863629041391275,101.52558965097,0.02440294296051527
ATLAS (C/2025 N1),2464022.5,A.D. 2034-Mar-01 00:00:00.0000,12.5,-11.03443273411562,4.5,100.9025851885959,-6.294224321148127,0.009251487426340722,0.02622960709386024,-0.002523944622424731,0.5873650368561395,101.6991035521479,0.02517658890542676
ATLAS (C/2025 N1),2464029.5,A.D. 2034-Mar-08 00:00:00.0000,12.5,-10.96837803352839,4.5,101.0890958327492,-6.311862733489677,0.009611577745512774,0.02706135212306367,-0.002515317703805667,0.588398918152153,101.8781145493749,0.02597280634513368
ATLAS (C/2025 N1),2464036.5,A.D. 2034-Mar-15 00:00:00.0000,12.5,-10.90000582367351,4.5,101.281470208752,-6.329434909749597,0.009913743225221011,0.02790428651495503,-0.002505036832637026,0.5894653725187353,102.0627653989407,0.02678726920012168
ATLAS (C/2025 N1),2464043.5,A.D. 2034-Mar-22 00:00:00.0000,12.5,-10.8297189730148,4.5,101.4797727889929,-6.346929626491209,0.0101587683488148,0.02875449101506424,-0.00249320338724997,0.5905650532349885,102.2531692126153,0.0276158364257062
ATLAS (C/2025 N1),2464050.5,A.D. 2034-Mar-29 00:00:00.0000,12.5,-10.75791406053009,4.5,101.684041430603,-6.364336372325724,0.01034765949127738,0.02960828107747928,-0.002479919271168093,0.5916984501425108,102.4494108038423,0.02845456568057828
ATLAS (C/2025 N1),2464057.5,A.D. 2034-Apr-05 00:00:00.0000,12.5,-10.68497994829414,4.5,101.8942890252191,-6.381645348344113,0.01048160942534314,0.03046220810385458,-0.00246528600833121,0.592865897871584,102.6515481120591,0.02929972208552561
ATLAS (C/2025 N1),2464064.5,A.D. 2034-Apr-12 00:00:00.0000,12.5,-10.6112965923635,4.5,102.1105051432791,-6.398847462822007,0.01056196477718624,0.0313130567829977,-0.002449404015900426,0.5940675843295807,102.8596136724185,0.03014778256305417
ATLAS (C/2025 N1),2464071.5,A.D. 2034-Apr-19 00:00:00.0000,12.5,-10.53723407113001,4.5,102.3326576488521,-6.415934321200831,0.01059019644209343,0.03215783944072322,-0.002432371974824798,0.5953035592907205,103.0736161030596,0.03099543661188255
ATLAS (C/2025 N1),2464078.5,A.D. 2034-Apr-26 00:00:00.0000,12.5,-10.46315180959647,4.5,102.5606942661267,-6.432898212237433,0.01056787320984567,0.03299378800508214,-0.002414286365836521,0.5965737429537699,103.2935415868272,0.03183958406783375
ATLAS (C/2025 N1),2464085.5,A.D. 2034-May-03 00:00:00.0000,12.5,-10.38939797754517,4.5,102.7945440831942,-6.449732091170056,0.01049663845141219,0.03381834417818105,-0.002395241080013912,0.5978779343590505,103.5193553286314,0.03267733043417435
ATLAS (C/2025 N1),2464092.5,A.D. 2034-May-10 00:00:00.0000,12.5,-10.31630903977004,4.5,103.0341189818983,-6.466429560700048,0.01037818994857034,0.03462914822826525,-0.002375327179470181,0.5992158195738674,103.7510029727111,0.03350598018617698
ATLAS (C/2025 N1),2464099.5,A.D. 2034-May-17 00:00:00.0000,12.5,-10.24420943778603,4.5,103.2793149855093,-6.482984850493877,0.01021426247787657,0.03542402677345801,-0.002354632716663484,0.6005869795733888,103.9884119671659,0.03432302845890916
ATLAS (C/2025 N1),2464106.5,A.D. 2034-May-24 00:00:00.0000,12.5,-10.17341138372799,4.5,103.5300135187791,-6.49939279583424,0.01000661312223302,0.03620098002527004,-0.002333242661533575,0.6019908977612005,104.2314928660992,0.03512615160187427
ATLAS (C/2025 N1),2464113.5,A.D. 2034-May-31 00:00:00.0000,12.5,-10.10421474874444,4.5,103.7860825771965,-6.51564881587717,0.009757008937114875,0.03695816865512919,-0.002311238867441316,0.6034269670882152,104.48014056222,0.03591319681363276
ATLAS (C/2025 N1),2464120.5,A.D. 2034-Jun-07 00:00:00.0000,12.5,-10.03690702973323,4.5,104.0473778046677,-6.531748891908001,0.009467216855925435,0.03769390081149617,-0.002288700095673724,0.6048944967440901,104.734235445425,0.03668217141440751
ATLAS (C/2025 N1),2464127.5,A.D. 2034-Jun-14 00:00:00.0000,12.5,-9.971763379545052,4.5,104.3137434807077,-6.547689545919292,0.009138995638221964,0.03840661927471558,-0.002265702090327676,0.6063927184075978,104.9936444850176,0.03743123178665027
ATLAS (C/2025 N1),2464134.5,A.D. 2034-Jun-21 00:00:00.0000,12.5,-9.90904668701741,4.5,104.5850134193485,-6.563467819819,0.008774089632489079,0.03909488909238289,-0.002242317674048499,0.6079207920505153,105.2582222346197,0.03815867236949002
ATLAS (C/2025 N1),2464141.5,A.D. 2034-Jun-28 00:00:00.0000,12.5,-9.849007694659017,4.5,104.8610117828101,-6.579081255491158,0.008374224240318189,0.03975738561866386,-0.002218616901466831,0.6094778112962156,105.5278117599832,0.03886291466964226
ATLAS (C/2025 N1),2464148.5,A.D. 2034-Jul-05 00:00:00.0000,12.5,-9.791885143065233,4.5,105.1415538137135,-6.594527875911353,0.007941102773015183,0.04039288319725201,-0.002194667201034084,0.6110628083400673,105.8022454909307,0.03954249657684689
ATLAS (C/2025 N1),2464155.5,A.D. 2034-Jul-12 00:00:00.0000,12.5,-9.737905932419796,4.5,105.4264464900653,-6.609806167457776,0.00747640469433233,0.04100024444160953,-0.002170533576698685,0.612674758442996,106.0813459993915,0.04019606196666499
ATLAS (C/2025 N1),2464162.5,A.D. 2034-Jul-19 00:00:00.0000,12.5,-9.687285292525305,4.5,105.7154891076925,-6.62491506353443,0.006981784914232837,0.04157841021137416,-0.002146278780027031,0.6143125840136425,106.3649267062055,0.04082235073704511
ATLAS (C/2025 N1),2464169.5,A.D. 2034-Jul-26 00:00:00.0000,12.5,-9.640226953822053,4.5,106.0084737949764,-6.639853929592453,0.006458874189250808,0.04212639031758341,-0.002121963534932782,0.6159751582969488,106.6527925197823,0.0414201893316991
ATLAS (C/2025 N1),2464176.5,A.D. 2034-Aug-02 00:00:00.0000,12.5,-9.59692331273433,4.5,106.3051859649736,-6.654622549601757,0.005909280334487223,0.04264325490976408,-0.002097646731041987,0.6176613086896307,106.9447404101567,0.04198848174436962
ATLAS (C/2025 N1),2464183.5,A.D. 2034-Aug-09 00:00:00.0000,12.5,-9.557555585362854,4.5,106.6054047099524,-6.669221114016612,0.005334590310984343,0.0431281266487435,-0.002073385650454173,0.6193698197037145,107.2405599221101,0.04252620112221422
ATLAS (C/2025 N1),2464190.5,A.D. 2034-Aug-16 00:00:00.0000,12.5,-9.52229394437521,4.5,106.9089031433731,-6.683650209234643,0.004736372932187359,0.04358017351356476,-0.002049236175633292,0.6210994356003998,107.5400336312093,0.04303238185238629
ATLAS (C/2025 N1),2464197.5,A.D. 2034-Aug-23 00:00:00.0000,12.5,-9.49129763470181,4.5,107.2154486945248,-6.697910808582059,0.004116182192606497,0.04399860247627976,-0.002025253008579356,0.6228488627185086,107.8429375469645,0.04350611237839019
ATLAS (C/2025 N1),2464204.5,A.D. 2034-Aug-30 00:00:00.0000,12.5,-9.464715063952868,4.5,107.5248033611094,-6.71200426480516,0.003475561172865761,0.044382653801346,-0.002001489889988428,0.6246167715228537,108.1490414674944,0.04394652851871541
ATLAS (C/2025 N1),2464211.5,A.D. 2034-Sep-06 00:00:00.0000,12.5,-9.44268386373057,4.5,107.8367239247538,-6.725932304056498,0.002816046416390802,0.04473159615074226,-0.001977999799147515,0.6264017983966222,108.4581092898667,0.04435280748492217
ATLAS (C/2025 N1),2464218.5,A.D. 2034-Sep-13 00:00:00.0000,12.5,-9.425330918661086,4.5,108.1509621344299,-6.739697021332127,0.002139172784764238,0.04504472232357386,-0.001954835175525211,0.6282025472025099,108.7698992804007,0.044724162438113
ATLAS (C/2025 N1),2464225.5,A.D. 2034-Sep-20 00:00:00.0000,12.5,-9.412772360249242,4.5,108.4672648629152,-6.753300877339884,0.001446478634325947,0.04532134579842822,-0.001932048100587949,0.6300175906386198,109.0841643094338,0.04505983776657752
ATLAS (C/2025 N1),2464232.5,A.D. 2034-Sep-27 00:00:00.0000,12.5,-9.405113522956341,4.5,108.7853742413965,-6.766746696748727,0.0007395114359225959,0.0455607979666347,-0.001909690513566692,0.6318454714153191,109.4006520550876,0.04535910497138903
ATLAS (C/2025 N1),2464239.5,A.D. 2034-Oct-04 00:00:00.0000,12.5,-9.402448860107599,4.5,109.1050277774531,-6.780037667772604,1.983362348551654e-05,0.04576242613152045,-0.001887814376032415,0.6336847032802245,109.7191051807395,0.04562125925057766
ATLAS (C/2025 N1),2464246.5,A.D. 2034-Oct-11 00:00:00.0000,12.5,-9.404861817479672,4.5,109.4259584616716,-6.793177343031448,-0.0007109711702616235,0.04592559228577854,-0.001866471870438629,0.635533771918812,110.0392614909572,0.04584561678687779
ATLAS (C/2025 N1),2464253.5,A.D. 2034-Oct-18 00:00:00.0000,12.5,-9.412424662650423,4.5,109.7478948683837,-6.806169641617187,-0.001451291708649305,0.04604967263986285,-0.00184571554956556,0.6373911357596272,110.3608540709175,0.04603151272597455
ATLAS (C/2025 N1),2464260.5,A.D. 2034-Oct-25 00:00:00.0000,12.5,-9.425198268399022,4.5,110.0705612561416,-6.819018852299045,-0.002199482445522539,0.04613405804145516,-0.001825598506313014,0.6392552267139016,110.6836114144667,0.04617829997681595
ATLAS (C/2025 N1),2464267.5,A.D. 2034-Nov-01 00:00:00.0000,12.5,-9.443231848731093,4.5,110.3936776738833,-6.831729637766272,-0.002953856684288331,0.04617815517748716,-0.001806174507313257,0.6411244508813877,111.0072575463319,0.04628534873518377
ATLAS (C/2025 N1),2464274.5,A.D. 2034-Nov-08 00:00:00.0000,12.5,-9.466562646235564,4.5,110.7169600790186,-6.844307039819522,-0.003712679536175404,0.04618138879231277,-0.001787498121404442,0.6429971892558237,111.3315121442686,0.04635204695697996
ATLAS (C/2025 N1),2464281.5,A.D. 2034-Nov-15 00:00:00.0000,12.5,-9.495215569771098,4.5,111.0401204740033,-6.856756485373886,-0.00447416076349617,0.04614320475770741,-0.001769624831745564,0.644871798465401,111.6560906672686,0.04637780162184562
ATLAS (C/2025 N1),2464288.5,A.D. 2034-Nov-22 00:00:00.0000,12.5,-9.529202781894018,4.5,111.3628670682865,-6.86908379316848,-0.005236447611385982,0.04606307426120108,-0.001752611116781297,0.6467466115855383,111.9807044962876,0.04636204105719423
ATLAS (C/2025 N1),2464295.5,A.D. 2034-Nov-29 00:00:00.0000,12.5,-9.568523236114006,4.5,111.6849044730451,-6.881295181024353,-0.005997617631519068,0.04594049901191905,-0.001736514531933716,0.6486199390644946,112.3050610945101,0.04630421822185623
ATLAS (C/2025 N1),2464302.5,A.D. 2034-Dec-06 00:00:00.0000,12.5,-9.613162164358819,4.5,112.0059339367893,-6.893397273477376,-0.006755671656403136,0.04577501770737891,-0.001721393728924728,0.6504900698062503,112.6288641948442,0.04620381519860854
ATLAS (C/2025 N1),2464309.5,A.D. 2034-Dec-13 00:00:00.0000,12.5,-9.663090515552254,4.5,112.3256536303203,-6.905397109565346,-0.007508526868882736,0.04556621369691667,-0.001707308483727541,0.6523552724574891,112.951814022756,0.04606034882943989
ATLAS (C/2025 N1),2464316.5,A.D. 2034-Dec-20 00:00:00.0000,12.5,-9.718264347008121,4.5,112.643758990073,-6.91730215054467,-0.008254010279061613,0.04531372399398637,-0.001694319646455859,0.6542137969490597,113.273607563165,0.04587337766542554
ATLAS (C/2025 N1),2464323.5,A.D. 2034-Dec-27 00:00:00.0000,12.5,-9.77862417133915,4.5,112.959943129392,-6.929120287273732,-0.008989852563795926,0.04501724970839158,-0.001682489094059706,0.6560638763456949,113.5939388807136,0.04564251030363478
ATLAS (C/2025 N1),2464330.5,A.D. 2035-Jan-03 00:00:00.0000,12.5,-9.844094262663422,4.5,113.2738973279545,-6.940859846954038,-0.009713682621574326,0.04467656793415609,-0.00167187959670347,0.6579037290621794,113.912499503484,0.04536741517384574
ATLAS (C/2025 N1),2464337.5,A.D. 2035-Jan-10 00:00:00.0000,12.5,-9.914581927128772,4.5,113.5853116099928,-6.952529598891305,-0.01042302286918455,0.04429154526083666,-0.001662554664637547,0.6597315615074434,114.2289788808093,0.04504783195330888
ATLAS (C/2025 N1),2464344.5,A.D. 2035-Jan-17 00:00:00.0000,12.5,-9.989976744307205,4.5,113.89387542248,-6.964138758870233,-0.01111528564844942,0.04386215281795741,-0.001654578311378624,0.6615455712219686,114.5430649264983,0.04468358455552716
ATLAS (C/2025 N1),2464351.5,A.D. 2035-Jan-24 00:00:00.0000,12.5,-10.0701497876892,4.5,114.1992784247132,-6.975696991716293,-0.01178777091329227,0.04338848307047256,-0.001648014762925075,0.6633439505766946,114.8544446592812,0.04427459593801437
ATLAS (C/2025 N1),2464358.5,A.D. 2035-Jan-31 00:00:00.0000,12.5,-10.15495283457036,4.5,114.5012114009395,-6.987214411528659,-0.01243766554482736,0.04287076817730106,-0.001642928090395586,0.6651248911043738,115.1628049527609,0.04382090458694607
ATLAS (C/2025 N1),2464365.5,A.D. 2035-Feb-07 00:00:00.0000,12.5,-10.24421757772907,4.5,114.799367307681,-6.998701579041166,-0.01306204462221065,0.0423094001077878,-0.001639381747238332,0.6668865885361799,115.4678334074741,0.04332268292098008
ATLAS (C/2025 N1),2464372.5,A.D. 2035-Feb-14 00:00:00.0000,12.5,-10.33775485371447,4.5,115.0934424671077,-7.010169495481754,-0.01365787494217476,0.04170495224346839,-0.001637438038175615,0.6686272486167728,115.7692193577391,0.04278025739712199
ATLAS (C/2025 N1),2464379.5,A.D. 2035-Feb-21 00:00:00.0000,12.5,-10.43535390509432,4.5,115.3831379170276,-7.02162959229302,-0.01422202128510545,0.04105820247411489,-0.001637157461493796,0.670345093769029,116.0666550256177,0.04219413040075854
ATLAS (C/2025 N1),2464386.5,A.D. 2035-Feb-28 00:00:00.0000,12.5,-10.53678169697442,4.5,115.6681609265016,-7.033093716037704,-0.01475125572562042,0.04037015738698017,-0.001638597994856924,0.6720383706736213,116.3598368332791,0.04156500359134244
ATLAS (C/2025 N1),2464393.5,A.D. 2035-Mar-07 00:00:00.0000,12.5,-10.64178231144381,4.5,115.9482266839665,-7.044574107817295,-0.0152422706830575,0.0396420772869879,-0.00164181423873156,0.6737053588199273,116.6484668835436,0.04089380254671114
ATLAS (C/2025 N1),2464400.5,A.D. 2035-Mar-14 00:00:00.0000,12.5,-10.75007644734489,4.5,116.2230601622638,-7.056083376469467,-0.01569169604226163,0.03887550168643313,-0.001646856492471213,0.6753443800744133,116.9322546165969,0.04018170243538933
ATLAS (C/2025 N1),2464407.5,A.D. 2035-Mar-21 00:00:00.0000,12.5,-10.86136105599617,4.5,116.4923981625962,-7.067634464728244,-0.01609612092472796,0.03807227483754749,-0.001653769670216133,0.6769538093030049,117.2109186491965,0.03943015440093935
ATLAS (C/2025 N1),2464414.5,A.D. 2035-Mar-28 00:00:00.0000,12.5,-10.97530914581752,4.5,116.7559915359169,-7.079240607527178,-0.0164521202340195,0.03723457078975142,-0.001662592136733771,0.6785320860675836,117.4841887998578,0.03864091222646171
