targetname,datetime_jd,datetime_str,M1,x,k1,y,z,vx,vy,vz,lighttime,range,range_rate
ATLAS (C/2025 N1),2461131.5,A.D. 2026-Apr-01 00:00:00.0000,12.5,-2.013296592765967,4.5,5.244309586099839,-0.2480030413659744,-0.003216205614446877,0.03481968986734967,-0.002156994184475918,0.03247549446070101,5.622957559312402,0.03372163995182486
ATLAS (C/2025 N1),2461138.5,A.D. 2026-Apr-08 00:00:00.0000,12.5,-2.035735939321856,4.5,5.487829060705002,-0.2630876006873638,-0.003195278773147332,0.03475828002002983,-0.002153065856926442,0.03383966025654132,5.859155544939938,0.03376232060095249
ATLAS (C/2025 N1),2461145.5,A.D. 2026-Apr-15 00:00:00.0000,12.5,-2.058034381622555,4.5,5.730937854759811,-0.278147710864264,-0.003175995494840627,0.03470217569381933,-0.00214990884314121,0.03520533528887865,6.095614846766366,0.03379647790297437
ATLAS (C/2025 N1),2461152.5,A.D. 2026-Apr-22 00:00:00.0000,12.5,-2.080203897095626,4.5,5.973669819800535,-0.2931872419023665,-0.003158430228944759,0.03465049411791651,-0.002147151420406385,0.0365722758933054,6.332293275607338,0.03382507693576175
ATLAS (C/2025 N1),2461159.5,A.D. 2026-Apr-29 00:00:00.0000,12.5,-2.102256128117696,4.5,6.216053644879934,-0.3082084311395556,-0.003142459714310825,0.03460261993041559,-0.002144653487681962,0.03794027458263483,6.569154906170126,0.03384895019153102
ATLAS (C/2025 N1),2461166.5,A.D. 2026-May-06 00:00:00.0000,12.5,-2.124201675613228,4.5,6.458114299049927,-0.323212842823226,-0.00312792191458205,0.03455809169704169,-0.002142350184036862,0.03930915516008964,6.806169230928441,0.03386881377478566
ATLAS (C/2025 N1),2461173.5,A.D. 2026-May-13 00:00:00.0000,12.5,-2.146050006253414,4.5,6.69987387229475,-0.338201703430554,-0.003114658024482941,0.03451654138011111,-0.002140205734532529,0.04067876813873655,7.043310367022134,0.03388527473815163
ATLAS (C/2025 N1),2461180.5,A.D. 2026-May-20 00:00:00.0000,12.5,-2.167809520902425,4.5,6.941352112828796,-0.3531760402877423,-0.003102523126505448,0.03447766457205147,-0.00213819742021145,0.04204898659231784,7.280556337850929,0.03389884476412763
ATLAS (C/2025 N1),2461187.5,A.D. 2026-May-27 00:00:00.0000,12.5,-2.189487665632622,4.5,7.182566813257679,-0.3681367466665012,-0.003091389850571401,0.03444120474915866,-0.002136308941211727,0.04341970262676382,7.517888462135771,0.03390995613926361
ATLAS (C/2025 N1),2461194.5,A.D. 2026-Jun-03 00:00:00.0000,12.5,-2.211091060561622,4.5,7.423534100237839,-0.38308461524157,-0.00308114922106889,0.03440694046753281,-0.002134527593585275,0.04479082442133073,7.755290841607703,0.0339189731757274
ATLAS (C/2025 N1),2461201.5,A.D. 2026-Jun-10 00:00:00.0000,12.5,-2.232625616124127,4.5,7.664268646125685,-0.3980203590467906,-0.003071706709876954,0.03437467680335133,-0.002132843190158039,0.04616227366143258,7.992749916516506,0.03392620144192376
ATLAS (C/2025 N1),2461208.5,A.D. 2026-Jun-17 00:00:00.0000,12.5,-2.254096622218363,4.5,7.90478384061923,-0.4129446263230472,-0.003062979277308458,0.03434424171286182,-0.002131247291412378,0.04753398337888387,8.230254091680292,0.03393189835435514
ATLAS (C/2025 N1),2461215.5,A.D. 2026-Jun-24 00:00:00.0000,12.5,-2.275508823948944,4.5,8.145091940224582,-0.4278580106931456,-0.003054894121979539,0.03431548294652503,-0.002129732665152069,0.04890589619090724,8.467793431579164,0.03393628193777025
ATLAS (C/2025 N1),2461222.5,A.D. 2026-Jul-01 00:00:00.0000,12.5,-2.296866489222635,4.5,8.385204196214204,-0.4427610584470512,-0.00304738749762244,0.03428826509065495,-0.002128292982025334,0.05027796284727746,8.705359408800957,0.03393953746432761
ATLAS (C/2025 N1),2461229.5,A.D. 2026-Jul-08 00:00:00.0000,12.5,-2.31817346786541,4.5,8.625130963578496,-0.457654274172517,-0.003040403504901753,0.0342624671111048,-0.002126922631885896,0.05165014101745711,8.942944694040326,0.03394182278023559
ATLAS (C/2025 N1),2461236.5,A.D. 2026-Jul-15 00:00:00.0000,12.5,-2.339433242648203,4.5,8.86488179446046,-0.472538125328878,-0.003033893001445144,0.03423798035524749,-0.002125616599407774,0.05302239427316596,9.180542979936062,0.03394327268404872
ATLAS (C/2025 N1),2461243.5,A.D. 2026-Jul-22 00:00:00.0000,12.5,-2.360648973213495,4.5,9.104465518824036,-0.4874130460832556,-0.003027812661665066,0.03421470688087688,-0.002124370375598829,0.0543946912317041,9.418148832742128,0.03394400252083915
ATLAS (C/2025 N1),2461250.5,A.D. 2026-Jul-29 00:00:00.0000,12.5,-2.381823533822454,4.5,9.343890314208611,-0.5022794406335296,-0.003022124134523195,0.03419255799074603,-0.002123179900037489,0.05576700483033671,9.655757566691237,0.03394411108214646
ATLAS (C/2025 N1),2461257.5,A.D. 2026-Aug-05 00:00:00.0000,12.5,-2.402959545048003,4.5,9.583163765749312,-0.5171376862562826,-0.003016793106208723,0.03417145292932808,-0.002122041541771353,0.05713931170508783,9.893365136436355,0.03394368289729968
ATLAS (C/2025 N1),2461264.5,A.D. 2026-Aug-12 00:00:00.0000,12.5,-2.424059397698614,4.5,9.822292918704855,-0.5319881363217432,-0.003011788018712002,0.03415131820452154,-0.002120952094579848,0.05851159165704375,10.13096804464399,0.03394279044727264
ATLAS (C/2025 N1),2461271.5,A.D. 2026-Aug-19 00:00:00.0000,12.5,-2.445125269358588,4.5,10.0612843314108,-0.5468311228054966,-0.003007079693811587,0.03413208837701103,-0.002119908596345283,0.05988382722909191,10.36856326870879,0.0339414975257294
ATLAS (C/2025 N1),2461278.5,A.D. 2026-Aug-26 00:00:00.0000,12.5,-2.46615914807598,4.5,10.30014413156769,-0.5616669568974441,-0.003002643515608138,0.03411370532615025,-0.002118908060274705,0.06125600341080276,10.60614820965546,0.03393986129762538
ATLAS (C/2025 N1),2461285.5,A.D. 2026-Sep-02 00:00:00.0000,12.5,-2.487162865653318,4.5,10.53887805465111,-0.5764959293562752,-0.002998458976239096,0.03409611467529123,-0.002117947698203222,0.06262810733977676,10.84372064042854,0.03393793061900948
ATLAS (C/2025 N1),2461292.5,A.D. 2026-Sep-09 00:00:00.0000,12.5,-2.508138116462864,4.5,10.77749146654859,-0.5913183127613685,-0.002994507068606211,0.03407926539486281,-0.002117025096714268,0.06400012796602612,11.08127864778197,0.0339357466732145
ATLAS (C/2025 N1),2461299.5,A.D. 2026-Sep-16 00:00:00.0000,12.5,-2.529086465618517,4.5,11.01598939041515,-0.606134363773431,-0.002990769926487384,0.03406311063620814,-0.002116138099174864,0.06537205578703752,11.31882058640656,0.03393334510466006
ATLAS (C/2025 N1),2461306.5,A.D. 2026-Sep-23 00:00:00.0000,12.5,-2.550009358096415,4.5,11.25437653581772,-0.620944324579546,-0.002987231117670757,0.03404760758012829,-0.002115284719046267,0.06674388264967836,11.55634504463116,0.03393075714528902
ATLAS (C/2025 N1),2461313.5,A.D. 2026-Sep-30 00:00:00.0000,12.5,-2.570908129015173,4.5,11.4926573253561,-0.6357484239653307,-0.002983875675548544,0.03403271698019942,-0.002114463111166554,0.06811560158467199,11.79385081576293,0.03392801021275853
ATLAS (C/2025 N1),2461320.5,A.D. 2026-Oct-07 00:00:00.0000,12.5,-2.591784013579586,4.5,11.7308359181845,-0.6505468782569293,-0.002980690000241084,0.03401840274964264,-0.002113671559146874,0.06948720666209292,12.03133687306711,0.0339251283782936
ATLAS (C/2025 N1),2461327.5,A.D. 2026-Oct-14 00:00:00.0000,12.5,-2.612638156234471,4.5,11.96891623085819,-0.6653398921896975,-0.002977661741035155,0.03400463160409722,-0.002112908466509978,0.07085869286437115,12.26880234777836,0.03392213276451533
ATLAS (C/2025 N1),2461334.5,A.D. 2026-Oct-21 00:00:00.0000,12.5,-2.633471619000317,4.5,12.2069019557396,-0.6801276597298151,-0.002974779676703105,0.03399137271215234,-0.002112172353043518,0.07223005597361087,12.50624650959067,0.03391904184870637
ATLAS (C/2025 N1),2461341.5,A.D. 2026-Oct-28 00:00:00.0000,12.5,-2.654285388777788,4.5,12.44479657682838,-0.6949103649161275,-0.002972033515096002,0.03397859730428293,-0.002111461866811183,0.07360129246842,12.74366874879391,0.03391587162285001
ATLAS (C/2025 N1),2461348.5,A.D. 2026-Nov-04 00:00:00.0000,12.5,-2.675080382268288,4.5,12.68260338294274,-0.709688182883758,-0.00296941335765877,0.03396627837228216,-0.002110775823666821,0.0749723994250556,12.98106855915768,0.03391263570196699
ATLAS (C/2025 N1),2461355.5,A.D. 2026-Nov-11 00:00:00.0000,12.5,-2.695857445814234,4.5,12.92032548143149,-0.7244612810839857,-0.002966908943163771,0.03395439132886634,-0.002110113192123328,0.07634337443502202,13.21844552366388,0.03390934626634427
ATLAS (C/2025 N1),2461362.5,A.D. 2026-Nov-18 00:00:00.0000,12.5,-2.716617355376449,4.5,13.15796582069807,-0.7392298195682939,-0.002964510907977794,0.03394291541109705,-0.002109472835552783,0.07771421558962982,13.45579931183318,0.03390601608031342
ATLAS (C/2025 N1),2461369.5,A.D. 2026-Nov-25 00:00:00.0000,12.5,-2.737360831962693,4.5,13.39552721233796,-0.7539939497037053,-0.002962212944768229,0.03393183166734955,-0.002108853453821712,0.07908492149502686,13.69312968232756,0.03390265729386389
ATLAS (C/2025 N1),2461376.5,A.D. 2026-Dec-02 00:00:00.0000,12.5,-2.758088558123172,4.5,13.63301233391264,-0.7687538142066168,-0.002960009900335963,0.03392112075556043,-0.002108253915066729,0.08045549119185103,13.93043646903862,0.03389927920541723
ATLAS (C/2025 N1),2461383.5,A.D. 2026-Dec-09 00:00:00.0000,12.5,-2.778801179265256,4.5,13.87042372923826,-0.7835095486207666,-0.002957896301256774,0.03391076403178606,-0.002107673281301679,0.08182592405473328,14.16771956368708,0.03389588930072365
ATLAS (C/2025 N1),2461390.5,A.D. 2026-Dec-16 00:00:00.0000,12.5,-2.799499302369624,4.5,14.10776381647443,-0.7982612822576883,-0.002955866729012989,0.0339007442590074,-0.002107110697162694,0.08319621974315199,14.40497890731343,0.03389249426069294
ATLAS (C/2025 N1),2461397.5,A.D. 2026-Dec-23 00:00:00.0000,12.5,-2.82018349779162,4.5,14.34503489783885,-0.813009138594336,-0.002953916167704696,0.03389104551171522,-0.002106565348432608,0.08456637817412992,14.64221448555062,0.03388910014867071
ATLAS (C/2025 N1),2461404.5,A.D. 2026-Dec-30 00:00:00.0000,12.5,-2.840854302474832,4.5,14.58223916803048,-0.8277532355300738,-0.002952040089934405,0.03388165296309879,-0.002106036455582244,0.08593639949729787,14.87942632430641,0.03388571240635104
ATLAS (C/2025 N1),2461411.5,A.D. 2027-Jan-06 00:00:00.0000,12.5,-2.861512223369964,4.5,14.81937872128119,-0.8424936856297219,-0.002950234449811306,0.0338725527080183,-0.002105523274214954,0.08730628406957494,15.11661448537943,0.03388233584546828
ATLAS (C/2025 N1),2461418.5,A.D. 2027-Jan-13 00:00:00.0000,12.5,-2.882157740706578,4.5,15.05645555724048,-0.8572305963771861,-0.002948495651962881,0.03386373159952599,-0.002105025097848046,0.08867603242943865,15.35377906200418,0.03387897463007035
ATLAS (C/2025 N1),2461425.5,A.D. 2027-Jan-20 00:00:00.0000,12.5,-2.902791310947173,4.5,15.293471585622,-0.8719640704697023,-0.002946820481788945,0.03385517704979775,-0.002104541268349467,0.0900456452695168,15.59092017410544,0.03387563220128328
ATLAS (C/2025 N1),2461432.5,A.D. 2027-Jan-27 00:00:00.0000,12.5,-2.923413368755989,4.5,15.53042862924822,-0.8866942062517545,-0.002945205852585533,0.03384687678298047,-0.002104071208248393,0.09141512340416728,15.8280379626849,0.03387231110881003
ATLAS (C/2025 N1),2461439.5,A.D. 2027-Feb-03 00:00:00.0000,12.5,-2.944024325712349,4.5,15.76732842608487,-0.9014210984564935,-0.002943648106465307,0.03383881893357352,-0.00210361446683605,0.09278446773256005,16.06513258342902,0.03386901309068006
ATLAS (C/2025 N1),2461446.5,A.D. 2027-Feb-10 00:00:00.0000,12.5,-2.964624564467459,4.5,16.00417263630948,-0.9161448388875174,-0.002942142804613995,0.03383099347167803,-0.002103170613996399,0.09415367922975297,16.30220420516383,0.03386574053205393
ATLAS (C/2025 N1),2461453.5,A.D. 2027-Feb-17 00:00:00.0000,12.5,-2.985214440542276,4.5,16.24096285897978,-0.9308655155562804,-0.002940687120246949,0.03382339265960003,-0.002102738975476659,0.09552275900375792,16.53925301973565,0.03386249742584627
ATLAS (C/2025 N1),2461460.5,A.D. 2027-Feb-24 00:00:00.0000,12.5,-3.005794298330339,4.5,16.47770063819296,-0.9455832113231842,-0.002939280342956021,0.03381600808598138,-0.002102318821977467,0.09689170831092696,16.77627924467509,0.03385928662809863
ATLAS (C/2025 N1),2461467.5,A.D. 2027-Mar-03 00:00:00.0000,12.5,-3.026364477118568,4.5,16.71438745459855,-0.9602980046048071,-0.002937921444154566,0.03380883027800866,-0.002101909617922305,0.09826052848099581,17.01328311021875,0.03385610911362177
ATLAS (C/2025 N1),2461474.5,A.D. 2027-Mar-10 00:00:00.0000,12.5,-3.046925306224021,4.5,16.95102472308983,-0.9750099705336019,-0.002936608686997766,0.03380185006645484,-0.002101510940200649,0.09962922086867611,17.25026485092768,0.03385296531108153
ATLAS (C/2025 N1),2461481.5,A.D. 2027-Mar-17 00:00:00.0000,12.5,-3.067477101877931,4.5,17.18761379667498,-0.9897191814162971,-0.002935340135208053,0.03379505893588322,-0.002101122398055468,0.1009977868445825,17.48722470411646,0.03384985559642989
ATLAS (C/2025 N1),2461488.5,A.D. 2027-Mar-24 00:00:00.0000,12.5,-3.088020166827527,4.5,17.42415597077402,-1.004425706876468,-0.002934113891383777,0.03378844892647719,-0.002100743614987068,0.1023662277936381,17.72416290957707,0.03384678029223761
ATLAS (C/2025 N1),2461495.5,A.D. 2027-Mar-31 00:00:00.0000,12.5,-3.108554790870456,4.5,17.6606524866966,-1.019129613950465,-0.002932928156923819,0.03378201252230191,-0.002100374228616688,0.1037345451118408,17.96107970901909,0.03384373961675662
ATLAS (C/2025 N1),2461502.5,A.D. 2027-Apr-07 00:00:00.0000,12.5,-3.129081251599834,4.5,17.89710453444186,-1.033830967194496,-0.00293178124420429,0.03377574256508128,-0.002100013893264649,0.1051027402012532,18.1979753452021,0.0338407336449903
ATLAS (C/2025 N1),2461509.5,A.D. 2027-Apr-14 00:00:00.0000,12.5,-3.149599815177959,4.5,18.13351325487242,-1.048529828818111,-0.002930671571341739,0.03376963215325355,-0.0020996622856925,0.1064708144631524,18.43485006074972,0.03383776224834988
ATLAS (C/2025 N1),2461516.5,A.D. 2027-Apr-21 00:00:00.0000,12.5,-3.170110736878458,4.5,18.36987974098162,-1.063226258893206,-0.002929597580468897,0.03376367447780598,-0.002099319123341349,0.1078387692873499,18.67170409630035,0.03383482495625208
ATLAS (C/2025 N1),2461523.5,A.D. 2027-Apr-28 00:00:00.0000,12.5,-3.190614260177068,4.5,18.60620503791647,-1.077920315780102,-0.002928557350582705,0.03375786267914314,-0.002098984209134164,0.1092066060344871,18.90853768744175,0.03383192078575585
ATLAS (C/2025 N1),2461530.5,A.D. 2027-May-05 00:00:00.0000,12.5,-3.211110611584882,4.5,18.8424901440272,-1.092612056844232,-0.00292754786798173,0.03375219048857635,-0.002098657443794096,0.1105743260214535,19.14535106218626,0.03382904878409911
ATLAS (C/2025 N1),2461537.5,A.D. 2027-May-12 00:00:00.0000,12.5,-3.231599994385642,4.5,19.07873602107676,-1.107301538510281,-0.002926565947219644,0.03374665390535937,-0.002098338602355262,0.1119419305589586,19.3821444474762,0.03382620985479596
ATLAS (C/2025 N1),2461544.5,A.D. 2027-May-19 00:00:00.0000,12.5,-3.252082597090434,4.5,19.31494360817535,-1.121988814648921,-0.002925610728068562,0.03374124987773119,-0.002098027211144681,0.1133094210251489,19.61891808193025,0.03382340589246143
ATLAS (C/2025 N1),2461551.5,A.D. 2027-May-26 00:00:00.0000,12.5,-3.272558607121727,4.5,19.55111381799037,-1.136673935920341,-0.002924682275396074,0.03373597381931748,-0.002097722877487506,0.1146767988444678,19.85567221218312,0.03382063713578258
ATLAS (C/2025 N1),2461558.5,A.D. 2027-Jun-02 00:00:00.0000,12.5,-3.293028209659092,4.5,19.78724752819858,-1.151356950856045,-0.002923779826915272,0.03373082058710841,-0.002097425368898397,0.1160440654264085,20.09240708228101,0.03381790286400464
ATLAS (C/2025 N1),2461565.5,A.D. 2027-Jun-09 00:00:00.0000,12.5,-3.313491582408827,4.5,20.02334558175622,-1.166037906582936,-0.002922902110364728,0.03372578546272872,-0.002097134502254089,0.1174112221513063,20.32912293122157,0.03381520243277949
ATLAS (C/2025 N1),2461572.5,A.D. 2027-Jun-16 00:00:00.0000,12.5,-3.333948893777879,4.5,20.25940879036261,-1.18071684896338,-0.002922047786006419,0.03372086421575506,-0.002096850096493282,0.1187782703782284,20.56581999431996,0.03381253542653544
ATLAS (C/2025 N1),2461579.5,A.D. 2027-Jun-23 00:00:00.0000,12.5,-3.354400303075765,4.5,20.49543793745417,-1.195393822576766,-0.002921215607744052,0.03371605298218646,-0.002096571966187556,0.1201452114527969,20.80249850456346,0.03380990158153183
ATLAS (C/2025 N1),2461586.5,A.D. 2027-Jun-30 00:00:00.0000,12.5,-3.374845961376099,4.5,20.73143378040114,-1.210068870694348,-0.002920404473566793,0.03371134816362198,-0.002096299923485526,0.1215120467117339,21.03915869339831,0.03380730070968153
ATLAS (C/2025 N1),2461593.5,A.D. 2027-Jul-07 00:00:00.0000,12.5,-3.395286012610709,4.5,20.96739705204835,-1.224742035274293,-0.002919613447125874,0.0337067463339249,-0.002096033781978481,0.1228787774844666,21.27580079100769,0.03380473262371687
ATLAS (C/2025 N1),2461600.5,A.D. 2027-Jul-14 00:00:00.0000,12.5,-3.415720594724859,4.5,21.2033284614924,-1.239413357000579,-0.002918841745955722,0.03370224410563359,-0.002095773366776052,0.1242454050909781,21.51242502593961,0.03380219701650379
ATLAS (C/2025 N1),2461607.5,A.D. 2027-Jul-21 00:00:00.0000,12.5,-3.436149840333194,4.5,21.43922869367169,-1.254082875450761,-0.002918088574512447,0.03369783792938626,-0.002095518544151831,0.1256119308329618,21.74903162357525,0.03379969324999093
ATLAS (C/2025 N1),2461614.5,A.D. 2027-Jul-28 00:00:00.0000,12.5,-3.456573874834306,4.5,21.67509840796164,-1.268750629563232,-0.002917352525748179,0.0336935241252912,-0.00209526927167745,0.126978355977551,21.985620803312,0.03379722030621524
ATLAS (C/2025 N1),2461621.5,A.D. 2027-Aug-04 00:00:00.0000,12.5,-3.476992809914659,4.5,21.91093824081122,-1.283416658181464,-0.002916631182647659,0.0336893001561975,-0.002095025528439086,0.1283446817604,22.22219277909674,0.03379477798963066
ATLAS (C/2025 N1),2461628.5,A.D. 2027-Aug-11 00:00:00.0000,12.5,-3.497406742484138,4.5,22.1467488187564,-1.298080999235964,-0.00291592326669717,0.03368516554861102,-0.00209478704042727,0.1297109094528699,22.45874777105881,0.03379236816798147
ATLAS (C/2025 N1),2461635.5,A.D. 2027-Aug-18 00:00:00.0000,12.5,-3.517815769355096,4.5,22.38253076440337,-1.312743688040906,-0.002915229776013251,0.03368111912575379,-0.002094553400019619,0.1310770404034046,22.69528601267404,0.03378999223080761
ATLAS (C/2025 N1),2461642.5,A.D. 2027-Aug-25 00:00:00.0000,12.5,-3.538219995122742,4.5,22.61828468576025,-1.327404757559541,-0.002914551587352166,0.03367715809259817,-0.002094324358527334,0.1324430759786393,22.93180774056801,0.03378764983257777
ATLAS (C/2025 N1),2461649.5,A.D. 2027-Sep-01 00:00:00.0000,12.5,-3.558619527464146,4.5,22.85401116990129,-1.342064239455015,-0.002913888770263599,0.03367327944233667,-0.002094099772182167,0.1338090175183876,23.16831318672221,0.03378534017952502
ATLAS (C/2025 N1),2461656.5,A.D. 2027-Sep-08 00:00:00.0000,12.5,-3.579014473240763,4.5,23.08971078379145,-1.356722164469279,-0.002913241096491697,0.03366948044398024,-0.002093879513845006,0.1351748663323117,23.40480257789764,0.03378306259388218
ATLAS (C/2025 N1),2461663.5,A.D. 2027-Sep-15 00:00:00.0000,12.5,-3.599404937562835,4.5,23.32538407607707,-1.371378562440386,-0.002912608316416555,0.03366575857467793,-0.002093663451756641,0.136540623704961,23.64127613650715,0.03378081649592538
ATLAS (C/2025 N1),2461670.5,A.D. 2027-Sep-22 00:00:00.0000,12.5,-3.619791023947986,4.5,23.56103157815847,-1.386033462269238,-0.002911990228598166,0.03366211141561194,-0.002093451450561321,0.137906290897947,23.87773408099197,0.0337786013182132
ATLAS (C/2025 N1),2461677.5,A.D. 2027-Sep-29 00:00:00.0000,12.5,-3.640172834704976,4.5,23.7966538046486,-1.400686891909267,-0.002911386689030205,0.03365853657778697,-0.002093243375742276,0.1392718691490639,24.11417662566954,0.03377641643963
ATLAS (C/2025 N1),2461684.5,A.D. 2027-Oct-06 00:00:00.0000,12.5,-3.660550471317805,4.5,24.03225125331802,-1.415338878393679,-0.002910797602529101,0.03365503162140028,-0.002093039100530263,0.1406373596687133,24.3506039801144,0.03377426111008595
ATLAS (C/2025 N1),2461691.5,A.D. 2027-Oct-13 00:00:00.0000,12.5,-3.680924034615017,4.5,24.26782440430269,-1.429989447940357,-0.002910222853100113,0.03365159391832508,-0.002092838523334287,0.1420027636321671,24.58701634781854,0.03377213431019495
ATLAS (C/2025 N1),2461698.5,A.D. 2027-Oct-20 00:00:00.0000,12.5,-3.701293623709057,4.5,24.50337371818551,-1.444638626261084,-0.002909661970637445,0.03364822050154838,-0.002092641610655185,0.1433680821646095,24.82341392360163,0.03377003456019666
ATLAS (C/2025 N1),2461705.5,A.D. 2027-Oct-27 00:00:00.0000,12.5,-3.721659330992643,4.5,24.73889963456624,-1.459286439193468,-0.002909113387721903,0.03364490854628859,-0.002092448426152203,0.1447333163258909,25.05979689097101,0.0337679602919292
ATLAS (C/2025 N1),2461712.5,A.D. 2027-Nov-03 00:00:00.0000,12.5,-3.742021234630869,4.5,24.97440257884779,-1.473932912893092,-0.002908574969164956,0.03364165708184542,-0.002092258942536457,0.1460984671401107,25.29616542724405,0.03376591161427429
ATLAS (C/2025 N1),2461719.5,A.D. 2027-Nov-10 00:00:00.0000,12.5,-3.762379404003138,4.5,25.20988297543084,-1.488578072317165,-0.002908046638724171,0.03363846627248867,-0.002092072859890077,0.1474635356725154,25.53251971686242,0.03376388998526512
ATLAS (C/2025 N1),2461726.5,A.D. 2027-Nov-17 00:00:00.0000,12.5,-3.782733913830576,4.5,25.44534124482773,-1.503221940229203,-0.00290752952078925,0.03363533464801524,-0.002091889911224533,0.1488285230222922,25.7688599501445,0.03376189536598791
ATLAS (C/2025 N1),2461733.5,A.D. 2027-Nov-24 00:00:00.0000,12.5,-3.803084844161384,4.5,25.68077779289027,-1.5178645381488,-0.002907023895286685,0.03363225977159209,-0.002091709995984756,0.1501934302589488,26.00518631226982,0.03375992658808858
ATLAS (C/2025 N1),2461740.5,A.D. 2027-Dec-01 00:00:00.0000,12.5,-3.823432274246794,4.5,25.91619300875981,-1.532505887152535,-0.002906529356658796,0.03362923939112895,-0.002091533071885174,0.1515582584033597,26.24149897999731,0.03375798251341013
ATLAS (C/2025 N1),2461747.5,A.D. 2027-Dec-08 00:00:00.0000,12.5,-3.843776279598687,4.5,26.15158726704009,-1.547146008041472,-0.002906045293877363,0.0336262715930524,-0.002091359098806457,0.1529230084355918,26.47779812302031,0.03375606225741901
ATLAS (C/2025 N1),2461754.5,A.D. 2027-Dec-15 00:00:00.0000,12.5,-3.864116931333223,4.5,26.38696092983614,-1.56178492131322,-0.002905571077713204,0.03362335470303266,-0.002091188030174173,0.1542876813039842,26.7140839055386,0.03375416512118294
ATLAS (C/2025 N1),2461761.5,A.D. 2027-Dec-22 00:00:00.0000,12.5,-3.88445429628169,4.5,26.62231434811525,-1.576422647121918,-0.002905106118792968,0.03362048720134848,-0.002091019814936224,0.155652277931117,26.95035648729202,0.03375229051890849
ATLAS (C/2025 N1),2461768.5,A.D. 2027-Dec-29 00:00:00.0000,12.5,-3.904788437368335,4.5,26.8576478625434,-1.591059205259037,-0.002904649893281392,0.03361766765147989,-0.002090854401351958,0.1570167992171169,27.18661602413267,0.03375043791360393
ATLAS (C/2025 N1),2461775.5,A.D. 2028-Jan-05 00:00:00.0000,12.5,-3.925119414097583,4.5,27.09296180373772,-1.605694615173767,-0.00290420194307048,0.0336148945958877,-0.002090691745716479,0.1583812460398215,27.42286266805336,0.03374860671670506
ATLAS (C/2025 N1),2461782.5,A.D. 2028-Jan-12 00:00:00.0000,12.5,-3.945447282712782,4.5,27.32825649154307,-1.620328896104469,-0.002903761750863324,0.03361216638155918,-0.002090531838188027,0.159745619249221,27.65909656622541,0.03374679610131178
ATLAS (C/2025 N1),2461789.5,A.D. 2028-Jan-19 00:00:00.0000,12.5,-3.965772094264834,4.5,27.56353223328071,-1.634962067486183,-0.002903328218573862,0.03360948113210551,-0.00209037475289467,0.1611099196544907,27.89531785875316,0.03374500490557343
ATLAS (C/2025 N1),2461796.5,A.D. 2028-Jan-26 00:00:00.0000,12.5,-3.986093888079129,4.5,27.79878932506187,-1.649594149529099,-0.002902899120071845,0.03360683784016179,-0.00209022060868052,0.1624741480249113,28.13152667883342,0.03374323263592861
ATLAS (C/2025 N1),2461803.5,A.D. 2028-Feb-02 00:00:00.0000,12.5,-4.006412688452121,4.5,28.03402806366335,-1.664225162635873,-0.002902472920382694,0.03360423765131007,-0.002090069296991516,0.1638383051534949,28.36772316377197,0.03374148098177447
ATLAS (C/2025 N1),2461810.5,A.D. 2028-Feb-09 00:00:00.0000,12.5,-4.026728517751359,4.5,28.26924875495261,-1.678855125593456,-0.002902050477284364,0.03360168143588057,-0.002089920523725943,0.1652023919139779,28.6039074648516,0.03373975165741444
ATLAS (C/2025 N1),2461817.5,A.D. 2028-Feb-16 00:00:00.0000,12.5,-4.047041406379519,4.5,28.50445170438468,-1.69348405551324,-0.002901632821330379,0.03359916833799129,-0.002089774130663956,0.1665664092133949,28.84007973912046,0.03373804467058574
ATLAS (C/2025 N1),2461824.5,A.D. 2028-Feb-23 00:00:00.0000,12.5,-4.067351388924195,4.5,28.73963720943598,-1.708111968873803,-0.002901220159678277,0.0335966971447227,-0.002089630073959255,0.1679303579448105,29.07624014120792,0.03373635953605672
ATLAS (C/2025 N1),2461831.5,A.D. 2028-Mar-01 00:00:00.0000,12.5,-4.087658500000784,4.5,28.97480555996775,-1.722738881936178,-0.002900812379102898,0.03359426691174334,-0.002089488325692952,0.1692942389849691,29.31238882291755,0.03373469596188883
ATLAS (C/2025 N1),2461838.5,A.D. 2028-Mar-08 00:00:00.0000,12.5,-4.10796277338692,4.5,29.20995704007591,-1.737364810726865,-0.002900409383541536,0.03359187691420332,-0.002089348845563071,0.1706580532030482,29.54852593474275,0.03373305384835467
ATLAS (C/2025 N1),2461845.5,A.D. 2028-Mar-15 00:00:00.0000,12.5,-4.128264242575924,4.5,29.4450919291837,-1.751989770942421,-0.002900011195128864,0.0335895265240578,-0.002089211580135868,0.1720218014662669,29.78465162683788,0.03373143318188112
ATLAS (C/2025 N1),2461852.5,A.D. 2028-Mar-22 00:00:00.0000,12.5,-4.148562941705298,4.5,29.68021050237622,-1.766613777870807,-0.00289961797718301,0.03358721511532894,-0.002089076466893316,0.1733854846415148,30.02076604930023,0.03372983394572111
ATLAS (C/2025 N1),2461859.5,A.D. 2028-Mar-29 00:00:00.0000,12.5,-4.168858906552861,4.5,29.91531303009183,-1.781236846347858,-0.002899230032649682,0.03358494196756172,-0.002088943440669693,0.1747491035934079,30.25686935183339,0.03372825602545211
ATLAS (C/2025 N1),2461866.5,A.D. 2028-Apr-05 00:00:00.0000,12.5,-4.189152175379798,4.5,30.15039977698756,-1.795858990784355,-0.002898847748415382,0.03358270611834292,-0.002088812449286614,0.1761126591775608,30.49296168258245,0.03372669905714813
ATLAS (C/2025 N1),2461873.5,A.D. 2028-Apr-12 00:00:00.0000,12.5,-4.20944278874446,4.5,30.38547099956815,-1.81048022537831,-0.002898471309674787,0.03358050617985444,-0.002088683493360898,0.1774761522260765,30.72904318562157,0.03372516221000978
ATLAS (C/2025 N1),2461880.5,A.D. 2028-Apr-19 00:00:00.0000,12.5,-4.229730785712936,4.5,30.62052694365827,-1.825100564661576,-0.002898099967679904,0.03357834064772685,-0.002088556667049435,0.1788395835294503,30.9651139978208,0.03372364439563423
ATLAS (C/2025 N1),2461887.5,A.D. 2028-Apr-26 00:00:00.0000,12.5,-4.250016196456847,4.5,30.85556784878664,-1.839720023805581,-0.00289773220627234,0.03357620953609299,-0.002088432008237785,0.180202953855114,31.2011742520568,0.03372214590193501
ATLAS (C/2025 N1),2461894.5,A.D. 2028-May-03 00:00:00.0000,12.5,-4.270299045549966,4.5,31.09059396088915,-1.854338617260612,-0.002897368341767076,0.03357411422723743,-0.002088309271762028,0.1815662640214612,31.43722409003005,0.03372066858675383
ATLAS (C/2025 N1),2461901.5,A.D. 2028-May-10 00:00:00.0000,12.5,-4.290579366821259,4.5,31.32560553117212,-1.86895635746297,-0.002897010258567817,0.03357205453395737,-0.002088188193411928,0.1829295149018912,31.67326366296493,0.03371921294902986
ATLAS (C/2025 N1),2461908.5,A.D. 2028-May-17 00:00:00.0000,12.5,-4.310857205448131,4.5,31.56060280394775,-1.883573255612299,-0.002896659125806435,0.0335700289520535,-0.002088068678657978,0.1842927073564439,31.90929311977275,0.03371777807855309
ATLAS (C/2025 N1),2461915.5,A.D. 2028-May-24 00:00:00.0000,12.5,-4.33113261173219,4.5,31.79558601249337,-1.898189322556563,-0.002896315335010691,0.0335680359463423,-0.002087950703469095,0.185655842202825,32.14531260203487,0.03371636291589405
ATLAS (C/2025 N1),2461922.5,A.D. 2028-May-31 00:00:00.0000,12.5,-4.351405637531848,4.5,32.03055538012232,-1.912804569009569,-0.002895978996530629,0.03356607419879475,-0.002087834248915832,0.1870189202191445,32.38132224447684,0.03371496656305754
ATLAS (C/2025 N1),2461929.5,A.D. 2028-Jun-07 00:00:00.0000,12.5,-4.371676335151607,4.5,32.26551112144232,-1.927419005531373,-0.002895650143680792,0.0335641425240012,-0.002087719289937364,0.1883819421496216,32.61732217595623,0.03371358822785534
ATLAS (C/2025 N1),2461936.5,A.D. 2028-Jun-14 00:00:00.0000,12.5,-4.391944757035409,4.5,32.5004534429869,-1.94203264249068,-0.002895328787264164,0.03356223978987952,-0.002087605797521313,0.189744908707365,32.85331251994399,0.03371222715370157
ATLAS (C/2025 N1),2461943.5,A.D. 2028-Jun-21 00:00:00.0000,12.5,-4.41221095567702,4.5,32.73538254337762,-1.956645490050919,-0.002895014932405626,0.03356036485743964,-0.002087493742867026,0.1911078205746772,33.08929339457712,0.03371088256316536
ATLAS (C/2025 N1),2461950.5,A.D. 2028-Jun-28 00:00:00.0000,12.5,-4.432474983588723,4.5,32.97029861300806,-1.971257558195702,-0.002894708574942677,0.03355851649571846,-0.002087383105498789,0.1924706784007082,33.32526491225246,0.03370955357438576
ATLAS (C/2025 N1),2461957.5,A.D. 2028-Jul-05 00:00:00.0000,12.5,-4.452736892984084,4.5,33.20520183290284,-1.985868856853852,-0.002894409597255893,0.03355669322791413,-0.002087273896247332,0.1938334827942333,33.56122717837621,0.03370823903692004
ATLAS (C/2025 N1),2461964.5,A.D. 2028-Jul-12 00:00:00.0000,12.5,-4.472996733670821,4.5,33.44009237253594,-2.000479396279589,-0.002894117307104436,0.03355489325805235,-0.002087166206391478,0.195196234309226,33.79718028886589,0.03370693740179226
ATLAS (C/2025 N1),2461971.5,A.D. 2028-Jul-19 00:00:00.0000,12.5,-4.493254546406506,4.5,33.67497038982746,-2.015089187676788,-0.002893829777630373,0.03355311537310734,-0.002087060195302601,0.1965589334395443,34.03312432923035,0.03370564752790198
ATLAS (C/2025 N1),2461978.5,A.D. 2028-Jul-26 00:00:00.0000,12.5,-4.513510357351484,4.5,33.90983604141113,-2.02969824288901,-0.002893545270252441,0.03355136048551283,-0.002086955834707744,0.1979215806729208,34.26905938391789,0.033704370383434
ATLAS (C/2025 N1),2461985.5,A.D. 2028-Aug-02 00:00:00.0000,12.5,-4.533764188613645,4.5,34.14468949297684,-2.044306572613249,-0.002893264374574853,0.0335496296700591,-0.002086852873666415,0.1992841765571788,34.50498554778118,0.03370310738236679
ATLAS (C/2025 N1),2461992.5,A.D. 2028-Aug-09 00:00:00.0000,12.5,-4.554016069424344,4.5,34.37953091133812,-2.05891418605483,-0.002892988081427009,0.03354792222117894,-0.002086751174817078,0.2006467216628805,34.74090291960999,0.03370185822549144
ATLAS (C/2025 N1),2461999.5,A.D. 2028-Aug-16 00:00:00.0000,12.5,-4.574266032650682,4.5,34.61436045572419,-2.073521091995461,-0.002892716443802461,0.03354623692078114,-0.002086650734261494,0.2020092165308368,34.97681159304282,0.03370062198075246
ATLAS (C/2025 N1),2462006.5,A.D. 2028-Aug-23 00:00:00.0000,12.5,-4.594514109490111,4.5,34.84917827771503,-2.088127299326346,-0.002892449026527503,0.03354457283869316,-0.002086551575530429,0.2033716616675097,35.21271165577085,0.03369939792979901
ATLAS (C/2025 N1),2462013.5,A.D. 2028-Aug-30 00:00:00.0000,12.5,-4.614760327627908,4.5,35.08398452348589,-2.102732817078913,-0.002892185299110997,0.03354292934279828,-0.00208645371324941,0.2047340575561196,35.4486031914611,0.03369818562824255
ATLAS (C/2025 N1),2462020.5,A.D. 2028-Sep-06 00:00:00.0000,12.5,-4.635004711138191,4.5,35.3187793355096,-2.117337654343276,-0.002891924772060262,0.0335413059913497,-0.002086357149836902,0.2060964046659571,35.68448628136873,0.03369698481711417
ATLAS (C/2025 N1),2462027.5,A.D. 2028-Sep-13 00:00:00.0000,12.5,-4.655247280959267,4.5,35.55356285358509,-2.131941820191249,-0.002891667044209349,0.03353970244958161,-0.002086261878218745,0.2074587034582911,35.92036100535996,0.03369579534688345
ATLAS (C/2025 N1),2462034.5,A.D. 2028-Sep-20 00:00:00.0000,12.5,-4.675488055605463,4.5,35.78833521530785,-2.146545323624417,-0.0028914118265208,0.03353811840631923,-0.002086167886514502,0.2088209543892798,36.15622744241615,0.03369461709842742
ATLAS (C/2025 N1),2462041.5,A.D. 2028-Sep-27 00:00:00.0000,12.5,-4.695727051936645,4.5,36.02309655581358,-2.161148173575904,-0.002891158923992545,0.033536553441065,-0.002086075170399436,0.2101831579087934,36.39208567042989,0.03369344984995724
ATLAS (C/2025 N1),2462048.5,A.D. 2028-Oct-04 00:00:00.0000,12.5,-4.715964285273836,4.5,36.25784700634354,-2.175750379066522,-0.002890908024402699,0.03353500683342917,-0.002085983767665201,0.2115453144520694,36.62793576476023,0.03369229306333957
ATLAS (C/2025 N1),2462055.5,A.D. 2028-Oct-11 00:00:00.0000,12.5,-4.736199766513312,4.5,36.49258669222576,-2.190351949680364,-0.002890658035019473,0.03353347773267064,-0.002085893804575403,0.2129074244259202,36.86377779584455,0.03369114596994761
ATLAS (C/2025 N1),2462062.5,A.D. 2028-Oct-18 00:00:00.0000,12.5,-4.756433495113966,4.5,36.72731573644767,-2.204952895956861,-0.002890406974951305,0.03353196665269794,-0.002085805382720438,0.2142694882238599,37.0996118318177,0.03369000903170998
ATLAS (C/2025 N1),2462069.5,A.D. 2028-Oct-25 00:00:00.0000,12.5,-4.776665460556877,4.5,36.96203427281024,-2.219553228216181,-0.002890154452748922,0.03353047584094924,-0.002085718320632036,0.215631506301817,37.33543795162125,0.03368888460953522
ATLAS (C/2025 N1),2462076.5,A.D. 2028-Nov-01 00:00:00.0000,12.5,-4.796895657814398,4.5,37.19674244800087,-2.234152954997908,-0.002889902055476155,0.03352900631042422,-0.002085632359519232,0.2169934792006915,37.57125624890914,0.03368777408456966
ATLAS (C/2025 N1),2462083.5,A.D. 2028-Nov-08 00:00:00.0000,12.5,-4.817124092403923,4.5,37.43144040969221,-2.248752083588708,-0.00288965094851855,0.03352755758274156,-0.002085547403181301,0.2183554074819259,37.80706682089212,0.03368667730944424
ATLAS (C/2025 N1),2462090.5,A.D. 2028-Nov-15 00:00:00.0000,12.5,-4.837350775124873,4.5,37.66612830125684,-2.263350620946857,-0.002889401563545906,0.03352612904747069,-0.002085463434326242,0.2197172916934205,38.04286976243622,0.03368559391026786
ATLAS (C/2025 N1),2462097.5,A.D. 2028-Nov-22 00:00:00.0000,12.5,-4.857575718804091,4.5,37.90080626250645,-2.277948573942203,-0.002889154112674597,0.03352472029402586,-0.002085380439169292,0.2210791323711895,38.27866516634937,0.03368452367731051
ATLAS (C/2025 N1),2462104.5,A.D. 2028-Nov-29 00:00:00.0000,12.5,-4.877798937733235,4.5,38.13547443082128,-2.292545949309782,-0.002888908820275963,0.03352333101838404,-0.002085298392816801,0.2224409300451581,38.5144531243853,0.03368346650168235
ATLAS (C/2025 N1),2462111.5,A.D. 2028-Dec-06 00:00:00.0000,12.5,-4.898020447998061,4.5,38.37013294152045,-2.307142753577592,-0.002888665977519721,0.03352196092189179,-0.002085217261746946,0.2238026852412754,38.75023372760925,0.03368242228236928
ATLAS (C/2025 N1),2462118.5,A.D. 2028-Dec-13 00:00:00.0000,12.5,-4.918240267977834,4.5,38.60478192763214,-2.321738993023002,-0.002888425948062666,0.03352060963655814,-0.002085137008828286,0.2251643984803346,38.98600706619383,0.0336813908533679
ATLAS (C/2025 N1),2462125.5,A.D. 2028-Dec-20 00:00:00.0000,12.5,-4.938458418820342,4.5,38.83942151912025,-2.336334673672667,-0.002888189153933117,0.03351927663603382,-0.002085057601556178,0.2265260702736859,39.22177322867649,0.03368037189431785
ATLAS (C/2025 N1),2462132.5,A.D. 2028-Dec-27 00:00:00.0000,12.5,-4.958674924608069,4.5,39.07405184128961,-2.350929801396426,-0.002887955979817142,0.03351796108429267,-0.002084979033088539,0.2278877011140599,39.45753230037098,0.03367936476995929
ATLAS (C/2025 N1),2462139.5,A.D. 2029-Jan-03 00:00:00.0000,12.5,-4.978889810940884,4.5,39.30867301206351,-2.365524382238456,-0.002887726361946947,0.03351666171664419,-0.00208490136976241,0.2292492914588834,39.69328436047822,0.03367836836378198
ATLAS (C/2025 N1),2462146.5,A.D. 2029-Jan-10 00:00:00.0000,12.5,-4.999103099123224,4.5,39.54328514058095,-2.380118423044961,-0.002887499056025166,0.03351537754256856,-0.002084824761049551,0.2306108417180808,39.92902947997448,0.03367738168383742
ATLAS (C/2025 N1),2462153.5,A.D. 2029-Jan-17 00:00:00.0000,12.5,-5.019314799553217,4.5,39.77788833529898,-2.394711931390487,-0.002887272640903826,0.03351410952500982,-0.00208474921064779,0.2319723522954797,40.1647677287803,0.03367640563944136
ATLAS (C/2025 N1),2462160.5,A.D. 2029-Jan-24 00:00:00.0000,12.5,-5.03952492009166,4.5,40.01248271529999,-2.409304913871527,-0.002887047956136436,0.03351285915143372,-0.002084674470196982,0.2333338236588434,40.40049918788642,0.03367544192400158
ATLAS (C/2025 N1),2462167.5,A.D. 2029-Jan-31 00:00:00.0000,12.5,-5.05973347875955,4.5,40.24706840378408,-2.42389737546271,-0.002886826581854016,0.03351162605654205,-0.002084600373519669,0.2346952563114247,40.63622394442833,0.0336744904883109
ATLAS (C/2025 N1),2462174.5,A.D. 2029-Feb-07 00:00:00.0000,12.5,-5.079940501484774,4.5,40.4816455176862,-2.438489320564788,-0.002886609151763355,0.0335104090829749,-0.002084526905227239,0.2360566507311028,40.87194208114824,0.0336735503846604
ATLAS (C/2025 N1),2462181.5,A.D. 2029-Feb-14 00:00:00.0000,12.5,-5.100146016160245,4.5,40.71621416624895,-2.453080753663104,-0.002886395692233589,0.03350920724779188,-0.002084454091229541,0.2374180073579886,41.10765367424901,0.03367262076096831
ATLAS (C/2025 N1),2462188.5,A.D. 2029-Feb-21 00:00:00.0000,12.5,-5.120350050081651,4.5,40.95077445274713,-2.467671679422727,-0.002886186048688712,0.03350801981386481,-0.002084381954401718,0.2387793266023344,41.34335879476367,0.03367170098257718
ATLAS (C/2025 N1),2462195.5,A.D. 2029-Feb-28 00:00:00.0000,12.5,-5.140552629311665,4.5,41.18532647586461,-2.482262102639591,-0.002885980035580056,0.03350684619154366,-0.002084310509472511,0.2401406088518079,41.5790575098147,0.03367079055345774
ATLAS (C/2025 N1),2462202.5,A.D. 2029-Mar-07 00:00:00.0000,12.5,-5.160753778648016,4.5,41.41987033044784,-2.496852028191377,-0.002885777481478693,0.03350568586342824,-0.002084239765640602,0.2415018544756378,41.81474988333215,0.0336698890475745
ATLAS (C/2025 N1),2462209.5,A.D. 2029-Mar-14 00:00:00.0000,12.5,-5.18095352179905,4.5,41.65440610778292,-2.511441461012588,-0.002885578248559608,0.03350453831664284,-0.002084169730917284,0.2428630638261985,42.05043597632773,0.03366899604454875
ATLAS (C/2025 N1),2462216.5,A.D. 2029-Mar-21 00:00:00.0000,12.5,-5.201151881612319,4.5,41.88893389528654,-2.526030406116707,-0.002885382220179405,0.03350340293421748,-0.002084100422720299,0.2442242372372954,42.28611584659806,0.03366811102122001
ATLAS (C/2025 N1),2462223.5,A.D. 2029-Mar-28 00:00:00.0000,12.5,-5.221348879792199,4.5,42.12345377518611,-2.540618868751803,-0.002885189130122103,0.03350227882116555,-0.002084031898296108,0.2455853750163537,42.52178954737213,0.03366723316026759
ATLAS (C/2025 N1),2462230.5,A.D. 2029-Apr-04 00:00:00.0000,12.5,-5.241544534032467,4.5,42.35796582244767,-2.555206854858349,-0.002884997958813606,0.03350116488401576,-0.002083964304090582,0.246946477430582,42.75745712491571,0.0336663613582228
ATLAS (C/2025 N1),2462237.5,A.D. 2029-Apr-11 00:00:00.0000,12.5,-5.261738850667531,4.5,42.59247010719826,-2.569794371573953,-0.002884806594258121,0.03350006117273702,-0.002083897797594676,0.2483075447157227,42.99311862004632,0.03366549550976534
ATLAS (C/2025 N1),2462244.5,A.D. 2029-Apr-18 00:00:00.0000,12.5,-5.281931823417851,4.5,42.82696670760261,-2.584381426327358,-0.002884614068824141,0.03349896973014849,-0.002083832273102692,0.2496685771484898,43.2287740806755,0.033664637607505
ATLAS (C/2025 N1),2462251.5,A.D. 2029-Apr-25 00:00:00.0000,12.5,-5.302123447780565,4.5,43.06145571506205,-2.598968025126884,-0.002884421583568411,0.03349789178736297,-0.002083767497157657,0.251029575085839,43.46442356860823,0.03366378909519625
ATLAS (C/2025 N1),2462258.5,A.D. 2029-May-02 00:00:00.0000,12.5,-5.322313728036667,4.5,43.29593722328891,-2.613554172844426,-0.002884230118315502,0.03349682698675488,-0.002083703391235534,0.252390538907375,43.70006714957099,0.03366294982132566
ATLAS (C/2025 N1),2462265.5,A.D. 2029-May-09 00:00:00.0000,12.5,-5.342502672234848,4.5,43.53041132226842,-2.628139874201953,-0.002884039844881202,0.03349577479347862,-0.002083639969991708,0.2537514689774715,43.93570488665319,0.03366211936283746
ATLAS (C/2025 N1),2462272.5,A.D. 2029-May-16 00:00:00.0000,12.5,-5.36269028841378,4.5,43.76487809920407,-2.642725134071499,-0.002883850665233837,0.03349473495241855,-0.00208357725413027,0.2551123656480191,44.17133684078276,0.03366129753897106
ATLAS (C/2025 N1),2462279.5,A.D. 2029-May-23 00:00:00.0000,12.5,-5.382876583913299,4.5,43.99933764029016,-2.657309957420419,-0.002883662503047256,0.03349370740887819,-0.002083515249487246,0.2564732292679752,44.40696307237979,0.03366048436715752
ATLAS (C/2025 N1),2462286.5,A.D. 2029-May-30 00:00:00.0000,12.5,-5.403061565895857,4.5,44.233790031694,-2.671894349204862,-0.002883475390828716,0.03349269219332303,-0.002083453947585432,0.2578340601892278,44.64258364237183,0.03365967995945379
ATLAS (C/2025 N1),2462293.5,A.D. 2029-Jun-06 00:00:00.0000,12.5,-5.423245242211261,4.5,44.46823535982826,-2.686478314283015,-0.002883289494577353,0.03349168933084406,-0.002083393329713603,0.2591948587686448,44.87819861254861,0.03365888443600836
ATLAS (C/2025 N1),2462300.5,A.D. 2029-Jun-13 00:00:00.0000,12.5,-5.44342762235117,4.5,44.70267371097863,-2.701061857364865,-0.002883105114818965,0.03349069873954558,-0.002083333373950663,0.2605556253665043,45.11380804529038,0.03365809782483673
ATLAS (C/2025 N1),2462307.5,A.D. 2029-Jun-20 00:00:00.0000,12.5,-5.463608718225965,4.5,44.93710517003568,-2.71564498304292,-0.002882922617087484,0.03348972006931633,-0.002083274073468284,0.2619163603397009,45.34941200239147,0.03365731989468881
ATLAS (C/2025 N1),2462314.5,A.D. 2029-Jun-27 00:00:00.0000,12.5,-5.483788543660712,4.5,45.17152981794823,-2.730227696036181,-0.002882742083225357,0.03348875253477341,-0.002083215480932433,0.2632770640268141,45.58501054247517,0.03365654995020811
ATLAS (C/2025 N1),2462321.5,A.D. 2029-Jul-04 00:00:00.0000,12.5,-5.503967109826185,4.5,45.40594772966129,-2.744810001758926,-0.002882562559243606,0.03348779541596161,-0.002083157735420171,0.2646377367332482,45.82060371842058,0.03365578723975434
ATLAS (C/2025 N1),2462328.5,A.D. 2029-Jul-11 00:00:00.0000,12.5,-5.524144418375664,4.5,45.64035898040498,-2.759391906409974,-0.002882382657874931,0.03348684975792507,-0.002083100867283428,0.2659983787624405,46.05619158276622,0.03365503270138236
ATLAS (C/2025 N1),2462335.5,A.D. 2029-Jul-18 00:00:00.0000,12.5,-5.544320467869518,4.5,45.87476365775539,-2.773973415365528,-0.002882203151691525,0.03348591750531522,-0.002083044630306293,0.2673589904887584,46.29177420033181,0.03365428840621611
ATLAS (C/2025 N1),2462342.5,A.D. 2029-Jul-25 00:00:00.0000,12.5,-5.564495268005131,4.5,46.10916185712347,-2.788554532206153,-0.002882025964682877,0.03348499878270105,-0.002082988815969119,0.2687195723411264,46.52735164538327,0.0336535547593018
ATLAS (C/2025 N1),2462349.5,A.D. 2029-Aug-01 00:00:00.0000,12.5,-5.584668839338032,4.5,46.34355367005698,-2.803135259659306,-0.002881852168856199,0.03348409264182916,-0.002082933375886668,0.2700801247360839,46.76292399004227,0.03365283100713153
ATLAS (C/2025 N1),2462356.5,A.D. 2029-Aug-08 00:00:00.0000,12.5,-5.604841207228058,4.5,46.57793918134492,-2.817715600351391,-0.002881682163711607,0.03348319818006566,-0.00208287831398952,0.2714406480571855,46.99849130071913,0.03365211636187318
ATLAS (C/2025 N1),2462363.5,A.D. 2029-Aug-15 00:00:00.0000,12.5,-5.625012398898367,4.5,46.8123184701493,-2.832295556946504,-0.002881516129258907,0.0334823146803794,-0.002082823633834227,0.2728011426594143,47.23405363887733,0.03365141019161052
ATLAS (C/2025 N1),2462370.5,A.D. 2029-Aug-22 00:00:00.0000,12.5,-5.645182442593276,4.5,47.04669161098973,-2.846875132107513,-0.002881354189629536,0.03348144151815998,-0.002082769331725469,0.2741616088741567,47.46961106189461,0.0336507119473142
ATLAS (C/2025 N1),2462377.5,A.D. 2029-Aug-29 00:00:00.0000,12.5,-5.665351367362418,4.5,47.2810586741123,-2.861454328454246,-0.002881196453889999,0.03348057808698945,-0.002082715399725486,0.2755220470110868,47.7051636233894,0.03365002109440961
ATLAS (C/2025 N1),2462384.5,A.D. 2029-Sep-05 00:00:00.0000,12.5,-5.68551920300361,4.5,47.51541972541005,-2.876033148549098,-0.002881043027622398,0.03347972373843973,-0.002082661830329631,0.2768824573576066,47.94071137312381,0.03364933705482261
ATLAS (C/2025 N1),2462391.5,A.D. 2029-Sep-12 00:00:00.0000,12.5,-5.705685980020537,4.5,47.74977482583814,-2.890611594928574,-0.002880893999710712,0.03347887768900156,-0.002082608626196429,0.2782428401754216,48.17625435641074,0.03364865911379315
ATLAS (C/2025 N1),2462398.5,A.D. 2029-Sep-19 00:00:00.0000,12.5,-5.725851729147815,4.5,47.98412402993372,-2.905189670254376,-0.002880749299917777,0.03347803885843095,-0.002082555827390355,0.2796031956917382,48.41179261258976,0.03364798624449014
ATLAS (C/2025 N1),2462405.5,A.D. 2029-Sep-26 00:00:00.0000,12.5,-5.746016478635315,4.5,48.21846738344515,-2.919767377749567,-0.002880608153494909,0.0334772058734567,-0.00208250356209883,0.2809635240839372,48.64732617237336,0.03364731705050727
ATLAS (C/2025 N1),2462412.5,A.D. 2029-Oct-03 00:00:00.0000,12.5,-5.766180246876302,4.5,48.45280492438129,-2.93434472178947,-0.002880468558976226,0.03347637822325003,-0.002082452001100333,0.2823238254807208,48.88285505804574,0.0336466508475665
ATLAS (C/2025 N1),2462419.5,A.D. 2029-Oct-10 00:00:00.0000,12.5,-5.786343038734707,4.5,48.68713669477476,-2.948921707284572,-0.002880329186705077,0.03347555749164244,-0.002082401083950804,0.2836841000267376,49.11837929465192,0.03364598909328873
ATLAS (C/2025 N1),2462426.5,A.D. 2029-Oct-17 00:00:00.0000,12.5,-5.806504858206288,4.5,48.9214627483319,-2.96349833790875,-0.002880190962616787,0.0334747448617312,-0.002082350578666219,0.2850443479343809,49.35389891896676,0.03364533310296933
ATLAS (C/2025 N1),2462433.5,A.D. 2029-Oct-24 00:00:00.0000,12.5,-5.826665717105147,4.5,49.15578314052173,-2.978074616133941,-0.002880054800546763,0.03347393980701287,-0.002082300397613477,0.2864045694329196,49.58941397068683,0.03364468250271445
ATLAS (C/2025 N1),2462440.5,A.D. 2029-Oct-31 00:00:00.0000,12.5,-5.846825630221878,4.5,49.39009792134003,-2.992650544293409,-0.002879920687174989,0.03347314149748463,-0.002082250567412968,0.2877647647240794,49.82492448473992,0.03364403651408948
ATLAS (C/2025 N1),2462447.5,A.D. 2029-Nov-07 00:00:00.0000,12.5,-5.866984610527147,4.5,49.6244071359899,-3.007226124999873,-0.002879788201609721,0.0334723494127913,-0.002082201132007298,0.2891249339827796,50.06043049141238,0.03364339461782062
ATLAS (C/2025 N1),2462454.5,A.D. 2029-Nov-14 00:00:00.0000,12.5,-5.887142667697635,4.5,49.85871082705494,-3.021801361142516,-0.002879656854850182,0.03347156330614107,-0.002082152125217506,0.2904850773685417,50.29593201832444,0.03364275655650381
ATLAS (C/2025 N1),2462461.5,A.D. 2029-Nov-21 00:00:00.0000,12.5,-5.907299808109405,4.5,50.09300903603917,-3.036376255805886,-0.002879526202915283,0.0334707831011373,-0.002082103569411774,0.2918451950342454,50.53142909194646,0.03364212224557357
ATLAS (C/2025 N1),2462468.5,A.D. 2029-Nov-28 00:00:00.0000,12.5,-5.927456035318932,4.5,50.32730180427684,-3.050950812199294,-0.002879395889251788,0.03347000881343123,-0.002082055478475348,0.2932052871316118,50.76692173854808,0.03364149170075562
ATLAS (C/2025 N1),2462475.5,A.D. 2029-Dec-05 00:00:00.0000,12.5,-5.947611350763635,4.5,50.56158917329508,-3.065525033613445,-0.002879265666659103,0.03346924046491625,-0.002082007863069343,0.2945653538137086,51.00240998463223,0.03364086495582481
ATLAS (C/2025 N1),2462482.5,A.D. 2029-Dec-12 00:00:00.0000,12.5,-5.967765754477226,4.5,50.79587118440196,-3.080098923439863,-0.002879135365162338,0.033468477940211,-0.002081960745335227,0.2959253952330521,51.23789385660621,0.03364024191739476
ATLAS (C/2025 N1),2462489.5,A.D. 2029-Dec-19 00:00:00.0000,12.5,-5.98791924491977,4.5,51.03014787705293,-3.09467248537077,-0.002879004622661662,0.03346772080567813,-0.002081914198152911,0.2972854115321758,51.47337337914896,0.03363962215647737
ATLAS (C/2025 N1),2462496.5,A.D. 2029-Dec-26 00:00:00.0000,12.5,-6.008071815306842,4.5,51.26441928714478,-3.109245723923294,-0.002878872173127818,0.03346696864520168,-0.002081868382465125,0.2986454028315513,51.70884857311949,0.03363900516111611
ATLAS (C/2025 N1),2462503.5,A.D. 2030-Jan-02 00:00:00.0000,12.5,-6.028223446713853,4.5,51.49868545243539,-3.123818644672445,-0.002878736113820073,0.03346622270353448,-0.00208182338766641,0.3000053692560644,51.94431946014111,0.03363839198784388
ATLAS (C/2025 N1),2462510.5,A.D. 2030-Jan-09 00:00:00.0000,12.5,-6.048374112562586,4.5,51.73294642577628,-3.138391252795263,-0.002878596542311339,0.03346548558850314,-0.002081779013042365,0.3013653110132984,52.17978607615575,0.0336377852594628
ATLAS (C/2025 N1),2462517.5,A.D. 2030-Jan-16 00:00:00.0000,12.5,-6.068523794176211,4.5,51.96720227377481,-3.152963551782354,-0.002878455165859277,0.03346475833338448,-0.002081735042395637,0.3027252283958294,52.41524847182141,0.03363718622223949
ATLAS (C/2025 N1),2462524.5,A.D. 2030-Jan-23 00:00:00.0000,12.5,-6.088672483256708,4.5,52.20145306494136,-3.167535544198608,-0.002878313071020523,0.03346404072476334,-0.002081691420344555,0.3040851217152141,52.65070670108241,0.0336365948223887
ATLAS (C/2025 N1),2462531.5,A.D. 2030-Jan-30 00:00:00.0000,12.5,-6.108820176572308,4.5,52.43569886588006,-3.182107232490383,-0.002878170716637974,0.03346333253374142,-0.002081648150799482,0.30544499127684,52.88616081681501,0.0336360109203476
ATLAS (C/2025 N1),2462538.5,A.D. 2030-Feb-06 00:00:00.0000,12.5,-6.128966873423507,4.5,52.66993974227734,-3.196678619134873,-0.002878028421750741,0.03346263371504776,-0.002081605234396828,0.3068048373838987,53.1216108715152,0.03363543454122773
ATLAS (C/2025 N1),2462545.5,A.D. 2030-Feb-13 00:00:00.0000,12.5,-6.149112575466845,4.5,52.90417575982404,-3.211249706568074,-0.002877886554202277,0.03346194429529435,-0.002081562658873212,0.308164660342484,53.35705691818141,0.03363486578531445
ATLAS (C/2025 N1),2462552.5,A.D. 2030-Feb-20 00:00:00.0000,12.5,-6.169257287236224,4.5,53.1384069843463,-3.225820497103816,-0.002877745569855846,0.03346126427271948,-0.002081520402363251,0.3095244604626203,53.59249901049283,0.03363430473336097
ATLAS (C/2025 N1),2462559.5,A.D. 2030-Feb-27 00:00:00.0000,12.5,-6.189401016767932,4.5,53.37263348133185,-3.240390992884298,-0.002877606012108761,0.03346059353918289,-0.002081478438750532,0.3108842380559113,53.82793720240186,0.03363375136946282
ATLAS (C/2025 N1),2462566.5,A.D. 2030-Mar-06 00:00:00.0000,12.5,-6.209543776152553,4.5,53.60685531486428,-3.254961195879195,-0.002877468487852264,0.03345993178032724,-0.002081436747235183,0.3122439934297599,54.06337154713371,0.03363320547982693
ATLAS (C/2025 N1),2462573.5,A.D. 2030-Mar-13 00:00:00.0000,12.5,-6.229685581639558,4.5,53.84107254564143,-3.269531107996104,-0.00287733353674677,0.03345927831117258,-0.002081395337259,0.313603726876087,54.29880209523287,0.03363266647622097
ATLAS (C/2025 N1),2462580.5,A.D. 2030-Mar-20 00:00:00.0000,12.5,-6.249826451730692,4.5,54.07528522792705,-3.284100731460139,-0.002877201134155823,0.03345863201035252,-0.002081354299259605,0.314963438652701,54.53422889133754,0.0336321332769266
ATLAS (C/2025 N1),2462587.5,A.D. 2030-Mar-27 00:00:00.0000,12.5,-6.26996640055498,4.5,54.30949340887751,-3.298670069431671,-0.002877070031011203,0.03345799226858512,-0.002081313787762905,0.3163231289752426,54.76965197278473,0.03363160517111857
ATLAS (C/2025 N1),2462594.5,A.D. 2030-Apr-03 00:00:00.0000,12.5,-6.290105432662268,4.5,54.54369713827737,-3.313239125644655,-0.002876939250504095,0.03345736048827799,-0.002081273761874464,0.3176827980693649,55.00507137864506,0.03363108346233412
ATLAS (C/2025 N1),2462601.5,A.D. 2030-Apr-10 00:00:00.0000,12.5,-6.310243553922779,4.5,54.77789647761605,-3.327807902624626,-0.00287681012136978,0.03345673801374322,-0.002081233968480327,0.3190424462293001,55.24048715986324,0.03363056964705994
ATLAS (C/2025 N1),2462608.5,A.D. 2030-Apr-17 00:00:00.0000,12.5,-6.330380782069852,4.5,55.01209149095691,-3.342376401431616,-0.00287668425625218,0.03345612430726882,-0.002081194277382947,0.3204020737723998,55.47589937138703,0.03363006339394178
ATLAS (C/2025 N1),2462615.5,A.D. 2030-Apr-24 00:00:00.0000,12.5,-6.350517142617726,4.5,55.2462822357709,-3.356944622752341,-0.0028765622781352,0.03345551826159517,-0.002081154691608695,0.3217616809842658,55.7113080626668,0.03362956370054772
ATLAS (C/2025 N1),2462622.5,A.D. 2030-May-01 00:00:00.0000,12.5,-6.370652663248876,4.5,55.48046876237161,-3.371512567435487,-0.002876444274883116,0.0334549189741994,-0.002081115243294737,0.3231212681119579,55.94671327647968,0.03362906970737511
ATLAS (C/2025 N1),2462629.5,A.D. 2030-May-08 00:00:00.0000,12.5,-6.39078737156687,4.5,55.7146511155678,-3.386080236543166,-0.002876330170824275,0.03345432575845662,-0.002081075959593072,0.3244808353719706,56.18211505031052,0.03362858074952814
ATLAS (C/2025 N1),2462636.5,A.D. 2030-May-15 00:00:00.0000,12.5,-6.410921294464435,4.5,55.94882933583416,-3.400647631300088,-0.002876219848394391,0.03345373804911447,-0.002081036860154272,0.3258403829564845,56.41751341743432,0.03362809627678644
ATLAS (C/2025 N1),2462643.5,A.D. 2030-May-22 00:00:00.0000,12.5,-6.431054457982993,4.5,56.18300345990925,-3.415214753050728,-0.002876113185878979,0.0334531553339712,-0.002080997960161641,0.3271999110366653,56.65290840748754,0.03362761579036463
ATLAS (C/2025 N1),2462650.5,A.D. 2030-May-29 00:00:00.0000,12.5,-6.451186887351364,4.5,56.41717352094221,-3.429781603243404,-0.002876010074117035,0.03345257708584835,-0.002080959275256741,0.3285594197635073,56.88830004661402,0.03362713877765576
ATLAS (C/2025 N1),2462657.5,A.D. 2030-Jun-05 00:00:00.0000,12.5,-6.471318607035253,4.5,56.65133954802015,-3.444348183470104,-0.002875910391564252,0.03345200264510012,-0.002080920834297645,0.3299189092651551,57.12368835700131,0.03362666459365729
ATLAS (C/2025 N1),2462664.5,A.D. 2030-Jun-12 00:00:00.0000,12.5,-6.491449640071384,4.5,56.88550156463406,-3.45891449566467,-0.002875813781241213,0.03345143104877393,-0.002080882714605291,0.3312783796377342,57.35907335529303,0.03362619226844205
ATLAS (C/2025 N1),2462671.5,A.D. 2030-Jun-19 00:00:00.0000,12.5,-6.511580004306279,4.5,57.11965958677738,-3.473480542620401,-0.002875718978125315,0.03345086124803622,-0.002080845086648937,0.332637830932169,57.59445505030648,0.03362572064962517
ATLAS (C/2025 N1),2462678.5,A.D. 2030-Jun-26 00:00:00.0000,12.5,-6.53170970466558,4.5,57.35381362706217,-3.488046328385104,-0.002875623770650254,0.0334502936569598,-0.002080808091690334,0.3339972631728526,57.82983344626513,0.03362524992731716
ATLAS (C/2025 N1),2462685.5,A.D. 2030-Jul-03 00:00:00.0000,12.5,-6.551838734510676,4.5,57.58796370829712,-3.502611857053972,-0.002875527532306346,0.03344973042301643,-0.00208077158810325,0.3353566764359083,58.06520855634943,0.033624782173354
ATLAS (C/2025 N1),2462692.5,A.D. 2030-Jul-10 00:00:00.0000,12.5,-6.571967090627821,4.5,57.82210986540248,-3.517177131269097,-0.002875431479285759,0.033449172463529,-0.002080735370417261,0.3367160708694197,58.30058040619916,0.03362431844329979
ATLAS (C/2025 N1),2462699.5,A.D. 2030-Jul-17 00:00:00.0000,12.5,-6.592094777337994,4.5,58.05625213405422,-3.531742152804165,-0.002875336307929853,0.0334486193387619,-0.002080699396662016,0.3380754466312327,58.53594902314452,0.03362385839706903
ATLAS (C/2025 N1),2462706.5,A.D. 2030-Jul-24 00:00:00.0000,12.5,-6.612221800888711,4.5,58.29039054635822,-3.546306923467226,-0.002875241966747529,0.03344807060212299,-0.002080663699037735,0.3394348038608083,58.77131443133246,0.03362340160735067
ATLAS (C/2025 N1),2462713.5,A.D. 2030-Jul-31 00:00:00.0000,12.5,-6.632348166188444,4.5,58.52452513237149,-3.560871445310767,-0.002875148191314714,0.03344752610966987,-0.002080628309464155,0.3407941426858653,59.0066766528768,0.03362294792269006
ATLAS (C/2025 N1),2462720.5,A.D. 2030-Aug-07 00:00:00.0000,12.5,-6.652473876342784,4.5,58.7586559219293,-3.575435720558442,-0.002875054752116625,0.03344698592131445,-0.002080593244589288,0.3421534632325092,59.24203570961201,0.03362249739657608
ATLAS (C/2025 N1),2462727.5,A.D. 2030-Aug-14 00:00:00.0000,12.5,-6.67259893321286,4.5,58.99278294567479,-3.589999751499929,-0.002874961529535388,0.0334464501925234,-0.002080558507192915,0.3435127656314458,59.47739162416912,0.03362205018851314
ATLAS (C/2025 N1),2462734.5,A.D. 2030-Aug-21 00:00:00.0000,12.5,-6.692723338287235,4.5,59.22690623541782,-3.604563540407141,-0.002874868539305294,0.03344591908633027,-0.002080524090249069,0.3448720500205605,59.71274442042219,0.03362160647978849
ATLAS (C/2025 N1),2462741.5,A.D. 2030-Aug-28 00:00:00.0000,12.5,-6.712847093654115,4.5,59.4610258238358,-3.619127089488762,-0.00287477593366704,0.03344539266511055,-0.002080489984684301,0.3462313165438046,59.94809412329569,0.0336211663666459
ATLAS (C/2025 N1),2462748.5,A.D. 2030-Sep-04 00:00:00.0000,12.5,-6.732970202742909,4.5,59.69514174320266,-3.633690400938002,-0.00287468391163687,0.03344487071615027,-0.002080456200746179,0.3475905653443944,60.18344075758672,0.03362072967844043
ATLAS (C/2025 N1),2462755.5,A.D. 2030-Sep-11 00:00:00.0000,12.5,-6.753092669471638,4.5,59.92925402284524,-3.648253477222413,-0.00287459229866802,0.03344435261851199,-0.0020804228162487,0.3489497965497715,60.41878434536109,0.03362029580149443
ATLAS (C/2025 N1),2462762.5,A.D. 2030-Sep-18 00:00:00.0000,12.5,-6.773214492950476,4.5,60.16336268794171,-3.662816321663277,-0.002874499823458503,0.03344383806786023,-0.002080389982482326,0.3503090102614895,60.6541249042023,0.03361986431791187
ATLAS (C/2025 N1),2462769.5,A.D. 2030-Sep-25 00:00:00.0000,12.5,-6.793335661748306,4.5,60.39746776787678,-3.677378938266116,-0.002874405208781061,0.03344332871330039,-0.00208035768931365,0.3516682065993266,60.88946245484927,0.03361943673738094
ATLAS (C/2025 N1),2462776.5,A.D. 2030-Oct-02 00:00:00.0000,12.5,-6.813456163378631,4.5,60.63156930698825,-3.691941329952904,-0.002874309540959331,0.03344282658338487,-0.002080325675603935,0.3530273857683598,61.12479703280998,0.03361901519456795
ATLAS (C/2025 N1),2462783.5,A.D. 2030-Oct-09 00:00:00.0000,12.5,-6.833575997180452,4.5,60.86566735720338,-3.706503497957291,-0.002874214630635408,0.03344233178637605,-0.002080293766787757,0.3543865480248473,61.36012868245423,0.03361860000438184
ATLAS (C/2025 N1),2462790.5,A.D. 2030-Oct-16 00:00:00.0000,12.5,-6.853695172133174,4.5,61.09976196744704,-3.72106544286137,-0.002874121385757217,0.03344184361761864,-0.002080261933127875,0.3557456936144613,61.59545744631876,0.03361819058249391
ATLAS (C/2025 N1),2462797.5,A.D. 2030-Oct-23 00:00:00.0000,12.5,-6.873813701305616,4.5,61.33385318191652,-3.735627165214122,-0.002874030161766317,0.03344136148305073,-0.002080230181940878,0.3571048227590136,61.83078336280912,0.03361778639435091
ATLAS (C/2025 N1),2462804.5,A.D. 2030-Oct-30 00:00:00.0000,12.5,-6.893931599590316,4.5,61.56794104128471,-3.750188665609041,-0.002873941162681456,0.03344088495409325,-0.002080198516411886,0.3584639356618986,62.06610646714197,0.03361738705201102
ATLAS (C/2025 N1),2462811.5,A.D. 2030-Nov-06 00:00:00.0000,12.5,-6.91404888319917,4.5,61.80202558351033,-3.764749944633659,-0.00287385457079243,0.03344041366913956,-0.002080166932072726,0.3598230325123772,62.30142679208681,0.03361699223070382
ATLAS (C/2025 N1),2462818.5,A.D. 2030-Nov-13 00:00:00.0000,12.5,-6.934165569641824,4.5,62.03610684403805,-3.779311002827674,-0.002873770576799686,0.03343994726149305,-0.002080135420448311,0.3611821134866795,62.53674436815691,0.0336166016009302
ATLAS (C/2025 N1),2462825.5,A.D. 2030-Nov-20 00:00:00.0000,12.5,-6.954281677816365,4.5,62.27018485554746,-3.793871840671952,-0.002873689386676654,0.03343948529537477,-0.002080103974331927,0.3625411787466054,62.77205922336712,0.03361621476606303
ATLAS (C/2025 N1),2462832.5,A.D. 2030-Nov-27 00:00:00.0000,12.5,-6.9743972280659,4.5,62.50425964714087,-3.80843245863146,-0.002873611196404042,0.03343902716077891,-0.002080072599473658,0.3639002284349087,63.0073713824344,0.0336158311559477
ATLAS (C/2025 N1),2462839.5,A.D. 2030-Dec-04 00:00:00.0000,12.5,-6.994512241618422,4.5,62.73833124254923,-3.822992857340842,-0.002873536002602975,0.03343857190559252,-0.002080041346506227,0.3652592626647085,63.24268086494482,0.03361544984135649
ATLAS (C/2025 N1),2462846.5,A.D. 2030-Dec-11 00:00:00.0000,12.5,-7.014626737284618,4.5,62.97239965769081,-3.837553038100222,-0.002873462976071389,0.03343811834482611,-0.00208001036032386,0.3666182815035554,63.47798768259434,0.03361506957623254
ATLAS (C/2025 N1),2462853.5,A.D. 2030-Dec-18 00:00:00.0000,12.5,-7.03474072367868,4.5,63.20646490305175,-3.852113003393535,-0.002873390163421505,0.03343766645281592,-0.00207997979450545,0.3679772849822848,63.71329184072197,0.03361469014118421
ATLAS (C/2025 N1),2462860.5,A.D. 2030-Dec-25 00:00:00.0000,12.5,-7.054854198034414,4.5,63.44052699646609,-3.866672755957738,-0.002873316782844581,0.03343721812412689,-0.002079949539392908,0.3693362731671802,63.94859335080431,0.03361431333577305
ATLAS (C/2025 N1),2462867.5,A.D. 2031-Jan-01 00:00:00.0000,12.5,-7.074967160343398,4.5,63.67458596751079,-3.881232297137793,-0.002873244104608421,0.03343677433130691,-0.00207991937439425,0.3706952461936028,64.18389223627844,0.03361394026444995
ATLAS (C/2025 N1),2462874.5,A.D. 2031-Jan-08 00:00:00.0000,12.5,-7.095079619351002,4.5,63.90864184630561,-3.895791627267908,-0.002873173045971933,0.03343633448368964,-0.002079889241643732,0.3720542042057525,64.41918852211182,0.0336135704510268
ATLAS (C/2025 N1),2462881.5,A.D. 2031-Jan-15 00:00:00.0000,12.5,-7.115191586893348,4.5,64.14269465775045,-3.910350746682219,-0.002873103652080752,0.03343589784804794,-0.002079859178125276,0.3734131473203702,64.6544822285175,0.03361320318702116
ATLAS (C/2025 N1),2462888.5,A.D. 2031-Jan-22 00:00:00.0000,12.5,-7.135303073694755,4.5,64.37674442264381,-3.924909656033332,-0.002873035634965529,0.03343546399097834,-0.002079829230638542,0.3747720756305701,64.88977337161768,0.03361283802512047
ATLAS (C/2025 N1),2462895.5,A.D. 2031-Jan-29 00:00:00.0000,12.5,-7.155414088207241,4.5,64.6107911596271,-3.939468356267917,-0.002872968658418235,0.03343503271095172,-0.00207979943570232,0.3761309892162293,65.12506196524268,0.0336124747420377
ATLAS (C/2025 N1),2462902.5,A.D. 2031-Feb-05 00:00:00.0000,12.5,-7.175524636647439,4.5,64.8448348864484,-3.95402684855117,-0.002872902427933408,0.03343460394066593,-0.002079769819673231,0.3774898881512228,65.36034802218356,0.03361211325155058
ATLAS (C/2025 N1),2462909.5,A.D. 2031-Feb-12 00:00:00.0000,12.5,-7.195634723421325,4.5,65.07887562063738,-3.968585134206227,-0.00287283672479265,0.03343417767297469,-0.002079740401957813,0.3788487725075361,65.59563155490416,0.03361175353493231
ATLAS (C/2025 N1),2462916.5,A.D. 2031-Feb-19 00:00:00.0000,12.5,-7.215744351720632,4.5,65.31291337964004,-3.983143214683472,-0.002872771420685971,0.03343375387246078,-0.002079711201061641,0.3802076423563998,65.83091257573777,0.0336113955551534
ATLAS (C/2025 N1),2462923.5,A.D. 2031-Feb-26 00:00:00.0000,12.5,-7.235853524041638,4.5,65.5469481801351,-3.997701091604554,-0.002872706422232723,0.0334333323231332,-0.00207968225214189,0.3815664977647118,66.06619109626737,0.03361103910071687
ATLAS (C/2025 N1),2462930.5,A.D. 2031-Mar-05 00:00:00.0000,12.5,-7.255962241502283,4.5,65.7809800361351,-4.012258767015472,-0.002872641330040421,0.03343291247356487,-0.002079653650779973,0.3829253387838064,66.30146712538121,0.03361068359733466
ATLAS (C/2025 N1),2462937.5,A.D. 2031-Mar-12 00:00:00.0000,12.5,-7.27607049916678,4.5,66.01500895774919,-4.02681624395,-0.002872574710194458,0.03343249397946856,-0.00207962557510258,0.3842841654396036,66.5367406675672,0.03361032856809659
ATLAS (C/2025 N1),2462944.5,A.D. 2031-Mar-19 00:00:00.0000,12.5,-7.296178279541402,4.5,66.249034958543,-4.04137352645504,-0.002872504808152843,0.03343207839925621,-0.002079598081186031,0.3856429777706945,66.77201172950711,0.03360997538190746
ATLAS (C/2025 N1),2462951.5,A.D. 2031-Mar-26 00:00:00.0000,12.5,-7.316285559941254,4.5,66.48305806805776,-4.055930617917705,-0.002872432140010611,0.03343166818460579,-0.002079570947157795,0.3870017759041624,67.00728033320487,0.03360962652557863
ATLAS (C/2025 N1),2462958.5,A.D. 2031-Apr-02 00:00:00.0000,12.5,-7.33639232703,4.5,66.71707832728522,-4.070487520121485,-0.002872358375493867,0.03343126400968897,-0.00207954399295359,0.3883605600384956,67.2425465130276,0.03360928285031616
ATLAS (C/2025 N1),2462965.5,A.D. 2031-Apr-09 00:00:00.0000,12.5,-7.356498576779321,4.5,66.95109577757628,-4.085044234168972,-0.002872284414453195,0.03343086557742139,-0.002079517189691749,0.3897193303802964,67.47781030474734,0.03360894416804008
ATLAS (C/2025 N1),2462972.5,A.D. 2031-Apr-16 00:00:00.0000,12.5,-7.376604309212481,4.5,67.18511045826928,-4.099600761161755,-0.002872210614515279,0.03343047268041415,-0.002079490550832905,0.3910780871275915,67.7130717426514,0.03360861032262618
ATLAS (C/2025 N1),2462979.5,A.D. 2031-Apr-23 00:00:00.0000,12.5,-7.396709526369304,4.5,67.41912240796646,-4.114157102277815,-0.002872137239963322,0.03343008529881205,-0.002079464081708455,0.3924368304758778,67.948330860589,0.03360828133305147
ATLAS (C/2025 N1),2462986.5,A.D. 2031-Apr-30 00:00:00.0000,12.5,-7.416814232319543,4.5,67.65313166543761,-4.128713258682331,-0.002872064617613049,0.03342970348116788,-0.002079437773664484,0.393795560623266,68.18358769286193,0.03360795729184946
ATLAS (C/2025 N1),2462993.5,A.D. 2031-May-07 00:00:00.0000,12.5,-7.436918433746911,4.5,67.88713826974032,-4.143269231441356,-0.002871993168899132,0.0334293272474828,-0.002079411607838378,0.3951542777714948,68.41884227440022,0.03360763827259688
ATLAS (C/2025 N1),2463000.5,A.D. 2031-May-14 00:00:00.0000,12.5,-7.457022140619336,4.5,68.12114225973836,-4.157825021468917,-0.002871923409221812,0.03342895650788822,-0.002079385560816626,0.396512982123561,68.65409464035157,0.03360732424945746
ATLAS (C/2025 N1),2463007.5,A.D. 2031-May-21 00:00:00.0000,12.5,-7.477125366772324,4.5,68.35514367297372,-4.172380629528255,-0.002871855917600495,0.0334285909505151,-0.002079359615753928,0.3978716738776067,68.88934482502337,0.03360701498325716
ATLAS (C/2025 N1),2463014.5,A.D. 2031-May-28 00:00:00.0000,12.5,-7.497228129913018,4.5,68.58914254352253,-4.186936056364311,-0.002871791168514325,0.03342822986548607,-0.002079333791604138,0.3992303532146672,69.1245928597608,0.03360670983034279
ATLAS (C/2025 N1),2463021.5,A.D. 2031-Jun-04 00:00:00.0000,12.5,-7.517330449164001,4.5,68.8231388989218,-4.201491303134772,-0.002871728951770456,0.03342787215727476,-0.002079308195013712,0.4005890202796565,69.35983876965494,0.03360640769517023
ATLAS (C/2025 N1),2463028.5,A.D. 2031-Jun-11 00:00:00.0000,12.5,-7.537432337823008,4.5,69.0571327607211,-4.216046371982346,-0.002871667865816324,0.03342751754195197,-0.002079282968908495,0.4019476751801886,69.59508257333864,0.03360610816064435
ATLAS (C/2025 N1),2463035.5,A.D. 2031-Jun-18 00:00:00.0000,12.5,-7.557533800211969,4.5,69.29112415573337,-4.23060126535836,-0.002871607279467418,0.03342716770223488,-0.002079258018413571,0.4033063180488575,69.83032429376979,0.03360581283049641
ATLAS (C/2025 N1),2463042.5,A.D. 2031-Jun-25 00:00:00.0000,12.5,-7.577634844640401,4.5,69.52511312237111,-4.245155984272579,-0.00287154877560513,0.03342682371328804,-0.002079233089285443,0.4046649490870483,70.06556396581713,0.03360552293546697
ATLAS (C/2025 N1),2463049.5,A.D. 2031-Jul-02 00:00:00.0000,12.5,-7.59773549144621,4.5,69.75909969972136,-4.259710528408924,-0.00287149382521689,0.03342648486289383,-0.002079208078264979,0.4060235685073743,70.30080162629359,0.03360523792902658
ATLAS (C/2025 N1),2463056.5,A.D. 2031-Jul-09 00:00:00.0000,12.5,-7.617835767696546,4.5,69.99308391991092,-4.274264897200464,-0.002871442934251802,0.03342615007589185,-0.002079182995652857,0.4073821764869613,70.53603730586748,0.03360495680648162
ATLAS (C/2025 N1),2463063.5,A.D. 2031-Jul-16 00:00:00.0000,12.5,-7.637935702131675,4.5,70.22706580826681,-4.288819090250766,-0.00287139615640029,0.03342581850223091,-0.002079157871073665,0.4087407731653414,70.77127102869804,0.03360467873855202
ATLAS (C/2025 N1),2463070.5,A.D. 2031-Jul-23 00:00:00.0000,12.5,-7.658035323294528,4.5,70.4610453848969,-4.303373107353025,-0.002871353409624132,0.03342548948384608,-0.002079132728066184,0.4100993586523438,71.00650281380162,0.03360440307130602
ATLAS (C/2025 N1),2463077.5,A.D. 2031-Jul-30 00:00:00.0000,12.5,-7.678134658991577,4.5,70.69502266570086,-4.317926948440365,-0.002871314573413293,0.03342516246394491,-0.002079107583520523,0.4114579330335308,71.24173267599289,0.03360412924665769
ATLAS (C/2025 N1),2463084.5,A.D. 2031-Aug-06 00:00:00.0000,12.5,-7.698233736147284,4.5,70.92899766284434,-4.332480613550407,-0.002871279519616139,0.0334248369226443,-0.002079082451065527,0.4128164963728095,71.47696062633696,0.03360385674204506
ATLAS (C/2025 N1),2463091.5,A.D. 2031-Aug-13 00:00:00.0000,12.5,-7.718332580804478,4.5,71.16297038478625,-4.347034102819772,-0.002871248124599949,0.03342451230558962,-0.002079057346736278,0.4141750487125816,71.71218667217553,0.0336035850012541
ATLAS (C/2025 N1),2463098.5,A.D. 2031-Aug-20 00:00:00.0000,12.5,-7.738431218070602,4.5,71.39694083563339,-4.361587416545003,-0.002871220226528028,0.03342418789544451,-0.002079032304330364,0.4155335900700312,71.94741081648392,0.03360331330322604
ATLAS (C/2025 N1),2463105.5,A.D. 2031-Aug-27 00:00:00.0000,12.5,-7.758529671085459,4.5,71.6309090133949,-4.376140555429699,-0.002871195339088671,0.03342386265309572,-0.002079007415548039,0.4168921204265622,72.18263305604229,0.03360304057615821
ATLAS (C/2025 N1),2463112.5,A.D. 2031-Sep-03 00:00:00.0000,12.5,-7.778627956372885,4.5,71.86487490842062,-4.390693521154464,-0.00287117193230324,0.03342353560941324,-0.002078982864803821,0.4182506397161626,72.41785337942099,0.03360276571128507
ATLAS (C/2025 N1),2463119.5,A.D. 2031-Sep-10 00:00:00.0000,12.5,-7.798726076192654,4.5,72.09883850939562,-4.405246316610298,-0.002871147780708249,0.03342320754796578,-0.002078958760598069,0.4196091478551099,72.65307177212402,0.03360248926036491
ATLAS (C/2025 N1),2463126.5,A.D. 2031-Sep-17 00:00:00.0000,12.5,-7.818824022810899,4.5,72.3327998168685,-4.419798944428985,-0.002871122614597014,0.03342288059764024,-0.002078934926447893,0.4209676448216658,72.88828823038742,0.03360221330339904
ATLAS (C/2025 N1),2463133.5,A.D. 2031-Sep-24 00:00:00.0000,12.5,-7.838921793237125,4.5,72.56675884181368,-4.434351405781776,-0.002871097598943621,0.033422555349099,-0.002078911185025953,0.4223261306565563,73.12350276126269,0.03360193854760977
ATLAS (C/2025 N1),2463140.5,A.D. 2031-Oct-01 00:00:00.0000,12.5,-7.859019390611129,4.5,72.80071559453381,-4.448903701196329,-0.002871073167854141,0.03342223130022331,-0.002078887520912913,0.4236846054004979,73.35871537179968,0.03360166454678744
ATLAS (C/2025 N1),2463147.5,A.D. 2031-Oct-08 00:00:00.0000,12.5,-7.879116818415101,4.5,73.03467008191004,-4.463455831352791,-0.002871049087682045,0.03342190807383182,-0.002078863975708693,0.4250430690751203,73.59392606574345,0.03360139091043163
ATLAS (C/2025 N1),2463154.5,A.D. 2031-Oct-15 00:00:00.0000,12.5,-7.899214077730408,4.5,73.26862230932393,-4.47800779722121,-0.002871024963168803,0.03342158560693527,-0.00207884058639086,0.4264015216923291,73.82913484515547,0.03360111754225271
ATLAS (C/2025 N1),2463161.5,A.D. 2031-Oct-22 00:00:00.0000,12.5,-7.919311166975699,4.5,73.50257228250486,-4.492559599978458,-0.002871000446646849,0.03342126404250266,-0.002078817375008587,0.4277599632647053,74.06434171221396,0.033600844554574
ATLAS (C/2025 N1),2463168.5,A.D. 2031-Oct-29 00:00:00.0000,12.5,-7.939408082511339,4.5,73.73652000860237,-4.50711124090845,-0.002870975303960566,0.03342094362885627,-0.002078794350653919,0.42911839381199,74.29954667033701,0.03360057217563819
ATLAS (C/2025 N1),2463175.5,A.D. 2031-Nov-05 00:00:00.0000,12.5,-7.959504819540026,4.5,73.9704654966251,-4.521662721324711,-0.00287094944152768,0.03342062463357798,-0.002078771513564905,0.430476813364129,74.53474972470963,0.03360030066726073
ATLAS (C/2025 N1),2463182.5,A.D. 2031-Nov-12 00:00:00.0000,12.5,-7.979601373118023,4.5,74.20440875720264,-4.536214042534045,-0.002870922906515153,0.0334203072276484,-0.002078748863878644,0.4318352219605181,74.76995088215293,0.03360003021033882
ATLAS (C/2025 N1),2463189.5,A.D. 2031-Nov-19 00:00:00.0000,12.5,-7.999697738860638,4.5,74.43834980129694,-4.550765205908452,-0.002870895771021733,0.03341999129936573,-0.002078726426539839,0.4331936196430718,75.00515014992425,0.03359976070927815
ATLAS (C/2025 N1),2463196.5,A.D. 2031-Nov-26 00:00:00.0000,12.5,-8.019793911688199,4.5,74.67228863771412,-4.56531621322764,-0.002870867635598844,0.03341967637749749,-0.002078704302005786,0.4345520064413063,75.2403475331341,0.03359949166587636
ATLAS (C/2025 N1),2463203.5,A.D. 2031-Dec-03 00:00:00.0000,12.5,-8.039889879913662,4.5,74.90622527303523,-4.579867067242807,-0.002870837001512059,0.03341936260011304,-0.002078682643402959,0.4359103823684983,75.47554303408128,0.03359922307279486
ATLAS (C/2025 N1),2463210.5,A.D. 2031-Dec-10 00:00:00.0000,12.5,-8.059985621265074,4.5,75.14015972187232,-4.594417771210356,-0.002870802861515458,0.03341905213531781,-0.002078661393248713,0.4372687474778726,75.71073666198141,0.03359895697738621
ATLAS (C/2025 N1),2463217.5,A.D. 2031-Dec-17 00:00:00.0000,12.5,-8.080081115109849,4.5,75.37409201550456,-4.608968327063192,-0.00287076663383557,0.03341874697904956,-0.002078640284824917,0.4386271019189936,75.9459284427307,0.03359869550170788
ATLAS (C/2025 N1),2463224.5,A.D. 2031-Dec-24 00:00:00.0000,12.5,-8.100176353415705,4.5,75.60802219220635,-4.623518735185748,-0.002870730060783883,0.03341844722198785,-0.002078619175367052,0.4399854458889723,76.18111841045796,0.03359843891834739
ATLAS (C/2025 N1),2463231.5,A.D. 2031-Dec-31 00:00:00.0000,12.5,-8.12027133719016,4.5,75.84195028804548,-4.638068995474668,-0.00287069400199435,0.03341815237194235,-0.002078598047644294,0.4413437795778821,76.41630659807328,0.03359818683460144
ATLAS (C/2025 N1),2463238.5,A.D. 2032-Jan-07 00:00:00.0000,12.5,-8.140366071653379,4.5,76.07587633602883,-4.652619107826983,-0.002870658888357107,0.03341786207559682,-0.002078576908542824,0.4427021031610502,76.6514930359337,0.03359793895117111
ATLAS (C/2025 N1),2463245.5,A.D. 2032-Jan-14 00:00:00.0000,12.5,-8.160460564638118,4.5,76.30980036720143,-4.667169072167912,-0.002870625065823197,0.03341757610746079,-0.002078555757868539,0.4440604168043764,76.88667775276384,0.03359769508595586
ATLAS (C/2025 N1),2463252.5,A.D. 2032-Jan-21 00:00:00.0000,12.5,-8.180554826423542,4.5,76.54372241116903,-4.681718888391203,-0.002870592893790277,0.03341729426734628,-0.002078534587373115,0.4454187206671965,77.12186077615179,0.03359745508271262
ATLAS (C/2025 N1),2463259.5,A.D. 2032-Jan-28 00:00:00.0000,12.5,-8.200648869911582,4.5,76.77764249600816,-4.696268556316464,-0.002870562763005883,0.033417016308048,-0.002078513384919342,0.4467770149018516,77.3570421324747,0.03359721874142675
ATLAS (C/2025 N1),2463266.5,A.D. 2032-Feb-04 00:00:00.0000,12.5,-8.220742710848535,4.5,77.01156064770434,-4.710818075681085,-0.002870535093592249,0.0334167418652901,-0.002078492140493243,0.4481352996505943,77.59222184636276,0.03359698574892852
ATLAS (C/2025 N1),2463273.5,A.D. 2032-Feb-11 00:00:00.0000,12.5,-8.240836367924578,4.5,77.24547688896142,-4.72536744619603,-0.002870510290194336,0.03341647033947099,-0.002078470860262781,0.4494935750388338,77.82739993952997,0.03359675555761539
ATLAS (C/2025 N1),2463280.5,A.D. 2032-Feb-18 00:00:00.0000,12.5,-8.260929861998273,4.5,77.47939123695676,-4.739916667770533,-0.002870488492101999,0.03341620072972639,-0.002078449603478987,0.4508518411618654,78.06257642847612,0.03359652719655857
ATLAS (C/2025 N1),2463287.5,A.D. 2032-Feb-25 00:00:00.0000,12.5,-8.281023212021331,4.5,77.71330370084992,-4.754465741062916,-0.002870468875150491,0.03341593188640333,-0.002078428526393471,0.4522100980682843,78.29775132161531,0.03359629945103257
ATLAS (C/2025 N1),2463294.5,A.D. 2032-Mar-03 00:00:00.0000,12.5,-8.301116427038313,4.5,77.94721428564121,-4.769014667876426,-0.002870449665375991,0.0334156640985112,-0.002078407751877422,0.4535683457773608,78.53292462228397,0.0335960724320176
ATLAS (C/2025 N1),2463301.5,A.D. 2032-Mar-10 00:00:00.0000,12.5,-8.321209507730835,4.5,78.18112300526116,-4.783563449929854,-0.002870430695050061,0.03341539925273822,-0.002078387122699678,0.4549265843545984,78.76809634182375,0.03359584798939743
ATLAS (C/2025 N1),2463308.5,A.D. 2032-Mar-17 00:00:00.0000,12.5,-8.341302461003457,4.5,78.41502988338537,-4.798112087440232,-0.002870413502487906,0.03341513787700514,-0.00207836643471327,0.4562848139248175,79.00326650184664,0.03359562680165495
ATLAS (C/2025 N1),2463315.5,A.D. 2032-Mar-24 00:00:00.0000,12.5,-8.361395303070864,4.5,78.64893494168362,-4.812660579792047,-0.002870398984304871,0.03341487913983623,-0.002078345652935736,0.4576430346068959,79.23843512293566,0.03359540814004593
ATLAS (C/2025 N1),2463322.5,A.D. 2032-Mar-31 00:00:00.0000,12.5,-8.381488053225894,4.5,78.88283819550007,-4.827208926458907,-0.002870387218849811,0.03341462219468778,-0.002078324818609491,0.4590012464855141,79.4736022197528,0.03359519117887823
ATLAS (C/2025 N1),2463329.5,A.D. 2032-Apr-07 00:00:00.0000,12.5,-8.401580730059647,4.5,79.11673965526728,-4.841757127236893,-0.002870377991311937,0.03341436648101039,-0.002078303977184836,0.4603594496170337,79.70876780205676,0.03359497534559285
ATLAS (C/2025 N1),2463336.5,A.D. 2032-Apr-14 00:00:00.0000,12.5,-8.421673350392055,4.5,79.3506393282634,-4.856305182206431,-0.002870371030658372,0.03341411164070159,-0.002078283164148673,0.4617176440389043,79.94393187633173,0.03359476026204247
ATLAS (C/2025 N1),2463343.5,A.D. 2032-Apr-21 00:00:00.0000,12.5,-8.44176592918175,4.5,79.58453721970267,-4.870853091663951,-0.002870366082840445,0.03341385743011327,-0.002078262406204616,0.4630758297758368,80.17909444685631,0.03359454566495482
ATLAS (C/2025 N1),2463350.5,A.D. 2032-Apr-28 00:00:00.0000,12.5,-8.46185847975994,4.5,79.81843333329658,-4.885400856071773,-0.002870362940628039,0.03341360365189276,-0.002078241724759818,0.4644340068431457,80.41425551628207,0.03359433134162661
ATLAS (C/2025 N1),2463357.5,A.D. 2032-May-05 00:00:00.0000,12.5,-8.481951014210871,4.5,80.05232767128938,-4.899948476041799,-0.002870361453238077,0.03341335006435939,-0.002078221143027576,0.4657921752471775,80.64941508570797,0.03359411704139965
ATLAS (C/2025 N1),2463364.5,A.D. 2032-May-12 00:00:00.0000,12.5,-8.502043543585218,4.5,80.2862202336342,-4.914495952408626,-0.002870361445289646,0.03341309622202816,-0.002078200706968029,0.4671503349807444,80.88457315388932,0.03359390231009798
ATLAS (C/2025 N1),2463371.5,A.D. 2032-May-19 00:00:00.0000,12.5,-8.522136076561754,4.5,80.52011101601627,-4.92904328654188,-0.002870362299801605,0.03341284136544588,-0.002078180532867643,0.4685084860110857,81.11972971515391,0.0335936863397717
ATLAS (C/2025 N1),2463378.5,A.D. 2032-May-26 00:00:00.0000,12.5,-8.54222861374414,4.5,80.75400000948875,-4.943590480928882,-0.002870362268094586,0.03341258520071352,-0.002078160807076126,0.4698666282745294,81.35488475847723,0.03359346867014907
ATLAS (C/2025 N1),2463385.5,A.D. 2032-Jun-02 00:00:00.0000,12.5,-8.562321142081714,4.5,80.9878872099022,-4.958137538945882,-0.00287035967790135,0.03341232951322091,-0.002078141543284475,0.4712247617270977,81.59003827624475,0.03359325090287784
ATLAS (C/2025 N1),2463392.5,A.D. 2032-Jun-09 00:00:00.0000,12.5,-8.58241364494164,4.5,81.2217726290302,-4.972684463054335,-0.002870355261441485,0.03341207646687088,-0.002078122507770994,0.4725828864137789,81.82519027624599,0.03359303525288921
ATLAS (C/2025 N1),2463399.5,A.D. 2032-Jun-16 00:00:00.0000,12.5,-8.602506114879944,4.5,81.45565628741448,-4.987231254241076,-0.002870350439118374,0.03341182639373935,-0.002078103556934256,0.4739410024350503,82.06034077587805,0.03359282219416004
ATLAS (C/2025 N1),2463406.5,A.D. 2032-Jun-23 00:00:00.0000,12.5,-8.622598551525577,4.5,81.68953820463273,-5.001777913029898,-0.002870345790328136,0.03341157893994148,-0.002078084683131557,0.4752991098901425,82.29548979232212,0.03359261143947801
ATLAS (C/2025 N1),2463413.5,A.D. 2032-Jun-30 00:00:00.0000,12.5,-8.64269095665427,4.5,81.92341839826844,-5.016324440033634,-0.002870341445275445,0.03341133393364746,-0.002078065906853924,0.4766572088683338,82.53063734103632,0.0335924028368081
ATLAS (C/2025 N1),2463420.5,A.D. 2032-Jul-07 00:00:00.0000,12.5,-8.66278333265666,4.5,82.15729688547877,-5.030870835975472,-0.002870337487858157,0.03341109140481469,-0.002078047237057437,0.4780152994570151,82.76578343715187,0.033592196428782
ATLAS (C/2025 N1),2463427.5,A.D. 2032-Jul-14 00:00:00.0000,12.5,-8.682875682771016,4.5,82.39117368397203,-5.045417101588491,-0.002870334085703108,0.03341085146231949,-0.002078028668069575,0.4793733817473949,83.0009280964611,0.03359199234416613
ATLAS (C/2025 N1),2463434.5,A.D. 2032-Jul-21 00:00:00.0000,12.5,-8.702968011795695,4.5,82.62504881220839,-5.059963237526063,-0.002870331518459649,0.03341061419812229,-0.002078010183594094,0.4807314558360472,83.2360713356852,0.03359179070590734
ATLAS (C/2025 N1),2463441.5,A.D. 2032-Jul-28 00:00:00.0000,12.5,-8.72306032688475,4.5,82.85892228898298,-5.074509244306681,-0.002870330177891728,0.033410379599653,-0.002077991762685908,0.4820895218229765,83.47121317213944,0.03359159154449814
ATLAS (C/2025 N1),2463448.5,A.D. 2032-Aug-04 00:00:00.0000,12.5,-8.743152638239891,4.5,83.09279413228613,-5.089055122319533,-0.002870330529107308,0.03341014742228387,-0.002077973392685606,0.4834475798054979,83.70635362267343,0.03359139466808415
ATLAS (C/2025 N1),2463455.5,A.D. 2032-Aug-11 00:00:00.0000,12.5,-8.763244959055873,4.5,83.32666435703916,-5.103600871983783,-0.002870332896591242,0.03340991700481181,-0.00207795510307696,0.4848056298652719,83.94149270142623,0.03359119945899475
ATLAS (C/2025 N1),2463462.5,A.D. 2032-Aug-18 00:00:00.0000,12.5,-8.783337302512932,4.5,83.56053297214602,-5.118146494229507,-0.002870336806416803,0.03340968739056545,-0.002077937015310822,0.4861636720497506,84.17663041661392,0.03359100492840679
ATLAS (C/2025 N1),2463469.5,A.D. 2032-Aug-25 00:00:00.0000,12.5,-8.80342967424143,4.5,83.79439998257726,-5.132691990979294,-0.00287034072144621,0.03340945875258534,-0.002077919250282675,0.4875217063797532,84.41176677184124,0.03359081109812311
ATLAS (C/2025 N1),2463476.5,A.D. 2032-Sep-01 00:00:00.0000,12.5,-8.8235220718077,4.5,84.02826540166315,-5.147237364150262,-0.002870344379005551,0.03340923304728902,-0.002077901660492412,0.4888797329192959,84.64690177819222,0.03359061987716973
ATLAS (C/2025 N1),2463483.5,A.D. 2032-Sep-08 00:00:00.0000,12.5,-8.84361449905997,4.5,84.26212925422476,-5.161782614042946,-0.002870349511056332,0.03340901113343626,-0.002077883999693586,0.490237751801621,84.88203545873709,0.03359043228675216
ATLAS (C/2025 N1),2463490.5,A.D. 2032-Sep-15 00:00:00.0000,12.5,-8.86370697151524,4.5,84.49599156462169,-5.176327739786677,-0.002870357419726842,0.03340879225836069,-0.002077866187667286,0.4915957631640573,85.11716783725355,0.03359024771327093
ATLAS (C/2025 N1),2463497.5,A.D. 2032-Sep-22 00:00:00.0000,12.5,-8.883799510390064,4.5,84.72985235070502,-5.190872740347862,-0.002870368512307642,0.03340857547645222,-0.002077848237582424,0.4929537671100965,85.35229893166068,0.03359006526376082
ATLAS (C/2025 N1),2463504.5,A.D. 2032-Sep-29 00:00:00.0000,12.5,-8.903892138212516,4.5,84.96371162449087,-5.205417614848912,-0.002870382827046441,0.03340836007091328,-0.002077830174113637,0.4943117637107195,85.5874287542484,0.03358988423455731
ATLAS (C/2025 N1),2463511.5,A.D. 2032-Oct-06 00:00:00.0000,12.5,-8.923984877334247,4.5,85.19756939361896,-5.219962362563222,-0.002870400297677043,0.03340814549129779,-0.002077812015204441,0.4956697530118592,85.82255731296979,0.03358970407580159
ATLAS (C/2025 N1),2463518.5,A.D. 2032-Oct-13 00:00:00.0000,12.5,-8.94407774952543,4.5,85.43142566219872,-5.23450698286753,-0.002870420830605363,0.03340793126794141,-0.002077793772969933,0.4970277350389907,86.05768461223572,0.03358952431460548
ATLAS (C/2025 N1),2463525.5,A.D. 2032-Oct-20 00:00:00.0000,12.5,-8.964170775884298,4.5,85.66528043115406,-5.249051475213494,-0.002870444330287373,0.03340771695034376,-0.002077775457429456,0.4983857097990426,86.29281065324577,0.03358934449675549
ATLAS (C/2025 N1),2463532.5,A.D. 2032-Oct-27 00:00:00.0000,12.5,-8.984263976863762,4.5,85.89913369811327,-5.263595839132905,-0.002870470706558349,0.03340750203066309,-0.002077757083122047,0.499743677279782,86.52793543388198,0.03358916411192769
ATLAS (C/2025 N1),2463539.5,A.D. 2032-Nov-03 00:00:00.0000,12.5,-9.004357372165337,4.5,86.13298545656264,-5.278140074322478,-0.002870499809870324,0.03340728580328865,-0.002077738687542022,0.5011016374449285,86.76305894786253,0.03358898244867816
ATLAS (C/2025 N1),2463546.5,A.D. 2032-Nov-10 00:00:00.0000,12.5,-9.024450979341532,4.5,86.3668356938889,-5.292684180944887,-0.002870531073442566,0.03340706723124272,-0.002077720375863251,0.5024595902221972,86.99818118267166,0.03358879842743421
ATLAS (C/2025 N1),2463553.5,A.D. 2032-Nov-17 00:00:00.0000,12.5,-9.04454480831182,4.5,86.60068439034916,-5.307228160235529,-0.002870562786501584,0.03340684554633502,-0.002077702339470361,0.5038175354943223,87.23330211800548,0.03358861112220503
ATLAS (C/2025 N1),2463560.5,A.D. 2032-Nov-24 00:00:00.0000,12.5,-9.064638854374548,4.5,86.83453152699649,-5.321772014521595,-0.002870592899129698,0.03340662195631691,-0.002077684643503039,0.5051754731403341,87.46842173291873,0.03358842152618725
ATLAS (C/2025 N1),2463567.5,A.D. 2032-Dec-01 00:00:00.0000,12.5,-9.08473310550082,4.5,87.06837709829108,-5.336315745554386,-0.002870621584776997,0.03340639852028238,-0.002077667084579717,0.506533403111663,87.70354001900182,0.03358823169217062
ATLAS (C/2025 N1),2463574.5,A.D. 2032-Dec-08 00:00:00.0000,12.5,-9.10482755604261,4.5,87.30222110746264,-5.350859353668379,-0.002870650008776399,0.03340617556806925,-0.002077649515329739,0.5078913254134616,87.9386569771469,0.0335880420622332
ATLAS (C/2025 N1),2463581.5,A.D. 2032-Dec-15 00:00:00.0000,12.5,-9.124922205788112,4.5,87.53606355617322,-5.365402838754211,-0.002870678485325583,0.03340595259635718,-0.002077631940713964,0.5092492400451021,88.17377260724525,0.03358785217221043
ATLAS (C/2025 N1),2463588.5,A.D. 2032-Dec-22 00:00:00.0000,12.5,-9.145017054363809,4.5,87.76990444305086,-5.379946200936621,-0.002870706756529049,0.03340572930895017,-0.002077614407811556,0.5106071469886524,88.40888690619205,0.03358766170684427
ATLAS (C/2025 N1),2463595.5,A.D. 2032-Dec-29 00:00:00.0000,12.5,-9.165112099031958,4.5,88.00374376575677,-5.394489440654477,-0.002870734452630501,0.03340550570972105,-0.00207759695622814,0.5119650462194406,88.64399986971553,0.03358747063678267
ATLAS (C/2025 N1),2463602.5,A.D. 2033-Jan-05 00:00:00.0000,12.5,-9.185207334629965,4.5,88.2375815226978,-5.409032558573927,-0.00287076126529229,0.03340528198958584,-0.002077579611433259,0.51332293771581,88.87911149406588,0.03358727912390648
ATLAS (C/2025 N1),2463609.5,A.D. 2033-Jan-12 00:00:00.0000,12.5,-9.205302754227679,4.5,88.47141771398881,-5.423575555496313,-0.002870787003460166,0.03340505843172895,-0.002077562387128074,0.5146808214649973,89.11422177703322,0.03358708743313834
ATLAS (C/2025 N1),2463616.5,A.D. 2033-Jan-19 00:00:00.0000,12.5,-9.225398350045431,4.5,88.70525234180371,-5.438118432289275,-0.002870811618128874,0.03340483532530689,-0.002077545289509559,0.5160386974656708,89.34933071838702,0.03358689584955289
ATLAS (C/2025 N1),2463623.5,A.D. 2033-Jan-26 00:00:00.0000,12.5,-9.245494114457273,4.5,88.93908541001844,-5.452661189863448,-0.002870835194967297,0.0334046128406572,-0.002077528327363944,0.5173965657264735,89.5844383196237,0.0335867045542978
ATLAS (C/2025 N1),2463630.5,A.D. 2033-Feb-02 00:00:00.0000,12.5,-9.265590040549041,4.5,89.17291692272782,-5.467203829275589,-0.002870857800070005,0.03340439083571468,-0.002077511540997755,0.518754426257885,89.8195445825578,0.0335865134182144
ATLAS (C/2025 N1),2463637.5,A.D. 2033-Feb-09 00:00:00.0000,12.5,-9.285686120266629,4.5,89.40674688174241,-5.481746352128025,-0.002870878902555025,0.03340416886562611,-0.002077495053146735,0.5201122790569048,90.05464950666976,0.03358632195495441
ATLAS (C/2025 N1),2463644.5,A.D. 2033-Feb-16 00:00:00.0000,12.5,-9.305782337908308,4.5,89.64057528780364,-5.496288761081838,-0.002870896918639828,0.03340394740025622,-0.002077479009854293,0.5214701241103264,90.289753089673,0.03358613047931819
ATLAS (C/2025 N1),2463651.5,A.D. 2033-Feb-23 00:00:00.0000,12.5,-9.32587866830343,4.5,89.87440215228962,-5.510831059072452,-0.002870911257531269,0.03340372887072376,-0.00207746330581379,0.5228279614605075,90.52485533890146,0.03358594134059772
ATLAS (C/2025 N1),2463658.5,A.D. 2033-Mar-02 00:00:00.0000,12.5,-9.345975090987961,4.5,90.10822750301972,-5.525373247529963,-0.002870923638859764,0.03340351499603201,-0.002077447680528596,0.524185791246471,90.75995627842626,0.03358575640964253
ATLAS (C/2025 N1),2463665.5,A.D. 2033-Mar-09 00:00:00.0000,12.5,-9.366071598639477,4.5,90.34205137293584,-5.539915326514865,-0.002870935727992252,0.03340330570186163,-0.002077432022059626,0.5255436136440595,90.99505593869358,0.03358557577990548
ATLAS (C/2025 N1),2463672.5,A.D. 2033-Mar-16 00:00:00.0000,12.5,-9.386168192439294,4.5,90.57587379244596,-5.554457295743594,-0.002870948347299004,0.03340310052887246,-0.002077416322937678,0.5269014288196187,91.23015434850528,0.03358539908181719
ATLAS (C/2025 N1),2463679.5,A.D. 2033-Mar-23 00:00:00.0000,12.5,-9.406264877866638,4.5,90.80969478923006,-5.56899915495589,-0.002870961979243881,0.03340289916904416,-0.002077400589101366,0.5282592369265032,91.46525153441391,0.03358522606168957
ATLAS (C/2025 N1),2463686.5,A.D. 2033-Mar-30 00:00:00.0000,12.5,-9.426361663515646,4.5,91.04351438921789,-5.583540903902527,-0.002870977055099753,0.03340270141122816,-0.002077384817050236,0.5296170381099695,91.70034752156981,0.03358505655603593
ATLAS (C/2025 N1),2463693.5,A.D. 2033-Apr-06 00:00:00.0000,12.5,-9.446458561063496,4.5,91.27733261689703,-5.598082542277659,-0.002870994028689221,0.03340250704087924,-0.00207736899474994,0.5309748325088943,91.9354423340188,0.03358489039966814
ATLAS (C/2025 N1),2463700.5,A.D. 2033-Apr-13 00:00:00.0000,12.5,-9.466555585477376,4.5,91.5111494950336,-5.612624069674354,-0.002871013386108073,0.0334023157701506,-0.002077353106230081,0.5323326202542756,92.17053599444245,0.03358472735756577
ATLAS (C/2025 N1),2463707.5,A.D. 2033-Apr-20 00:00:00.0000,12.5,-9.48665275522273,4.5,91.74496504391587,-5.627165485578731,-0.002871035637435723,0.03340212716341327,-0.002077337138489343,0.5336904014650106,92.40562852342713,0.03358456705048907
ATLAS (C/2025 N1),2463714.5,A.D. 2033-Apr-27 00:00:00.0000,12.5,-9.506750092270192,4.5,91.97877927991014,-5.64170678943981,-0.002871061251712569,0.03340194050756501,-0.002077321098371256,0.5350481762396383,92.64071993803437,0.03358440882056239
ATLAS (C/2025 N1),2463721.5,A.D. 2033-May-04 00:00:00.0000,12.5,-9.526847620944576,4.5,92.21259221292854,-5.656247980937642,-0.002871090340798127,0.03340175466044134,-0.002077305054463974,0.5364059446412254,92.87581024918389,0.03358425155090181
ATLAS (C/2025 N1),2463728.5,A.D. 2033-May-11 00:00:00.0000,12.5,-9.546945362950192,4.5,92.44640384423676,-5.670789060578443,-0.002871121919765359,0.03340156848463299,-0.002077289170151078,0.537763706682055,93.11089945900237,0.03358409402261547
ATLAS (C/2025 N1),2463735.5,A.D. 2033-May-18 00:00:00.0000,12.5,-9.567043329530234,4.5,92.68021417213949,-5.685330029913852,-0.002871154321429364,0.03340138255124905,-0.002077273527149412,0.5391214623516656,93.34598756567844,0.03358393663844109
ATLAS (C/2025 N1),2463742.5,A.D. 2033-May-25 00:00:00.0000,12.5,-9.587141525934655,4.5,92.91402320479199,-5.699870890055078,-0.00287118783447046,0.03340119860861336,-0.00207725792790383,0.5404792116924496,93.5810745765522,0.03358378115362055
ATLAS (C/2025 N1),2463749.5,A.D. 2033-Jun-01 00:00:00.0000,12.5,-9.60723996557084,4.5,93.14783095760087,-5.714411640565093,-0.002871224031052648,0.03340101674931123,-0.00207724218971371,0.5418369547927364,93.81616050691733,0.03358362781170243
ATLAS (C/2025 N1),2463756.5,A.D. 2033-Jun-08 00:00:00.0000,12.5,-9.627338670394497,4.5,93.38163744176256,-5.728952280343281,-0.002871263642822318,0.03340083596091168,-0.002077226295431901,0.5431946917215992,94.05124536873349,0.03358347568279114
ATLAS (C/2025 N1),2463763.5,A.D. 2033-Jun-15 00:00:00.0000,12.5,-9.647437664533697,4.5,93.61544266138891,-5.743492808435602,-0.002871306660510062,0.03340065532606788,-0.002077210287184065,0.544552422508877,94.28632916716724,0.03358332385902278
ATLAS (C/2025 N1),2463770.5,A.D. 2033-Jun-22 00:00:00.0000,12.5,-9.667536970986452,4.5,93.84924661518274,-5.758033224197368,-0.002871352824620383,0.03340047420664159,-0.002077194207246895,0.5459101471528861,94.52141190192697,0.03358317168414668
ATLAS (C/2025 N1),2463777.5,A.D. 2033-Jun-29 00:00:00.0000,12.5,-9.687636610687917,4.5,94.08304929808851,-5.772573527247199,-0.002871401821697333,0.03340029215061979,-0.002077178088554603,0.5472678656293184,94.75649356880388,0.03358301868065557
ATLAS (C/2025 N1),2463784.5,A.D. 2033-Jul-06 00:00:00.0000,12.5,-9.707736602381797,4.5,94.31685070229251,-5.787113717406604,-0.002871453344888357,0.03340010881075333,-0.002077161956651068,0.5486255778968814,94.99157416064836,0.0335828644753263
ATLAS (C/2025 N1),2463791.5,A.D. 2033-Jul-13 00:00:00.0000,12.5,-9.727836962768283,4.5,94.5506508177261,-5.801653794660506,-0.00287150712042328,0.033399923877993,-0.002077145833508964,0.5499832839002582,95.22665366788266,0.03358270873606559
ATLAS (C/2025 N1),2463798.5,A.D. 2033-Jul-20 00:00:00.0000,12.5,-9.74793770677026,4.5,94.78444963202627,-5.816193759156842,-0.002871562910204557,0.03339973698426704,-0.002077129745977497,0.5513409835700412,95.4617320784892,0.03358255107614825
ATLAS (C/2025 N1),2463805.5,A.D. 2033-Jul-27 00:00:00.0000,12.5,-9.768038847510667,4.5,95.018247129573,-5.830733611312875,-0.002871620397354314,0.03339954753480669,-0.002077113750636338,0.5526986768172363,95.69680937705907,0.03358239087755428
ATLAS (C/2025 N1),2463812.5,A.D. 2033-Aug-03 00:00:00.0000,12.5,-9.788140394321305,4.5,95.2520432894899,-5.845273352191069,-0.002871678686934019,0.03339935466403429,-0.002077097983726156,0.5540563635207564,95.93188554262673,0.03358222719929104
ATLAS (C/2025 N1),2463819.5,A.D. 2033-Aug-10 00:00:00.0000,12.5,-9.808242346175515,4.5,95.48583808641557,-5.859812984071349,-0.002871735720787853,0.03339915826771811,-0.002077082630848211,0.5554140435281821,96.16696054880164,0.03358205974086006
ATLAS (C/2025 N1),2463826.5,A.D. 2033-Aug-17 00:00:00.0000,12.5,-9.82834468767525,4.5,95.71963150178549,-5.874352509932384,-0.002871789978715697,0.0333989603784846,-0.002077067658778406,0.5567717167179246,96.40203437453125,0.03358189036540335
ATLAS (C/2025 N1),2463833.5,A.D. 2033-Aug-24 00:00:00.0000,12.5,-9.84844740144873,4.5,95.95342353277842,-5.888891931619847,-0.002871842332802672,0.03339876287023711,-0.002077052833089271,0.5581293830571984,96.637107014139,0.03358172101027478
ATLAS (C/2025 N1),2463840.5,A.D. 2033-Aug-31 00:00:00.0000,12.5,-9.868550478593171,4.5,96.18721418311299,-5.903431249676931,-0.002871893906714721,0.03339856584508106,-0.002077038046105905,0.5594870425553309,96.87217846923984,0.03358155188672995
ATLAS (C/2025 N1),2463847.5,A.D. 2033-Sep-07 00:00:00.0000,12.5,-9.888653914983673,4.5,96.4210034549519,-5.917970464378199,-0.002871944973613393,0.03339836897727756,-0.002077023307702295,0.560844695215518,97.10724874038715,0.03358138270152977
ATLAS (C/2025 N1),2463854.5,A.D. 2033-Sep-14 00:00:00.0000,12.5,-9.908757706836266,4.5,96.65479134896457,-5.932509576161333,-0.00287199544659763,0.03339817218931662,-0.002077008644428883,0.5622023410327204,97.3423178267084,0.03358121337220312
ATLAS (C/2025 N1),2463861.5,A.D. 2033-Sep-21 00:00:00.0000,12.5,-9.928861849624296,4.5,96.88857786609755,-5.947048585606617,-0.002872045232530412,0.03339797561648997,-0.002076994069113378,0.5635599800031714,97.57738572755133,0.03358104402610382
ATLAS (C/2025 N1),2463868.5,A.D. 2033-Sep-28 00:00:00.0000,12.5,-9.948966338501968,4.5,97.12236300862641,-5.961587493330294,-0.002872094341558012,0.03339777948542676,-0.002076979579735214,0.5649176121306194,97.81245244356509,0.03358087489087774
ATLAS (C/2025 N1),2463875.5,A.D. 2033-Oct-05 00:00:00.0000,12.5,-9.96907116914385,4.5,97.3561467804544,-5.976126299893976,-0.002872142914154844,0.03339758402028548,-0.002076965163494522,0.566275237428503,98.04751797707641,0.03358070620429113
ATLAS (C/2025 N1),2463882.5,A.D. 2033-Oct-12 00:00:00.0000,12.5,-9.989176338676867,4.5,97.58992918678,-5.990665005749052,-0.002872191223110372,0.03339738934878337,-0.002076950803160611,0.5676328559185697,98.28258233185076,0.03358053812148086
ATLAS (C/2025 N1),2463889.5,A.D. 2033-Oct-19 00:00:00.0000,12.5,-10.0092818464925,4.5,97.82371023296324,-6.005203611249776,-0.00287223962476806,0.03339719535902604,-0.00207693649213463,0.5689904676248533,98.5176455120495,0.03358037056872489
ATLAS (C/2025 N1),2463896.5,A.D. 2033-Oct-26 00:00:00.0000,12.5,-10.02938769411398,4.5,98.05748992217517,-6.019742116844802,-0.002872288292054293,0.03339700151428939,-0.002076922273075203,0.5703480725601814,98.75270751989358,0.03358020303474911
ATLAS (C/2025 N1),2463903.5,A.D. 2033-Nov-02 00:00:00.0000,12.5,-10.04949388161154,4.5,98.29126825275817,-6.034280523602892,-0.002872336496835913,0.03339680711831516,-0.002076908281203267,0.5717056707091146,98.98776835270986,0.03358003476398604
ATLAS (C/2025 N1),2463910.5,A.D. 2033-Nov-09 00:00:00.0000,12.5,-10.06960040017576,4.5,98.5250452221091,-6.048818833552392,-0.002872382680056286,0.03339661291641585,-0.0020768946064119,0.5730632620459859,99.22282800605414,0.03357986634534311
ATLAS (C/2025 N1),2463917.5,A.D. 2033-Nov-16 00:00:00.0000,12.5,-10.08970723468086,4.5,98.75882083937812,-6.063357048381145,-0.002872427023230778,0.03339642111939682,-0.002076881055162339,0.5744208466087777,99.45788648650297,0.03357969998248467
ATLAS (C/2025 N1),2463924.5,A.D. 2033-Nov-23 00:00:00.0000,12.5,-10.1098143786339,4.5,98.99259512517692,-6.077895168060687,-0.002872471386334828,0.03339623244539962,-0.002076867397859107,0.5757784245057295,99.69294381279735,0.0335795365648531
ATLAS (C/2025 N1),2463931.5,A.D. 2033-Nov-30 00:00:00.0000,12.5,-10.12992183701365,4.5,99.22636809933272,-6.092433191558133,-0.002872516976051013,0.03339604622573893,-0.002076853574146236,0.5771359958470091,99.92800000401229,0.03357937554854293
ATLAS (C/2025 N1),2463938.5,A.D. 2033-Dec-07 00:00:00.0000,12.5,-10.15002962015715,4.5,99.4601397763291,-6.106971117742332,-0.002872564211595213,0.03339586172475067,-0.002076839597660409,0.578493560715295,100.1630550744631,0.03357921624761584
ATLAS (C/2025 N1),2463945.5,A.D. 2033-Dec-14 00:00:00.0000,12.5,-10.17013774014247,4.5,99.69391016625592,-6.121508945613753,-0.002872613231147247,0.03339567841787677,-0.002076825487347407,0.5798511191691815,100.3981090342951,0.0335790581575155
ATLAS (C/2025 N1),2463952.5,A.D. 2033-Dec-21 00:00:00.0000,12.5,-10.19024620972764,4.5,99.9276792760366,-6.136046674280915,-0.002872664108235875,0.03339549590835392,-0.002076811255021166,0.5812086712495856,100.6331618905928,0.03357890089355644
ATLAS (C/2025 N1),2463959.5,A.D. 2033-Dec-28 00:00:00.0000,12.5,-10.21035504214946,4.5,100.1614471100138,-6.150584302915072,-0.002872716910795824,0.03339531384445565,-0.002076796907374061,0.5825662169829705,100.8682136479382,0.03357874411486258
ATLAS (C/2025 N1),2463966.5,A.D. 2034-Jan-04 00:00:00.0000,12.5,-10.2304642511585,4.5,100.3952136700444,-6.16512183072792,-0.002872771719576367,0.03339513185691061,-0.002076782450093884,0.5839237563819017,101.103264308507,0.03357858746433973
ATLAS (C/2025 N1),2463973.5,A.D. 2034-Jan-11 00:00:00.0000,12.5,-10.25057385112288,4.5,100.6289789551065,-6.179659256987811,-0.002872828626510851,0.03339494947356409,-0.002076767895681998,0.5852812894428587,101.3383138716895,0.03357843048424335
ATLAS (C/2025 N1),2463980.5,A.D. 2034-Jan-18 00:00:00.0000,12.5,-10.27068385687609,4.5,100.8627429600852,-6.194196581131291,-0.002872887638564917,0.03339476596597287,-0.002076753285483355,0.5866388161392204,101.5733623328765,0.03357827245546453
ATLAS (C/2025 N1),2463987.5,A.D. 2034-Jan-25 00:00:00.0000,12.5,-10.29079428187656,4.5,101.096505673481,-6.208733803122232,-0.002872948237073028,0.03339458025891703,-0.002076738738135663,0.5879963364071701,101.8084096810185,0.03357811226610681
ATLAS (C/2025 N1),2463994.5,A.D. 2034-Feb-01 00:00:00.0000,12.5,-10.31090513189141,4.5,101.3302670769992,-6.223270924071976,-0.002873008694088272,0.03339439176688175,-0.00207672444450027,0.5893538501398795,102.0434558976187,0.03357794917285472
ATLAS (C/2025 N1),2464001.5,A.D. 2034-Feb-08 00:00:00.0000,12.5,-10.33101639917224,4.5,101.5640271551904,-6.237807945996964,-0.002873067366933067,0.03339420198821328,-0.00207671041923522,0.5907113572393153,102.2785009657032,0.03357778449986051
ATLAS (C/2025 N1),2464008.5,A.D. 2034-Feb-15 00:00:00.0000,12.5,-10.35112807246636,4.5,101.7977859061682,-6.25234487004028,-0.002873124948845707,0.03339401269989917,-0.002076696442506449,0.592068857682939,102.5135448813696,0.0335776200697982
ATLAS (C/2025 N1),2464015.5,A.D. 2034-Feb-22 00:00:00.0000,12.5,-10.37124014884544,4.5,102.0315433340814,-6.266881696021339,-0.0028731826589819,0.03339382386623691,-0.002076682397385455,0.5934263514872704,102.7485876474781,0.03357745596453206
ATLAS (C/2025 N1),2464022.5,A.D. 2034-Mar-01 00:00:00.0000,12.5,-10.39135263071801,4.5,102.2652994398407,-6.281418423490226,-0.002873240793627374,0.0333936348489355,-0.002076668304238969,0.5947838386533262,102.9836292642048,0.03357729158257842
ATLAS (C/2025 N1),2464029.5,A.D. 2034-Mar-08 00:00:00.0000,12.5,-10.4114655204719,4.5,102.4990542206033,-6.295955052286299,-0.002873299147094945,0.03339344525658836,-0.002076654213086174,0.596141319160734,103.2186697280224,0.03357712651872706
ATLAS (C/2025 N1),2464036.5,A.D. 2034-Mar-15 00:00:00.0000,12.5,-10.43157881857689,4.5,102.7328076717991,-6.310491582574432,-0.002873357416403807,0.03339325496929958,-0.002076640164778236,0.5974987929782598,103.4537090335228,0.033576960627036
ATLAS (C/2025 N1),2464043.5,A.D. 2034-Mar-22 00:00:00.0000,12.5,-10.45169252349308,4.5,102.9665597886464,-6.325028014758866,-0.002873415342303772,0.03339306403015836,-0.002076626187124226,0.598856260072418,103.6887471749082,0.03357679392706263
ATLAS (C/2025 N1),2464050.5,A.D. 2034-Mar-29 00:00:00.0000,12.5,-10.47180663216547,4.5,103.2003105669835,-6.339564349400204,-0.002873472756201092,0.0333928725605868,-0.0020766122975536,0.6002137204125012,103.9237841468617,0.03357662652468438
ATLAS (C/2025 N1),2464057.5,A.D. 2034-Apr-05 00:00:00.0000,12.5,-10.49192114074668,4.5,103.4340600035398,-6.354100587157014,-0.002873529602482951,0.03339268067770269,-0.002076598507698281,0.6015711739725356,104.1588199448862,0.03357645853254652
ATLAS (C/2025 N1),2464064.5,A.D. 2034-Apr-12 00:00:00.0000,12.5,-10.51203604537339,4.5,103.6678080954936,-6.368636728779179,-0.002873585921617056,0.03339248836447905,-0.002076584835231995,0.6029286207291962,104.3938545649431,0.03357628994012163
ATLAS (C/2025 N1),2464071.5,A.D. 2034-Apr-19 00:00:00.0000,12.5,-10.53215134232802,4.5,103.9015548388708,-6.383172775249543,-0.002873641650517365,0.03339229527898926,-0.002076571337232572,0.6042860606527625,104.6288880018863,0.03357612040620071
ATLAS (C/2025 N1),2464078.5,A.D. 2034-Apr-26 00:00:00.0000,12.5,-10.55226702531515,4.5,104.1353002262601,-6.397708728241224,-0.002873695973982784,0.03339210088813354,-0.002076558157971509,0.605643493692596,104.8639202469481,0.03357594932936734
ATLAS (C/2025 N1),2464085.5,A.D. 2034-May-03 00:00:00.0000,12.5,-10.57238307844603,4.5,104.3690442497357,-6.412244590537169,-0.002873747133756739,0.03339190591348101,-0.002076545427301709,0.607000919789973,105.0989512899609,0.03357577725855066
ATLAS (C/2025 N1),2464092.5,A.D. 2034-May-10 00:00:00.0000,12.5,-10.59249947691377,4.5,104.6027869136668,-6.426780364928901,-0.002873794835477561,0.03339171285573922,-0.002076532995974151,0.6083583389515681,105.3339811320803,0.03357560663992915
ATLAS (C/2025 N1),2464099.5,A.D. 2034-May-17 00:00:00.0000,12.5,-10.61261620223645,4.5,104.8365282374568,-6.441316052594763,-0.002873840834405823,0.03339152305822047,-0.002076520620732726,0.6097157512734505,105.5690097899401,0.03357543897065444
ATLAS (C/2025 N1),2464106.5,A.D. 2034-May-24 00:00:00.0000,12.5,-10.63273324792116,4.5,105.0702682435466,-6.455851653551806,-0.002873886517119736,0.03339133628827855,-0.002076508219019668,0.6110731568757204,105.8040372843351,0.0335752741553139
ATLAS (C/2025 N1),2464113.5,A.D. 2034-May-31 00:00:00.0000,12.5,-10.65285061419022,4.5,105.3040069515451,-6.470387167601547,-0.002873932499018638,0.03339115211933161,-0.002076495791710975,0.6124305558661037,106.0390636339174,0.03357511183328663
ATLAS (C/2025 N1),2464120.5,A.D. 2034-Jun-07 00:00:00.0000,12.5,-10.67296830444404,4.5,105.5377443786978,-6.484922594590127,-0.002873979139643605,0.03339097030207934,-0.002076483344420429,0.6137879483406756,106.2740888553219,0.03357495179448372
ATLAS (C/2025 N1),2464127.5,A.D. 2034-Jun-14 00:00:00.0000,12.5,-10.69308632448498,4.5,105.7714805408942,-6.499457934364135,-0.002874026784601613,0.03339079067869036,-0.002076470871410023,0.6151453343891664,106.509112964085,0.03357479391748663
ATLAS (C/2025 N1),2464134.5,A.D. 2034-Jun-21 00:00:00.0000,12.5,-10.71320468267508,4.5,106.0052154529369,-6.513993186695539,-0.00287407582262722,0.03339061308296904,-0.002076458357826773,0.616502714096569,106.7441359749226,0.03357463807627262
ATLAS (C/2025 N1),2464141.5,A.D. 2034-Jun-28 00:00:00.0000,12.5,-10.73332339026963,4.5,106.2389491282235,-6.52852835123451,-0.002874126691102236,0.03339043726819348,-0.002076445784666991,0.6178600875414868,106.9791579014447,0.03357448406940064
ATLAS (C/2025 N1),2464148.5,A.D. 2034-Jul-05 00:00:00.0000,12.5,-10.75344246172568,4.5,106.4726815779105,-6.54306342750486,-0.002874179862459122,0.03339026282292532,-0.002076433136748162,0.6192174547915129,107.2141787553545,0.03357433153551639
ATLAS (C/2025 N1),2464155.5,A.D. 2034-Jul-12 00:00:00.0000,12.5,-10.77356191472132,4.5,106.7064128092961,-6.557598414989762,-0.002874235754804908,0.03339008902589904,-0.002076420422870795,0.6205748158939927,107.4491985448497,0.03357417980150598
ATLAS (C/2025 N1),2464162.5,A.D. 2034-Jul-19 00:00:00.0000,12.5,-10.79368176868158,4.5,106.9401428230912,-6.572133313446662,-0.002874294340712779,0.03338991472013709,-0.002076407722322567,0.6219321708596232,107.6842172717823,0.03357402772111737
ATLAS (C/2025 N1),2464169.5,A.D. 2034-Jul-26 00:00:00.0000,12.5,-10.81380203901048,4.5,107.1738716117972,-6.586668123528792,-0.002874354406679256,0.03338973895943628,-0.002076395200484333,0.623289519650031,107.9192349295084,0.03357387424382124
ATLAS (C/2025 N1),2464176.5,A.D. 2034-Aug-02 00:00:00.0000,12.5,-10.83392273003613,4.5,107.4075991673113,-6.601202846774797,-0.002874414431826303,0.03338956271224311,-0.00207638288969414,0.6246468622173074,108.1542515097325,0.03357372018179614
ATLAS (C/2025 N1),2464183.5,A.D. 2034-Aug-09 00:00:00.0000,12.5,-10.85404384249063,4.5,107.6413254926493,-6.61573748393431,-0.002874475094751909,0.03338938761388684,-0.002076370562187113,0.6260041985749938,108.3892670147995,0.03357356721409636
ATLAS (C/2025 N1),2464190.5,A.D. 2034-Aug-16 00:00:00.0000,12.5,-10.87416538648227,4.5,107.8750505961974,-6.630272034223973,-0.00287453790979333,0.03338921347472739,-0.002076358059716464,0.6273615287723547,108.6242814532392,0.03357341529518473
ATLAS (C/2025 N1),2464197.5,A.D. 2034-Aug-23 00:00:00.0000,12.5,-10.89428737961543,4.5,108.1087744810901,-6.644806496350399,-0.002874603442050231,0.03338903925702207,-0.002076345378333133,0.6287188528327151,108.8592948290902,0.03357326345145267
ATLAS (C/2025 N1),2464204.5,A.D. 2034-Aug-30 00:00:00.0000,12.5,-10.91440984083008,4.5,108.3424971435672,-6.6593408691982,-0.002874671608254477,0.03338886409329583,-0.002076332558537059,0.6300761707407142,109.0943071396929,0.0335731108161339
ATLAS (C/2025 N1),2464211.5,A.D. 2034-Sep-06 00:00:00.0000,12.5,-10.93453278760389,4.5,108.5762185747666,-6.673875151935838,-0.002874742118812582,0.0333886873793788,-0.002076319638122832,0.6314334824510072,109.329318377196,0.03357295676315115
ATLAS (C/2025 N1),2464218.5,A.D. 2034-Sep-13 00:00:00.0000,12.5,-10.9546562351805,4.5,108.8099387622342,-6.688409343965799,-0.002874814638305775,0.03338850867806943,-0.002076306646313589,0.6327907878964635,109.5643285299763,0.03357280082717175
ATLAS (C/2025 N1),2464225.5,A.D. 2034-Sep-20 00:00:00.0000,12.5,-10.97478019645234,4.5,109.0436576908142,-6.702943444871901,-0.00287488883540761,0.03338832764407127,-0.002076293606280754,0.634148086993187,109.7993375835076,0.03357264263421415
ATLAS (C/2025 N1),2464232.5,A.D. 2034-Sep-27 00:00:00.0000,12.5,-10.99490468207815,4.5,109.2773753430677,-6.717477454390556,-0.002874964405882654,0.03338814395774233,-0.002076280539383297,0.6355053796429774,110.034345520787,0.03357248183840981
ATLAS (C/2025 N1),2464239.5,A.D. 2034-Oct-04 00:00:00.0000,12.5,-11.01502970068297,4.5,109.5110916991223,-6.732011372427248,-0.002875041065764152,0.03338795721982499,-0.0020762674752934,0.6368626657325903,110.2693523222068,0.03357231801738843
ATLAS (C/2025 N1),2464246.5,A.D. 2034-Oct-11 00:00:00.0000,12.5,-11.03515525861287,4.5,109.7448067355329,-6.746545199200675,-0.002875118395450055,0.03338776677875373,-0.002076254481242976,0.6382199451271143,110.504357964408,0.03357215048698541
ATLAS (C/2025 N1),2464253.5,A.D. 2034-Oct-18 00:00:00.0000,12.5,-11.05528135725209,4.5,109.9785204233213,-6.761078935683313,-0.002875195258793599,0.03338757178121548,-0.00207624171191644,0.6395772176573334,110.7393624180917,0.03357197829653538
ATLAS (C/2025 N1),2464260.5,A.D. 2034-Oct-25 00:00:00.0000,12.5,-11.07540798581402,4.5,110.2122327301383,-6.775612584124804,-0.002875269404983609,0.03338737245388362,-0.002076229341839152,0.6409344831281656,110.9743656494803,0.0335718014580793
ATLAS (C/2025 N1),2464267.5,A.D. 2034-Nov-01 00:00:00.0000,12.5,-11.09553511949229,4.5,110.4459436329926,-6.790146147224281,-0.002875339610849871,0.03338717107922968,-0.002076217289686118,0.6422917413903231,111.2093676327256,0.03357162211257861
ATLAS (C/2025 N1),2464274.5,A.D. 2034-Nov-08 00:00:00.0000,12.5,-11.11566273359051,4.5,110.6796531243774,-6.804679626380129,-0.002875406892487197,0.03338696926802532,-0.002076205330437229,0.643648992382991,111.4443683572979,0.03357144194864312
ATLAS (C/2025 N1),2464281.5,A.D. 2034-Nov-15 00:00:00.0000,12.5,-11.13579081131603,4.5,110.9133612017019,-6.819213021886821,-0.002875472142173755,0.03338676700963567,-0.002076193389792356,0.6450062360777653,111.679367818279,0.03357126104130558
ATLAS (C/2025 N1),2464288.5,A.D. 2034-Nov-22 00:00:00.0000,12.5,-11.15591933905229,4.5,111.1470678609275,-6.833746333936043,-0.002875535443685362,0.03338656408329931,-0.002076181491459562,0.6463634724397731,111.914366009631,0.03357107918217164
ATLAS (C/2025 N1),2464295.5,A.D. 2034-Nov-29 00:00:00.0000,12.5,-11.17604830253776,4.5,111.3807730974482,-6.84827956294075,-0.002875596608574906,0.03338636055547645,-0.002076169666922301,0.6477207014306374,112.149362924709,0.03357089642142624
ATLAS (C/2025 N1),2464302.5,A.D. 2034-Dec-06 00:00:00.0000,12.5,-11.19617768621546,4.5,111.6144769079461,-6.862812709484992,-0.002875655482082073,0.03338615670577702,-0.002076157932762304,0.6490779230187252,112.3843585580361,0.03357071302340794
ATLAS (C/2025 N1),2464309.5,A.D. 2034-Dec-13 00:00:00.0000,12.5,-11.21630747386294,4.5,111.8481792914502,-6.877345774215641,-0.002875712036202872,0.03338595290804502,-0.002076146290906558,0.6504351371855491,112.6193529064111,0.03357052935778741
ATLAS (C/2025 N1),2464316.5,A.D. 2034-Dec-20 00:00:00.0000,12.5,-11.23643764959036,4.5,112.0818802496611,-6.891878757753184,-0.00287576639628956,0.03338574953675288,-0.002076134732678011,0.6517923439281685,112.8543459693249,0.03357034580947695
ATLAS (C/2025 N1),2464323.5,A.D. 2034-Dec-27 00:00:00.0000,12.5,-11.2565681989386,4.5,112.3155797866149,-6.90641166063842,-0.002875818843591056,0.0333855468642541,-0.00207612324563124,0.6531495432578774,113.0893377487331,0.03357016267722958
ATLAS (C/2025 N1),2464330.5,A.D. 2035-Jan-03 00:00:00.0000,12.5,-11.27669910982081,4.5,112.5492779074515,-6.920944483357092,-0.002875869751342438,0.03338534490019671,-0.002076111831113456,0.6545067351936852,113.3243282479269,0.03356998000883585
ATLAS (C/2025 N1),2464337.5,A.D. 2035-Jan-10 00:00:00.0000,12.5,-11.2968303722617,4.5,112.78297461589,-6.935477226570431,-0.002875919254073595,0.03338514321570882,-0.002076100547515684,0.6558639197477668,113.5593174690145,0.03356979739623984
ATLAS (C/2025 N1),2464344.5,A.D. 2035-Jan-17 00:00:00.0000,12.5,-11.31696197419024,4.5,113.0166699119834,-6.950009891674757,-0.002875966497136854,0.03338494138847046,-0.002076089541335351,0.657221096910359,113.7943054103054,0.03356961434487702
ATLAS (C/2025 N1),2464351.5,A.D. 2035-Jan-24 00:00:00.0000,12.5,-11.33709389455198,4.5,113.2503637978469,-6.964542480945946,-0.002876010121475826,0.03338474069320196,-0.002076078863320487,0.6585782666787185,114.0292920713246,0.03356943198975419
ATLAS (C/2025 N1),2464358.5,A.D. 2035-Jan-31 00:00:00.0000,12.5,-11.35722610909435,4.5,113.4840562898708,-6.979074995984064,-0.002876050877833677,0.03338454341805089,-0.002076068283609682,0.6599354291299554,114.2642774654233,0.03356925266512407
ATLAS (C/2025 N1),2464365.5,A.D. 2035-Feb-07 00:00:00.0000,12.5,-11.3773586049855,4.5,113.7177474149344,-6.993607436649107,-0.002876090799051609,0.03338435006541781,-0.002076057595642201,0.6612925844073293,114.4992616174061,0.03356907706038628
ATLAS (C/2025 N1),2464372.5,A.D. 2035-Feb-14 00:00:00.0000,12.5,-11.3974913812471,4.5,113.9514371984041,-7.008139801964812,-0.002876131112222333,0.03338415998219621,-0.002076046755579904,0.6626497326519692,114.7342445517088,0.03356890464693223
ATLAS (C/2025 N1),2464379.5,A.D. 2035-Feb-21 00:00:00.0000,12.5,-11.41762444275426,4.5,114.1851256607921,-7.02267209090158,-0.002876172361260207,0.03338397252239826,-0.002076035775801808,0.6640068739805272,114.969226288529,0.03356873483863289
ATLAS (C/2025 N1),2464386.5,A.D. 2035-Feb-28 00:00:00.0000,12.5,-11.4377577972466,4.5,114.4188128187239,-7.037204302530532,-0.00287621486986543,0.03338378721055762,-0.002076024669109987,0.6653640084890657,115.2042068444994,0.03356856719679355
ATLAS (C/2025 N1),2464393.5,A.D. 2035-Mar-07 00:00:00.0000,12.5,-11.45789145451196,4.5,114.6524986858237,-7.051736435985905,-0.002876258912393257,0.03338360364888301,-0.002076013440890766,0.6667211362576506,115.4391862334831,0.03356840135445831
ATLAS (C/2025 N1),2464400.5,A.D. 2035-Mar-14 00:00:00.0000,12.5,-11.47802542622071,4.5,114.8861832729713,-7.066268490421415,-0.002876304755306085,0.03338342144090291,-0.002076002091979297,0.6680782573517143,115.6741644668092,0.03356823694487226
ATLAS (C/2025 N1),2464407.5,A.D. 2035-Mar-21 00:00:00.0000,12.5,-11.49815972591457,4.5,115.1198665881026,-7.080800464993424,-0.002876352667484915,0.03338324013092562,-0.002075990623238754,0.6694353718208962,115.9091415530726,0.03356807354265803
ATLAS (C/2025 N1),2464414.5,A.D. 2035-Mar-28 00:00:00.0000,12.5,-11.51829436900393,4.5,115.3535486355097,-7.095332358888583,-0.00287640290714041,0.03338305911301324,-0.002075979044884472,0.6707924796950337,116.1441174974395,0.03356791057268025
